"Assembly";"ResourceSet";"Key";"English";"Portuguese";"Alerta";"Status"
"Analysis";"Epi.Windows.Analysis.Dialogs.AssignDialog";"$this.Text";"Assign";"Atribuir";"";""
"Analysis";"Epi.Windows.Analysis.Dialogs.AssignDialog";"aBSToolStripMenuItem.Text";"ABS (absolute value)";"ABS (valor absoluto)";"";""
"Analysis";"Epi.Windows.Analysis.Dialogs.AssignDialog";"aBSToolStripMenuItem.ToolTipText";"ABS( <variable> )";"ABS( <variable> )";"";"Revisado"
"Analysis";"Epi.Windows.Analysis.Dialogs.AssignDialog";"aNDToolStripMenuItem.Text";"AND";"AND";"";"Revisado"
"Analysis";"Epi.Windows.Analysis.Dialogs.AssignDialog";"aNDToolStripMenuItem.ToolTipText";"AND";"AND";"";"Revisado"
"Analysis";"Epi.Windows.Analysis.Dialogs.AssignDialog";"booleanToolStripMenuItem.Text";"Boolean Functions";"Funções booleanas";"";"Revisado"
"Analysis";"Epi.Windows.Analysis.Dialogs.AssignDialog";"btnAnd.Text";"AND";"AND";"";"Revisado"
"Analysis";"Epi.Windows.Analysis.Dialogs.AssignDialog";"btnCancel.Text";"Cancel";"Cancelar";"";""
"Analysis";"Epi.Windows.Analysis.Dialogs.AssignDialog";"btnClear.Text";"Clear";"Limpar";"";""
"Analysis";"Epi.Windows.Analysis.Dialogs.AssignDialog";"btnFunction.Text";"f(x)";"f(x)";"";""
"Analysis";"Epi.Windows.Analysis.Dialogs.AssignDialog";"btnFunctions.Text";"Functions";"Funções";"";""
"Analysis";"Epi.Windows.Analysis.Dialogs.AssignDialog";"btnHelp.Text";"Help";"Ajuda";"";""
"Analysis";"Epi.Windows.Analysis.Dialogs.AssignDialog";"btnMissing.Text";"""Missing""";"""Ausente""";"";"Revisado"
"Analysis";"Epi.Windows.Analysis.Dialogs.AssignDialog";"btnNo.Text";"""No""";"""Não""";"";""
"Analysis";"Epi.Windows.Analysis.Dialogs.AssignDialog";"btnOK.Text";"OK";"OK";"";"Revisado"
"Analysis";"Epi.Windows.Analysis.Dialogs.AssignDialog";"btnOr.Text";"OR";"OR";"";"Revisado"
"Analysis";"Epi.Windows.Analysis.Dialogs.AssignDialog";"btnSaveOnly.Text";"Save Only";"Somente salvar";"";"Revisado"
"Analysis";"Epi.Windows.Analysis.Dialogs.AssignDialog";"btnYes.Text";"""Yes""";"""Sim""";"";""
"Analysis";"Epi.Windows.Analysis.Dialogs.AssignDialog";"cOSToolStripMenuItem.Text";"COS";"COS";"";""
"Analysis";"Epi.Windows.Analysis.Dialogs.AssignDialog";"cOSToolStripMenuItem.ToolTipText";"COS( <variable> )";"COS( <variable> )";"";"Revisado"
"Analysis";"Epi.Windows.Analysis.Dialogs.AssignDialog";"currencyToolStripMenuItem.Text";"Currency";"Moeda";"";""
"Analysis";"Epi.Windows.Analysis.Dialogs.AssignDialog";"currencyToolStripMenuItem.ToolTipText";"FORMAT( <variable>, ""Currency"" )";"FORMAT( <variable>, ""Currency"" )";"";"Revisado"
"Analysis";"Epi.Windows.Analysis.Dialogs.AssignDialog";"cURRENTUSERToolStripMenuItem.Text";"CURRENTUSER";"CURRENTUSER";"";""
"Analysis";"Epi.Windows.Analysis.Dialogs.AssignDialog";"cURRENTUSERToolStripMenuItem.ToolTipText";"CURRENTUSER( )";"CURRENTUSER( )";"";""
"Analysis";"Epi.Windows.Analysis.Dialogs.AssignDialog";"dateFormatsToolStripMenuItem.Text";"Date Formats";"Formatos de data";"";"Revisado"
"Analysis";"Epi.Windows.Analysis.Dialogs.AssignDialog";"dateFunctionsToolStripMenuItem.Text";"Date Functions";"Funções de data";"";"Revisado"
"Analysis";"Epi.Windows.Analysis.Dialogs.AssignDialog";"dAYSToolStripMenuItem.Text";"DAYS";"DAYS";"";"Revisado"
"Analysis";"Epi.Windows.Analysis.Dialogs.AssignDialog";"dAYSToolStripMenuItem.ToolTipText";"DAYS( <start_date>, <end_date> )";"DAYS( <start_date>, <end_date> )";"";"Revisado"
"Analysis";"Epi.Windows.Analysis.Dialogs.AssignDialog";"dAYToolStripMenuItem.Text";"DAY";"DAY";"";"Revisado"
"Analysis";"Epi.Windows.Analysis.Dialogs.AssignDialog";"dAYToolStripMenuItem.ToolTipText";"DAY( <date_time> )";"DAY( <date_time> )";"";"Revisado"
"Analysis";"Epi.Windows.Analysis.Dialogs.AssignDialog";"eNVIRONToolStripMenuItem.Text";"ENVIRON";"ENVIRON";"";""
"Analysis";"Epi.Windows.Analysis.Dialogs.AssignDialog";"eNVIRONToolStripMenuItem.ToolTipText";"ENVIRON( <name_of_env_variable> )";"ENVIRON( <name_of_env_variable> )";"";"Revisado"
"Analysis";"Epi.Windows.Analysis.Dialogs.AssignDialog";"EPIWEEKToolStripMenuItem.Text";"EPIWEEK";"EPIWEEK";"";""
"Analysis";"Epi.Windows.Analysis.Dialogs.AssignDialog";"EPIWEEKToolStripMenuItem.ToolTipText";"EPIWEEK( <date_time>, <first_day_of_the_week> )";"EPIWEEK( <date_time>, <first_day_of_the_week> )";"";""
"Analysis";"Epi.Windows.Analysis.Dialogs.AssignDialog";"eXISTSToolStripMenuItem.Text";"EXISTS";"EXISTS";"";""
"Analysis";"Epi.Windows.Analysis.Dialogs.AssignDialog";"eXISTSToolStripMenuItem.ToolTipText";"EXISTS( <filename> )";"EXISTS( <filename> )";"";"Revisado"
"Analysis";"Epi.Windows.Analysis.Dialogs.AssignDialog";"eXPToolStripMenuItem.Text";"EXP";"EXP";"";""
"Analysis";"Epi.Windows.Analysis.Dialogs.AssignDialog";"eXPToolStripMenuItem.ToolTipText";"EXP( <variable> )";"EXP( <variable> )";"";"Revisado"
"Analysis";"Epi.Windows.Analysis.Dialogs.AssignDialog";"fILEDATEToolStripMenuItem.Text";"FILEDATE";"FILEDATE";"";""
"Analysis";"Epi.Windows.Analysis.Dialogs.AssignDialog";"fILEDATEToolStripMenuItem.ToolTipText";"FILEDATE( <filename> )";"FILEDATE( <filename> )";"";"Revisado"
"Analysis";"Epi.Windows.Analysis.Dialogs.AssignDialog";"fINDTEXTToolStripMenuItem.Text";"FINDTEXT";"FINDTEXT";"";""
"Analysis";"Epi.Windows.Analysis.Dialogs.AssignDialog";"fINDTEXTToolStripMenuItem.ToolTipText";"FINDTEXT( <letters_to_find>, <text_to_search> )";"FINDTEXT( <letters_to_find>, <text_to_search> )";"";"Revisado"
"Analysis";"Epi.Windows.Analysis.Dialogs.AssignDialog";"fixedToolStripMenuItem.Text";"Fixed";"Fixo";"";"Revisado"
"Analysis";"Epi.Windows.Analysis.Dialogs.AssignDialog";"fixedToolStripMenuItem.ToolTipText";"FORMAT( <variable>, ""Fixed"" )";"FORMAT( <variable>, ""Fixed"" )";"";"Revisado"
"Analysis";"Epi.Windows.Analysis.Dialogs.AssignDialog";"fORMATToolStripMenuItem.Text";"FORMAT";"FORMAT";"";""
"Analysis";"Epi.Windows.Analysis.Dialogs.AssignDialog";"fORMATToolStripMenuItem.ToolTipText";"FORMAT( <variable> )";"FORMAT( <variable> )";"";"Revisado"
"Analysis";"Epi.Windows.Analysis.Dialogs.AssignDialog";"generalDateToolStripMenuItem.Text";"General Date";"Data geral";"";"Revisado"
"Analysis";"Epi.Windows.Analysis.Dialogs.AssignDialog";"generalDateToolStripMenuItem.ToolTipText";"FORMAT( <variable>, ""General Date"" )";"FORMAT( <variable>, ""General Date"" )";"";"Revisado"
"Analysis";"Epi.Windows.Analysis.Dialogs.AssignDialog";"generalNumberToolStripMenuItem.Text";"General Number";"Número geral";"";"Revisado"
"Analysis";"Epi.Windows.Analysis.Dialogs.AssignDialog";"generalNumberToolStripMenuItem.ToolTipText";"FORMAT( <variable>, ""General Number"" )";"FORMAT( <variable>, ""General Number"" )";"";"Revisado"
"Analysis";"Epi.Windows.Analysis.Dialogs.AssignDialog";"groupBox1.Text";"";"Operadores";"";""
"Analysis";"Epi.Windows.Analysis.Dialogs.AssignDialog";"hOURSToolStripMenuItem.Text";"HOURS";"HOURS";"";"Revisado"
"Analysis";"Epi.Windows.Analysis.Dialogs.AssignDialog";"hOURSToolStripMenuItem.ToolTipText";"HOURS( <start_time>, <end_time> )";"HOURS( <start_time>, <end_time> )";"";"Revisado"
"Analysis";"Epi.Windows.Analysis.Dialogs.AssignDialog";"hOURToolStripMenuItem.Text";"HOUR";"HOUR";"";"Revisado"
"Analysis";"Epi.Windows.Analysis.Dialogs.AssignDialog";"hOURToolStripMenuItem.ToolTipText";"HOUR( <date_time> )";"HOUR( <date_time> )";"";"Revisado"
"Analysis";"Epi.Windows.Analysis.Dialogs.AssignDialog";"Label1.Text";"Assign Variable";"Atribuir variável";"";"Revisado"
"Analysis";"Epi.Windows.Analysis.Dialogs.AssignDialog";"Label2.Text";"= Expression";"= Expressão";"";"Revisado"
"Analysis";"Epi.Windows.Analysis.Dialogs.AssignDialog";"Label3.Text";"Available Variables";"Variáveis disponíveis";"";"Revisado"
"Analysis";"Epi.Windows.Analysis.Dialogs.AssignDialog";"lIKEToolStripMenuItem.Text";"LIKE";"LIKE";"";""
"Analysis";"Epi.Windows.Analysis.Dialogs.AssignDialog";"lIKEToolStripMenuItem.ToolTipText";"LIKE";"LIKE";"";""
"Analysis";"Epi.Windows.Analysis.Dialogs.AssignDialog";"lINEBREAKToolStripMenuItem.Text";"LINEBREAK";"LINEBREAK";"";""
"Analysis";"Epi.Windows.Analysis.Dialogs.AssignDialog";"lINEBREAKToolStripMenuItem.ToolTipText";"LINEBREAK( )";"LINEBREAK( )";"";""
"Analysis";"Epi.Windows.Analysis.Dialogs.AssignDialog";"lNToolStripMenuItem.Text";"LN (natural log)";"LN (logaritmo natural)";"";"Revisado"
"Analysis";"Epi.Windows.Analysis.Dialogs.AssignDialog";"lNToolStripMenuItem.ToolTipText";"LN( <variable> )";"LN( <variable> )";"";"Revisado"
"Analysis";"Epi.Windows.Analysis.Dialogs.AssignDialog";"lOGToolStripMenuItem.Text";"LOG (decimal log)";"LOG (logaritmo decimal)";"";"Revisado"
"Analysis";"Epi.Windows.Analysis.Dialogs.AssignDialog";"lOGToolStripMenuItem.ToolTipText";"LOG( <variable> )";"LOG( <variable> )";"";"Revisado"
"Analysis";"Epi.Windows.Analysis.Dialogs.AssignDialog";"longDateToolStripMenuItem.Text";"Long Date";"Data longa";"";"Revisado"
"Analysis";"Epi.Windows.Analysis.Dialogs.AssignDialog";"longDateToolStripMenuItem.ToolTipText";"FORMAT( <variable>, ""Long Date"")";"FORMAT( <variable>, ""Long Date"")";"";"Revisado"
"Analysis";"Epi.Windows.Analysis.Dialogs.AssignDialog";"longTimeToolStripMenuItem.Text";"Long Time";"Hora longa";"";"Revisado"
"Analysis";"Epi.Windows.Analysis.Dialogs.AssignDialog";"longTimeToolStripMenuItem.ToolTipText";"FORMAT( <variable>, ""Long Time"" )";"FORMAT( <variable>, ""Long Time"" )";"";"Revisado"
"Analysis";"Epi.Windows.Analysis.Dialogs.AssignDialog";"mediumDateToolStripMenuItem.Text";"Medium Date";"Data média";"";"Revisado"
"Analysis";"Epi.Windows.Analysis.Dialogs.AssignDialog";"mediumDateToolStripMenuItem.ToolTipText";"FORMAT( <variable>, ""Medium Date"" )";"FORMAT( <variable>, ""Medium Date"" )";"";"Revisado"
"Analysis";"Epi.Windows.Analysis.Dialogs.AssignDialog";"mediumTimeToolStripMenuItem.Text";"Medium Time";"Hora média";"";"Revisado"
"Analysis";"Epi.Windows.Analysis.Dialogs.AssignDialog";"mediumTimeToolStripMenuItem.ToolTipText";"FORMAT( <variable>, ""Medium Time"" )";"FORMAT( <variable>, ""Medium Time"" )";"";"Revisado"
"Analysis";"Epi.Windows.Analysis.Dialogs.AssignDialog";"mINUTESToolStripMenuItem.Text";"MINUTES";"MINUTES";"";"Revisado"
"Analysis";"Epi.Windows.Analysis.Dialogs.AssignDialog";"mINUTESToolStripMenuItem.ToolTipText";"MINUTES( <start_time>, <end_time> )";"MINUTES( <start_time>, <end_time> )";"";"Revisado"
"Analysis";"Epi.Windows.Analysis.Dialogs.AssignDialog";"mINUTEToolStripMenuItem.Text";"MINUTE";"MINUTE";"";"Revisado"
"Analysis";"Epi.Windows.Analysis.Dialogs.AssignDialog";"mINUTEToolStripMenuItem.ToolTipText";"MINUTE( <date_time> )";"MINUTE( <date_time> )";"";"Revisado"
"Analysis";"Epi.Windows.Analysis.Dialogs.AssignDialog";"mODToolStripMenuItem.Text";"MOD (modulus or remainder)";"MOD (módulo ou resto)";"";""
"Analysis";"Epi.Windows.Analysis.Dialogs.AssignDialog";"mODToolStripMenuItem.ToolTipText";"MOD";"MOD";"";""
"Analysis";"Epi.Windows.Analysis.Dialogs.AssignDialog";"mONTHSToolStripMenuItem.Text";"MONTHS";"MONTHS";"";"Revisado"
"Analysis";"Epi.Windows.Analysis.Dialogs.AssignDialog";"mONTHSToolStripMenuItem.ToolTipText";"MONTHS( <start_date>, <end_date> ) ";"MONTHS( <start_date>, <end_date> ) ";"";"Revisado"
"Analysis";"Epi.Windows.Analysis.Dialogs.AssignDialog";"mONTHToolStripMenuItem.Text";"MONTH";"MONTH";"";"Revisado"
"Analysis";"Epi.Windows.Analysis.Dialogs.AssignDialog";"mONTHToolStripMenuItem.ToolTipText";"MONTH( <date_time> )";"MONTH( <date_time> )";"";"Revisado"
"Analysis";"Epi.Windows.Analysis.Dialogs.AssignDialog";"nOTToolStripMenuItem.Text";"NOT";"NOT";"";"Revisado"
"Analysis";"Epi.Windows.Analysis.Dialogs.AssignDialog";"nOTToolStripMenuItem.ToolTipText";"NOT";"NOT";"";"Revisado"
"Analysis";"Epi.Windows.Analysis.Dialogs.AssignDialog";"numberFormatsToolStripMenuItem.Text";"Number Formats";"Formatos numéricos";"";"Revisado"
"Analysis";"Epi.Windows.Analysis.Dialogs.AssignDialog";"numericToolStripMenuItem.Text";"Numeric Functions";"Funções numéricas";"";"Revisado"
"Analysis";"Epi.Windows.Analysis.Dialogs.AssignDialog";"nUMTODATEToolStripMenuItem.Text";"NUMTODATE";"NUMTODATE";"";""
"Analysis";"Epi.Windows.Analysis.Dialogs.AssignDialog";"nUMTODATEToolStripMenuItem.ToolTipText";"NUMTODATE( <year>, <month>, <day> )";"NUMTODATE( <year>, <month>, <day> )";"";"Revisado"
"Analysis";"Epi.Windows.Analysis.Dialogs.AssignDialog";"nUMTOTIMEToolStripMenuItem.Text";"NUMTOTIME";"NUMTOTIME";"";""
"Analysis";"Epi.Windows.Analysis.Dialogs.AssignDialog";"nUMTOTIMEToolStripMenuItem.ToolTipText";"NUMTOTIME( <hour>, <minute>, <second> )";"NUMTOTIME( <hour>, <minute>, <second> )";"";"Revisado"
"Analysis";"Epi.Windows.Analysis.Dialogs.AssignDialog";"onOff01ToolStripMenuItem.Text";"On/Off  (0/1)";"On/Off (0/1)";"";""
"Analysis";"Epi.Windows.Analysis.Dialogs.AssignDialog";"onOff01ToolStripMenuItem.ToolTipText";"FORMAT( <variable>, ""On/Off"" )";"FORMAT( <variable>, ""On/Off"" )";"";"Revisado"
"Analysis";"Epi.Windows.Analysis.Dialogs.AssignDialog";"operatorsToolStripMenuItem.Text";"Operators";"Operadores";"";""
"Analysis";"Epi.Windows.Analysis.Dialogs.AssignDialog";"oRToolStripMenuItem.Text";"OR";"OR";"";"Revisado"
"Analysis";"Epi.Windows.Analysis.Dialogs.AssignDialog";"oRToolStripMenuItem.ToolTipText";"OR";"OR";"";"Revisado"
"Analysis";"Epi.Windows.Analysis.Dialogs.AssignDialog";"percentToolStripMenuItem.Text";"Percent";"Porcentagem";"";""
"Analysis";"Epi.Windows.Analysis.Dialogs.AssignDialog";"percentToolStripMenuItem.ToolTipText";"FORMAT( <variable>, ""Percent"" )";"FORMAT( <variable>, ""Percent"" )";"";"Revisado"
"Analysis";"Epi.Windows.Analysis.Dialogs.AssignDialog";"pFROMZToolStripMenuItem.Text";"";"PFROMZ";"";""
"Analysis";"Epi.Windows.Analysis.Dialogs.AssignDialog";"pFROMZToolStripMenuItem.ToolTipText";"";"PFROMZ( )";"";""
"Analysis";"Epi.Windows.Analysis.Dialogs.AssignDialog";"rECORDCOUNTToolStripMenuItem.Text";"RECORDCOUNT";"RECORDCOUNT";"";""
"Analysis";"Epi.Windows.Analysis.Dialogs.AssignDialog";"rECORDCOUNTToolStripMenuItem.ToolTipText";"RECORDCOUNT";"RECORDCOUNT";"";""
"Analysis";"Epi.Windows.Analysis.Dialogs.AssignDialog";"rNDToolStripMenuItem.Text";"RND (random)";"RND (aleatório)";"";"Revisado"
"Analysis";"Epi.Windows.Analysis.Dialogs.AssignDialog";"rNDToolStripMenuItem.ToolTipText";"RND( <min>, <max>, {<seed>} )";"RND( <min>, <max>, {<seed>} )";"";"Revisado"
"Analysis";"Epi.Windows.Analysis.Dialogs.AssignDialog";"rOUNDToolStripMenuItem.Text";"ROUND";"ROUND";"";""
"Analysis";"Epi.Windows.Analysis.Dialogs.AssignDialog";"rOUNDToolStripMenuItem.ToolTipText";"ROUND( <variable> )";"ROUND( <variable> )";"";"Revisado"
"Analysis";"Epi.Windows.Analysis.Dialogs.AssignDialog";"scientificToolStripMenuItem.Text";"Scientific";"Científica";"";""
"Analysis";"Epi.Windows.Analysis.Dialogs.AssignDialog";"scientificToolStripMenuItem.ToolTipText";"FORMAT( <variable>, ""Scientific"" )";"FORMAT( <variable>, ""Scientific"" )";"";"Revisado"
"Analysis";"Epi.Windows.Analysis.Dialogs.AssignDialog";"sECONDSToolStripMenuItem.Text";"SECONDS";"SECONDS";"";"Revisado"
"Analysis";"Epi.Windows.Analysis.Dialogs.AssignDialog";"sECONDSToolStripMenuItem.ToolTipText";"SECONDS( <start_time>, <end_time> )";"SECONDS( <start_time>, <end_time> )";"";"Revisado"
"Analysis";"Epi.Windows.Analysis.Dialogs.AssignDialog";"sECONDToolStripMenuItem.Text";"SECOND";"SECOND";"";"Revisado"
"Analysis";"Epi.Windows.Analysis.Dialogs.AssignDialog";"sECONDToolStripMenuItem.ToolTipText";"SECOND( <date_time> )";"SECOND( <date_time> )";"";"Revisado"
"Analysis";"Epi.Windows.Analysis.Dialogs.AssignDialog";"shortDateToolStripMenuItem.Text";"Short Date";"Data curta";"";"Revisado"
"Analysis";"Epi.Windows.Analysis.Dialogs.AssignDialog";"shortDateToolStripMenuItem.ToolTipText";"FORMAT( <variable>, ""Short Date"" )";"FORMAT( <variable>, ""Short Date"" )";"";"Revisado"
"Analysis";"Epi.Windows.Analysis.Dialogs.AssignDialog";"shortTimeToolStripMenuItem.Text";"Short Time";"Hora curta";"";"Revisado"
"Analysis";"Epi.Windows.Analysis.Dialogs.AssignDialog";"shortTimeToolStripMenuItem.ToolTipText";"FORMAT( <variable>, ""Short Time"" )";"FORMAT( <variable>, ""Short Time"" )";"";"Revisado"
"Analysis";"Epi.Windows.Analysis.Dialogs.AssignDialog";"sINToolStripMenuItem.Text";"SIN";"SIN";"";""
"Analysis";"Epi.Windows.Analysis.Dialogs.AssignDialog";"sINToolStripMenuItem.ToolTipText";"SIN( <variable> )";"SIN( <variable> )";"";"Revisado"
"Analysis";"Epi.Windows.Analysis.Dialogs.AssignDialog";"standardToolStripMenuItem.Text";"Standard";"Padrão";"";""
"Analysis";"Epi.Windows.Analysis.Dialogs.AssignDialog";"standardToolStripMenuItem.ToolTipText";"FORMAT( <variable>, ""Standard"" )";"FORMAT( <variable>, ""Standard"" )";"";"Revisado"
"Analysis";"Epi.Windows.Analysis.Dialogs.AssignDialog";"sTEPToolStripMenuItem.Text";"STEP";"STEP";"";""
"Analysis";"Epi.Windows.Analysis.Dialogs.AssignDialog";"sTEPToolStripMenuItem.ToolTipText";"STEP( <variable>, <variable> )";"STEP( <variable>, <variable> )";"";"Revisado"
"Analysis";"Epi.Windows.Analysis.Dialogs.AssignDialog";"sTRLENToolStripMenuItem.Text";"STRLEN";"STRLEN";"";""
"Analysis";"Epi.Windows.Analysis.Dialogs.AssignDialog";"sTRLENToolStripMenuItem.ToolTipText";"STRLEN( <variable> )";"STRLEN( <variable> )";"";"Revisado"
"Analysis";"Epi.Windows.Analysis.Dialogs.AssignDialog";"sUBSTRINGToolStripMenuItem.Text";"SUBSTRING";"SUBSTRING";"";""
"Analysis";"Epi.Windows.Analysis.Dialogs.AssignDialog";"sUBSTRINGToolStripMenuItem.ToolTipText";"SUBSTRING( <variable>, {<first>}, {<length>} )";"SUBSTRING( <variable>, {<first>}, {<length>} )";"";"Revisado"
"Analysis";"Epi.Windows.Analysis.Dialogs.AssignDialog";"sYSTEMDATEToolStripMenuItem.Text";"SYSTEMDATE";"SYSTEMDATE";"";""
"Analysis";"Epi.Windows.Analysis.Dialogs.AssignDialog";"sYSTEMDATEToolStripMenuItem.ToolTipText";"SYSTEMDATE";"SYSTEMDATE";"";""
"Analysis";"Epi.Windows.Analysis.Dialogs.AssignDialog";"systemFunctionsToolStripMenuItem.Text";"System Functions";"Funções do sistema";"";"Revisado"
"Analysis";"Epi.Windows.Analysis.Dialogs.AssignDialog";"sYSTEMTIMEToolStripMenuItem.Text";"SYSTEMTIME";"SYSTEMTIME";"";""
"Analysis";"Epi.Windows.Analysis.Dialogs.AssignDialog";"sYSTEMTIMEToolStripMenuItem.ToolTipText";"SYSTEMTIME";"SYSTEMTIME";"";""
"Analysis";"Epi.Windows.Analysis.Dialogs.AssignDialog";"tANToolStripMenuItem.Text";"TAN";"TAN";"";""
"Analysis";"Epi.Windows.Analysis.Dialogs.AssignDialog";"tANToolStripMenuItem.ToolTipText";"TAN( <variable> )";"TAN( <variable> )";"";"Revisado"
"Analysis";"Epi.Windows.Analysis.Dialogs.AssignDialog";"textFunctionsToolStripMenuItem.Text";"Text Functions";"Funções de texto";"";"Revisado"
"Analysis";"Epi.Windows.Analysis.Dialogs.AssignDialog";"timeFunctionsToolStripMenuItem.Text";"Time Functions";"Funções de hora";"";"Revisado"
"Analysis";"Epi.Windows.Analysis.Dialogs.AssignDialog";"toolStrip3.Text";"";"toolStrip3";"";""
"Analysis";"Epi.Windows.Analysis.Dialogs.AssignDialog";"toolStrip4.Text";"";"toolStrip4";"";""
"Analysis";"Epi.Windows.Analysis.Dialogs.AssignDialog";"toolStripMenuItem2.Text";"^  (exponentiation)";"^ (exponenciação)";"";""
"Analysis";"Epi.Windows.Analysis.Dialogs.AssignDialog";"toolStripMenuItem3.Text";">  (greater than)";"> (maior que)";"";""
"Analysis";"Epi.Windows.Analysis.Dialogs.AssignDialog";"toolStripMenuItem4.Text";">=   (greater than or equal)";">= (maior ou igual)";"";""
"Analysis";"Epi.Windows.Analysis.Dialogs.AssignDialog";"toolStripMenuItem5.Text";"=  (equal)";"=  (igual)";"";"Revisado"
"Analysis";"Epi.Windows.Analysis.Dialogs.AssignDialog";"toolStripMenuItem6.Text";"<> (less than or greater than; not equal)";"<> (diferente de)";"";""
"Analysis";"Epi.Windows.Analysis.Dialogs.AssignDialog";"toolStripMenuItem7.Text";"<  (less than)";"< (menor que)";"";""
"Analysis";"Epi.Windows.Analysis.Dialogs.AssignDialog";"toolStripMenuItem8.Text";"<= (less than or equal)";"<= (menor ou igual)";"";"Revisado"
"Analysis";"Epi.Windows.Analysis.Dialogs.AssignDialog";"trueFalseToolStripMenuItem.Text";"True/False";"Verdadeiro/Falso";"";""
"Analysis";"Epi.Windows.Analysis.Dialogs.AssignDialog";"trueFalseToolStripMenuItem.ToolTipText";"FORMAT( <variable>, ""True/False"" )";"FORMAT( <variable>, ""True/False"" )";"";"Revisado"
"Analysis";"Epi.Windows.Analysis.Dialogs.AssignDialog";"tRUNCToolStripMenuItem.Text";"TRUNC (truncate)";"TRUNC (truncar)";"";""
"Analysis";"Epi.Windows.Analysis.Dialogs.AssignDialog";"tRUNCToolStripMenuItem.ToolTipText";"TRUNC( <variable> )";"TRUNC( <variable> )";"";"Revisado"
"Analysis";"Epi.Windows.Analysis.Dialogs.AssignDialog";"tXTTODATEToolStripMenuItem.Text";"TXTTODATE";"TXTTODATE";"";""
"Analysis";"Epi.Windows.Analysis.Dialogs.AssignDialog";"tXTTODATEToolStripMenuItem.ToolTipText";"TXTTODATE( <variable> )";"TXTTODATE( <variable> )";"";"Revisado"
"Analysis";"Epi.Windows.Analysis.Dialogs.AssignDialog";"tXTTONUMToolStripMenuItem.Text";"TXTTONUM";"TXTTONUM";"";""
"Analysis";"Epi.Windows.Analysis.Dialogs.AssignDialog";"tXTTONUMToolStripMenuItem.ToolTipText";"TXTTONUM( <variable> )";"TXTTONUM( <variable> )";"";"Revisado"
"Analysis";"Epi.Windows.Analysis.Dialogs.AssignDialog";"uPPERCASEToolStripMenuItem.Text";"UPPERCASE";"UPPERCASE";"";""
"Analysis";"Epi.Windows.Analysis.Dialogs.AssignDialog";"uPPERCASEToolStripMenuItem.ToolTipText";"UPPERCASE( <variable> )";"UPPERCASE( <variable> )";"";"Revisado"
"Analysis";"Epi.Windows.Analysis.Dialogs.AssignDialog";"xORToolStripMenuItem.Text";"XOR (exclusive OR)";"XOR (OU exclusivo)";"";""
"Analysis";"Epi.Windows.Analysis.Dialogs.AssignDialog";"xORToolStripMenuItem.ToolTipText";"XOR";"XOR";"";""
"Analysis";"Epi.Windows.Analysis.Dialogs.AssignDialog";"yEARSToolStripMenuItem.Text";"YEARS";"YEARS";"";"Revisado"
"Analysis";"Epi.Windows.Analysis.Dialogs.AssignDialog";"yEARSToolStripMenuItem.ToolTipText";"YEARS( <start_date>, <end_date> )";"YEARS( <start_date>, <end_date> )";"";"Revisado"
"Analysis";"Epi.Windows.Analysis.Dialogs.AssignDialog";"yEARToolStripMenuItem.Text";"YEAR";"YEAR";"";"Revisado"
"Analysis";"Epi.Windows.Analysis.Dialogs.AssignDialog";"yEARToolStripMenuItem.ToolTipText";"YEAR( <date_time> )";"YEAR( <date_time> )";"";"Revisado"
"Analysis";"Epi.Windows.Analysis.Dialogs.AssignDialog";"yesNoToolStripMenuItem.Text";"Yes/No";"Sim/Não";"";""
"Analysis";"Epi.Windows.Analysis.Dialogs.AssignDialog";"yesNoToolStripMenuItem.ToolTipText";"FORMAT( <variable>, ""Yes/No"" )";"FORMAT( <variable>, ""Yes/No"" )";"";"Revisado"
"Analysis";"Epi.Windows.Analysis.Dialogs.AssignDialog";"zSCOREToolStripMenuItem.Text";"";"ZSCORE";"";""
"Analysis";"Epi.Windows.Analysis.Dialogs.AssignDialog";"zSCOREToolStripMenuItem.ToolTipText";"";"ZSCORE( , , , , )";"";""
"Analysis";"Epi.Windows.Analysis.Dialogs.BeepDialog";"$this.Text";"Beep";"Beep";"";"Revisado"
"Analysis";"Epi.Windows.Analysis.Dialogs.BeepDialog";"btnCancel.Text";"Cancel";"Cancelar";"";""
"Analysis";"Epi.Windows.Analysis.Dialogs.BeepDialog";"btnHelp.Text";"&Help";"&Ajuda";"";"Revisado"
"Analysis";"Epi.Windows.Analysis.Dialogs.BeepDialog";"btnOK.Text";"OK";"OK";"";"Revisado"
"Analysis";"Epi.Windows.Analysis.Dialogs.BeepDialog";"btnSaveOnly.Text";"&Save Only";"&Somente salvar";"";"Revisado"
"Analysis";"Epi.Windows.Analysis.Dialogs.BeepDialog";"lblNoOptions.Text";"There are no options for this command";"Não existem opções para este comando";"";""
"Analysis";"Epi.Windows.Analysis.Dialogs.BookmarkDialog";"$this.Text";"Bookmark";"Marcador";"";"Revisado"
"Analysis";"Epi.Windows.Analysis.Dialogs.BookmarkDialog";"btnCancel.Text";"Cancel";"Cancelar";"";""
"Analysis";"Epi.Windows.Analysis.Dialogs.BookmarkDialog";"btnOK.Text";"OK";"OK";"";"Revisado"
"Analysis";"Epi.Windows.Analysis.Dialogs.BookmarkDialog";"lblBookmark.Text";"Enter identification for bookmark. Use History to open bookmark.";"Digite uma identificação para o marcador. Use o Histórico para abrir marcadores.";"";"Revisado"
"Analysis";"Epi.Windows.Analysis.Dialogs.BuildKeyDialog";"label3.Text";"";"Ao relacionar formulários em um projeto do Epi Info 7 configurado como banco de dados relacional, selecione o
GlobalRecordId do formulário pai na lista Variáveis de dados atuais.
Depois, selecione a chave estrangeira [FKEY] do formulário filho na lista Variáveis da tabela relacionada";"";"Revisado"
"Analysis";"Epi.Windows.Analysis.Dialogs.CancelSelect";"$this.Text";"Cancel Select";"Cancelar seleção";"";"Revisado"
"Analysis";"Epi.Windows.Analysis.Dialogs.CancelSelect";"btnCancel.Text";"Cancel";"Cancelar";"";""
"Analysis";"Epi.Windows.Analysis.Dialogs.CancelSelect";"btnHelp.Text";"&Help";"&Ajuda";"";"Revisado"
"Analysis";"Epi.Windows.Analysis.Dialogs.CancelSelect";"btnOK.Text";"OK";"OK";"";"Revisado"
"Analysis";"Epi.Windows.Analysis.Dialogs.CancelSelect";"btnSaveOnly.Text";"&Save Only";"&Somente salvar";"";"Revisado"
"Analysis";"Epi.Windows.Analysis.Dialogs.CancelSelect";"label1.Text";"Stop using current select criteria";"Parar de usar os critérios de seleção atuais";"";"Revisado"
"Analysis";"Epi.Windows.Analysis.Dialogs.CancelSort";"$this.Text";"Cancel Sort";"Cancelar ordenação";"";"Revisado"
"Analysis";"Epi.Windows.Analysis.Dialogs.CancelSort";"btnCancel.Text";"Cancel";"Cancelar";"";""
"Analysis";"Epi.Windows.Analysis.Dialogs.CancelSort";"btnHelp.Text";"&Help";"&Ajuda";"";"Revisado"
"Analysis";"Epi.Windows.Analysis.Dialogs.CancelSort";"btnOK.Text";"OK";"OK";"";"Revisado"
"Analysis";"Epi.Windows.Analysis.Dialogs.CancelSort";"btnSaveOnly.Text";"&Save Only";"&Somente salvar";"";"Revisado"
"Analysis";"Epi.Windows.Analysis.Dialogs.CancelSort";"label1.Text";"Stop using current sort variables";"Parar de usar as variáveis de ordenação atuais";"";"Revisado"
"Analysis";"Epi.Windows.Analysis.Dialogs.CloseoutDialog";"$this.Text";"Close Output";"Fechar saída";"";"Revisado"
"Analysis";"Epi.Windows.Analysis.Dialogs.CloseoutDialog";"btnCancel.Text";"Cancel";"Cancelar";"";""
"Analysis";"Epi.Windows.Analysis.Dialogs.CloseoutDialog";"btnHelp.Text";"&Help";"&Ajuda";"";"Revisado"
"Analysis";"Epi.Windows.Analysis.Dialogs.CloseoutDialog";"btnOK.Text";"OK";"OK";"";"Revisado"
"Analysis";"Epi.Windows.Analysis.Dialogs.CloseoutDialog";"btnSaveOnly.Text";"&Save Only";"&Somente salvar";"";"Revisado"
"Analysis";"Epi.Windows.Analysis.Dialogs.CloseoutDialog";"lblStoprouting.Text";"Stop routing output to the designated file.";"Parar de direcionar a saída para o arquivo designado.";"";"Revisado"
"Analysis";"Epi.Windows.Analysis.Dialogs.ComplexSampleFrequencyDialog";"$this.Text";"Complex Sample Frequencies";"Frequências de amostras complexas";"";"Revisado"
"Analysis";"Epi.Windows.Analysis.Dialogs.ComplexSampleFrequencyDialog";"btnCancel.Text";"Cancel";"Cancelar";"";""
"Analysis";"Epi.Windows.Analysis.Dialogs.ComplexSampleFrequencyDialog";"btnClear.Text";"C&lear";"L&impar";"";"Revisado"
"Analysis";"Epi.Windows.Analysis.Dialogs.ComplexSampleFrequencyDialog";"btnHelp.Text";"&Help";"&Ajuda";"";"Revisado"
"Analysis";"Epi.Windows.Analysis.Dialogs.ComplexSampleFrequencyDialog";"btnOK.Text";"OK";"OK";"";"Revisado"
"Analysis";"Epi.Windows.Analysis.Dialogs.ComplexSampleFrequencyDialog";"btnSaveOnly.Text";"&Save Only";"&Somente salvar";"";"Revisado"
"Analysis";"Epi.Windows.Analysis.Dialogs.ComplexSampleFrequencyDialog";"btnSettings.Text";"Settings";"Configurações";"";"Revisado"
"Analysis";"Epi.Windows.Analysis.Dialogs.ComplexSampleFrequencyDialog";"cbxAllExcept.Text";"&All (*) Except";"&Todos (*) exceto";"";"Revisado"
"Analysis";"Epi.Windows.Analysis.Dialogs.ComplexSampleFrequencyDialog";"lblFreqOf.Text";"&Frequency of";"Fre&quência de";"";"Revisado"
"Analysis";"Epi.Windows.Analysis.Dialogs.ComplexSampleFrequencyDialog";"lblOutput.Text";"O&utput to Table";"Saída pa&ra a tabela";"";"Revisado"
"Analysis";"Epi.Windows.Analysis.Dialogs.ComplexSampleFrequencyDialog";"lblPSU.Text";"&Primary Sampling Unit";"&Unidade primária de amostragem";"";"Revisado"
"Analysis";"Epi.Windows.Analysis.Dialogs.ComplexSampleFrequencyDialog";"lblStratifyBy.Text";"St&ratify by";"&Estratificar por";"";"Revisado"
"Analysis";"Epi.Windows.Analysis.Dialogs.ComplexSampleFrequencyDialog";"lblWeight.Text";"&Weight";"&Peso";"";"Revisado"
"Analysis";"Epi.Windows.Analysis.Dialogs.ComplexSampleMeansDialog";"$this.Text";"Complex Sample Means";"Médias de amostras complexas";"";"Revisado"
"Analysis";"Epi.Windows.Analysis.Dialogs.ComplexSampleMeansDialog";"btnCancel.Text";"Cancel";"Cancelar";"";""
"Analysis";"Epi.Windows.Analysis.Dialogs.ComplexSampleMeansDialog";"btnClear.Text";"C&lear";"L&impar";"";"Revisado"
"Analysis";"Epi.Windows.Analysis.Dialogs.ComplexSampleMeansDialog";"btnHelp.Text";"&Help";"&Ajuda";"";"Revisado"
"Analysis";"Epi.Windows.Analysis.Dialogs.ComplexSampleMeansDialog";"btnOK.Text";"OK";"OK";"";"Revisado"
"Analysis";"Epi.Windows.Analysis.Dialogs.ComplexSampleMeansDialog";"btnSaveOnly.Text";"&Save Only";"&Somente salvar";"";"Revisado"
"Analysis";"Epi.Windows.Analysis.Dialogs.ComplexSampleMeansDialog";"btnSettings.Text";"Settings";"Configurações";"";"Revisado"
"Analysis";"Epi.Windows.Analysis.Dialogs.ComplexSampleMeansDialog";"cbxNoLineWrap.Text";"      &No Line Wrap";"      &Não quebrar linhas";"";"Revisado"
"Analysis";"Epi.Windows.Analysis.Dialogs.ComplexSampleMeansDialog";"gbxPageSettings.Text";"Optional Page Settings";"Configurações opcionais da página";"";"Revisado"
"Analysis";"Epi.Windows.Analysis.Dialogs.ComplexSampleMeansDialog";"label1.Text";"Colum&ns Per Page";"&Colunas por página";"";"Revisado"
"Analysis";"Epi.Windows.Analysis.Dialogs.ComplexSampleMeansDialog";"lblCrossTabulate.Text";"Cross-tabulate by &Value of";"Tabulação cruzada por &valor de";"";"Revisado"
"Analysis";"Epi.Windows.Analysis.Dialogs.ComplexSampleMeansDialog";"lblMeansOf.Text";"Mea&ns of";"&Médias de";"";"Revisado"
"Analysis";"Epi.Windows.Analysis.Dialogs.ComplexSampleMeansDialog";"lblOutput.Text";"O&utput to Table";"Saída pa&ra a tabela";"";"Revisado"
"Analysis";"Epi.Windows.Analysis.Dialogs.ComplexSampleMeansDialog";"lblPSU.Text";"&Primary Sampling Unit";"&Unidade primária de amostragem";"";"Revisado"
"Analysis";"Epi.Windows.Analysis.Dialogs.ComplexSampleMeansDialog";"lblStratifyBy.Text";"St&ratify by";"&Estratificar por";"";"Revisado"
"Analysis";"Epi.Windows.Analysis.Dialogs.ComplexSampleMeansDialog";"lblWeight.Text";"&Weight";"&Peso";"";"Revisado"
"Analysis";"Epi.Windows.Analysis.Dialogs.ComplexSampleTablesDialog";"$this.Text";"Complex Sample Tables";"Tabelas de amostras complexas";"";"Revisado"
"Analysis";"Epi.Windows.Analysis.Dialogs.ComplexSampleTablesDialog";"btnCancel.Text";"Cancel";"Cancelar";"";""
"Analysis";"Epi.Windows.Analysis.Dialogs.ComplexSampleTablesDialog";"btnClear.Text";"C&lear";"L&impar";"";"Revisado"
"Analysis";"Epi.Windows.Analysis.Dialogs.ComplexSampleTablesDialog";"btnHelp.Text";"&Help";"&Ajuda";"";"Revisado"
"Analysis";"Epi.Windows.Analysis.Dialogs.ComplexSampleTablesDialog";"btnOK.Text";"OK";"OK";"";"Revisado"
"Analysis";"Epi.Windows.Analysis.Dialogs.ComplexSampleTablesDialog";"btnSaveOnly.Text";"&Save Only";"&Somente salvar";"";"Revisado"
"Analysis";"Epi.Windows.Analysis.Dialogs.ComplexSampleTablesDialog";"cbxMatch.Text";"Matched Anal&ysis";"Análise &pareada";"";"Revisado"
"Analysis";"Epi.Windows.Analysis.Dialogs.ComplexSampleTablesDialog";"cbxNoLineWrap.Text";"&No Line Wrap";"&Não quebrar linhas";"";"Revisado"
"Analysis";"Epi.Windows.Analysis.Dialogs.ComplexSampleTablesDialog";"gbxPageSettings.Text";"Optional Page Settings";"Configurações opcionais da página";"";"Revisado"
"Analysis";"Epi.Windows.Analysis.Dialogs.ComplexSampleTablesDialog";"label1.Text";"Colum&ns Per Page";"&Colunas por página";"";"Revisado"
"Analysis";"Epi.Windows.Analysis.Dialogs.ComplexSampleTablesDialog";"lblExposure.Text";"E&xposure Variable";"Variável de e&xposição";"";"Revisado"
"Analysis";"Epi.Windows.Analysis.Dialogs.ComplexSampleTablesDialog";"lblOutcomeVar.Text";"Ou&tcome Variable";"Variável de &desfecho";"";"Revisado"
"Analysis";"Epi.Windows.Analysis.Dialogs.ComplexSampleTablesDialog";"lblOutput.Text";"O&utput to Table";"Saída pa&ra a tabela";"";"Revisado"
"Analysis";"Epi.Windows.Analysis.Dialogs.ComplexSampleTablesDialog";"lblPSU.Text";"&Primary Sampling Unit";"&Unidade primária de amostragem";"";"Revisado"
"Analysis";"Epi.Windows.Analysis.Dialogs.ComplexSampleTablesDialog";"lblStratifyBy.Text";"St&ratify by";"&Estratificar por";"";"Revisado"
"Analysis";"Epi.Windows.Analysis.Dialogs.ComplexSampleTablesDialog";"lblWeight.Text";"&Weight";"Pes&o";"";"Revisado"
"Analysis";"Epi.Windows.Analysis.Dialogs.CoxPHGraphOptionsDialog";"$this.Text";"Graph Options";"Opções de gráfico";"";"Revisado"
"Analysis";"Epi.Windows.Analysis.Dialogs.CoxPHGraphOptionsDialog";"btnCancel.Text";"Cancel";"Cancelar";"";""
"Analysis";"Epi.Windows.Analysis.Dialogs.CoxPHGraphOptionsDialog";"btnClear.Text";"C&lear";"L&impar";"";"Revisado"
"Analysis";"Epi.Windows.Analysis.Dialogs.CoxPHGraphOptionsDialog";"btnHelp.Text";"&Help";"&Ajuda";"";"Revisado"
"Analysis";"Epi.Windows.Analysis.Dialogs.CoxPHGraphOptionsDialog";"btnOK.Text";"OK";"OK";"";"Revisado"
"Analysis";"Epi.Windows.Analysis.Dialogs.CoxPHGraphOptionsDialog";"chkCustomGraph.Text";"Customize Graph";"Personalizar gráfico";"";"Revisado"
"Analysis";"Epi.Windows.Analysis.Dialogs.CoxPHGraphOptionsDialog";"grpGraphOpts.Text";"Graph Options";"Opções de gráfico";"";"Revisado"
"Analysis";"Epi.Windows.Analysis.Dialogs.CoxPHGraphOptionsDialog";"lblPlotVariables.Text";"Graph Type";"Tipo de gráfico";"";"Revisado"
"Analysis";"Epi.Windows.Analysis.Dialogs.CoxProportionalHazardsDialog";"$this.Text";"Cox Proportional Hazards";"Riscos proporcionais de Cox";"";"Revisado"
"Analysis";"Epi.Windows.Analysis.Dialogs.CoxProportionalHazardsDialog";"btnCancel.Text";"Cancel";"Cancelar";"";""
"Analysis";"Epi.Windows.Analysis.Dialogs.CoxProportionalHazardsDialog";"btnClear.Text";"C&lear";"L&impar";"";"Revisado"
"Analysis";"Epi.Windows.Analysis.Dialogs.CoxProportionalHazardsDialog";"btnHelp.Text";"&Help";"&Ajuda";"";"Revisado"
"Analysis";"Epi.Windows.Analysis.Dialogs.CoxProportionalHazardsDialog";"btnMakeExtended.Text";"Make E&xtended Term";"Criar &termo estendido";"";"Revisado"
"Analysis";"Epi.Windows.Analysis.Dialogs.CoxProportionalHazardsDialog";"btnModifyTerm.Text";"Make Dummy";"Criar dummy";"";"Revisado"
"Analysis";"Epi.Windows.Analysis.Dialogs.CoxProportionalHazardsDialog";"btnOK.Text";"OK";"OK";"";"Revisado"
"Analysis";"Epi.Windows.Analysis.Dialogs.CoxProportionalHazardsDialog";"btnOptions.Text";"Options";"Opções";"";""
"Analysis";"Epi.Windows.Analysis.Dialogs.CoxProportionalHazardsDialog";"btnSaveOnly.Text";"&Save Only";"&Somente salvar";"";"Revisado"
"Analysis";"Epi.Windows.Analysis.Dialogs.CoxProportionalHazardsDialog";"lblCensoredVar.Text";"Ce&nsored Variable";"Variável de &censura";"";"Revisado"
"Analysis";"Epi.Windows.Analysis.Dialogs.CoxProportionalHazardsDialog";"lblConfLimits.Text";"Con&fidence Limits";"Limites de con&fiança";"";"Revisado"
"Analysis";"Epi.Windows.Analysis.Dialogs.CoxProportionalHazardsDialog";"lblDummyVar.Text";"( ) = Dummy variable";"( ) = Variável dummy";"";"Revisado"
"Analysis";"Epi.Windows.Analysis.Dialogs.CoxProportionalHazardsDialog";"lblExtendedTerms.Text";"Extended Terms";"Termos estendidos";"";"Revisado"
"Analysis";"Epi.Windows.Analysis.Dialogs.CoxProportionalHazardsDialog";"lblGroupVar.Text";"Test &Group Variable";"Variável de &grupo do teste";"";"Revisado"
"Analysis";"Epi.Windows.Analysis.Dialogs.CoxProportionalHazardsDialog";"lblInteractionTerms.Text";"&Interaction Terms";"Termos de i&nteração";"";"Revisado"
"Analysis";"Epi.Windows.Analysis.Dialogs.CoxProportionalHazardsDialog";"lblOther.Text";"Predictor &Variables";"Variáveis &preditoras";"";"Revisado"
"Analysis";"Epi.Windows.Analysis.Dialogs.CoxProportionalHazardsDialog";"lblOutput.Text";"O&utput to Table";"Saída pa&ra a tabela";"";"Revisado"
"Analysis";"Epi.Windows.Analysis.Dialogs.CoxProportionalHazardsDialog";"lblStrataVars.Text";"Stratified-By Variables";"Variáveis de estratificação";"";"Revisado"
"Analysis";"Epi.Windows.Analysis.Dialogs.CoxProportionalHazardsDialog";"lblTimeUnit.Text";"Time Unit";"Unidade de tempo";"";"Revisado"
"Analysis";"Epi.Windows.Analysis.Dialogs.CoxProportionalHazardsDialog";"lblTimeVar.Text";"Ti&me Variable";"Variável de te&mpo";"";"Revisado"
"Analysis";"Epi.Windows.Analysis.Dialogs.CoxProportionalHazardsDialog";"lblUncensoredValue.Text";"Value for Uncensored";"Valor para não censurados";"";"Revisado"
"Analysis";"Epi.Windows.Analysis.Dialogs.CoxProportionalHazardsDialog";"lblWeight.Text";"&Weight";"Pes&o";"";"Revisado"
"Analysis";"Epi.Windows.Analysis.Dialogs.CreateNewDSNDialog";"$this.Text";"CreateNewDSNDialog";"Criar novo DSN";"";"Revisado"
"Analysis";"Epi.Windows.Analysis.Dialogs.DefineGroupDialog";"$this.Text";"Define Group";"Definir Grupo";"";""
"Analysis";"Epi.Windows.Analysis.Dialogs.DefineGroupDialog";"btnCancel.Text";"Cancel";"Cancelar";"";""
"Analysis";"Epi.Windows.Analysis.Dialogs.DefineGroupDialog";"btnClear.Text";"C&lear";"L&impar";"";"Revisado"
"Analysis";"Epi.Windows.Analysis.Dialogs.DefineGroupDialog";"btnHelp.Text";"&Help";"&Ajuda";"";"Revisado"
"Analysis";"Epi.Windows.Analysis.Dialogs.DefineGroupDialog";"btnOK.Text";"OK";"OK";"";"Revisado"
"Analysis";"Epi.Windows.Analysis.Dialogs.DefineGroupDialog";"btnSaveOnly.Text";"&Save Only";"&Somente salvar";"";"Revisado"
"Analysis";"Epi.Windows.Analysis.Dialogs.DefineGroupDialog";"lblGroupVar.Text";"&Group Variable";"Variável de &grupo";"";"Revisado"
"Analysis";"Epi.Windows.Analysis.Dialogs.DefineGroupDialog";"lblVariables.Text";"&Variables";"&Variáveis";"";"Revisado"
"Analysis";"Epi.Windows.Analysis.Dialogs.DefineVariableDialog";"$this.Text";"Define Variable";"Definir Variável";"";""
"Analysis";"Epi.Windows.Analysis.Dialogs.DefineVariableDialog";"btnCancel.Text";"Cancel";"Cancelar";"";""
"Analysis";"Epi.Windows.Analysis.Dialogs.DefineVariableDialog";"btnClear.Text";"C&lear";"L&impar";"";"Revisado"
"Analysis";"Epi.Windows.Analysis.Dialogs.DefineVariableDialog";"btnHelp.Text";"&Help";"&Ajuda";"";"Revisado"
"Analysis";"Epi.Windows.Analysis.Dialogs.DefineVariableDialog";"btnOK.Text";"OK";"OK";"";"Revisado"
"Analysis";"Epi.Windows.Analysis.Dialogs.DefineVariableDialog";"btnSaveOnly.Text";"&Save Only";"&Somente salvar";"";"Revisado"
"Analysis";"Epi.Windows.Analysis.Dialogs.DefineVariableDialog";"gbxScope.Text";"Scope";"Escopo";"";"Revisado"
"Analysis";"Epi.Windows.Analysis.Dialogs.DefineVariableDialog";"groupBox1.Text";"Optional Settings";"Configurações opcionais";"";"Revisado"
"Analysis";"Epi.Windows.Analysis.Dialogs.DefineVariableDialog";"lblDLLObjectDef.Text";"DLL Object Definition";"Definição do objeto DLL";"";"Revisado"
"Analysis";"Epi.Windows.Analysis.Dialogs.DefineVariableDialog";"lblVarName.Text";"&Variable Name";"&Nome da variável";"";"Revisado"
"Analysis";"Epi.Windows.Analysis.Dialogs.DefineVariableDialog";"lblVarNameErr.Text";"Variable name error messages...";"Mensagens de erro do nome da variável…";"";""
"Analysis";"Epi.Windows.Analysis.Dialogs.DefineVariableDialog";"lblVarType.Text";"Variable &Type";"&Tipo de variável";"";"Revisado"
"Analysis";"Epi.Windows.Analysis.Dialogs.DefineVariableDialog";"rdbGlobal.Text";"&Global";"&Global";"";"Revisado"
"Analysis";"Epi.Windows.Analysis.Dialogs.DefineVariableDialog";"rdbPermanent.Text";"&Permanent";"&Permanente";"";"Revisado"
"Analysis";"Epi.Windows.Analysis.Dialogs.DefineVariableDialog";"rdbStandard.Text";"S&tandard";"Pa&drão";"";"Revisado"
"Analysis";"Epi.Windows.Analysis.Dialogs.DeleteFileTableDialog";"$this.Text";"Delete";"Excluir";"";"Revisado"
"Analysis";"Epi.Windows.Analysis.Dialogs.DeleteFileTableDialog";"btnCancel.Text";"Cancel";"Cancelar";"";""
"Analysis";"Epi.Windows.Analysis.Dialogs.DeleteFileTableDialog";"btnClear.Text";"C&lear";"L&impar";"";"Revisado"
"Analysis";"Epi.Windows.Analysis.Dialogs.DeleteFileTableDialog";"btnEllipse.Text";"Browse";"Procurar…";"PONTUACAO";"Revisado"
"Analysis";"Epi.Windows.Analysis.Dialogs.DeleteFileTableDialog";"btnHelp.Text";"&Help";"&Ajuda";"";"Revisado"
"Analysis";"Epi.Windows.Analysis.Dialogs.DeleteFileTableDialog";"btnOK.Text";"OK";"OK";"";"Revisado"
"Analysis";"Epi.Windows.Analysis.Dialogs.DeleteFileTableDialog";"btnSaveOnly.Text";"&Save Only";"&Somente salvar";"";"Revisado"
"Analysis";"Epi.Windows.Analysis.Dialogs.DeleteFileTableDialog";"cbkRunSilent.Text";"&Run Silent";"Executar em modo si&lencioso";"LONGO";"Revisado"
"Analysis";"Epi.Windows.Analysis.Dialogs.DeleteFileTableDialog";"cbxSaveDataTables.Text";"Sav&e Data Tables";"Sal&var tabelas de dados";"";"Revisado"
"Analysis";"Epi.Windows.Analysis.Dialogs.DeleteFileTableDialog";"gbxDelete.Text";"Delete";"Excluir";"";"Revisado"
"Analysis";"Epi.Windows.Analysis.Dialogs.DeleteFileTableDialog";"lblDatabase.Text";"&Database (Blank for current)";"Ban&co de dados (em branco para o atual)";"";"Revisado"
"Analysis";"Epi.Windows.Analysis.Dialogs.DeleteFileTableDialog";"lblDataFormat.Text";"Data Format";"Formato dos dados";"";"Revisado"
"Analysis";"Epi.Windows.Analysis.Dialogs.DeleteFileTableDialog";"lblFileName.Text";"File &Name";"&Nome do arquivo";"";"Revisado"
"Analysis";"Epi.Windows.Analysis.Dialogs.DeleteFileTableDialog";"lblTableName.Text";"Table Na&me";"Nome da &tabela";"";"Revisado"
"Analysis";"Epi.Windows.Analysis.Dialogs.DeleteFileTableDialog";"lblViewName.Text";"View Na&me";"Nome do for&mulário";"LONGO";"Revisado"
"Analysis";"Epi.Windows.Analysis.Dialogs.DeleteFileTableDialog";"rdbFiles.Text";"&Files";"Ar&quivos";"";"Revisado"
"Analysis";"Epi.Windows.Analysis.Dialogs.DeleteFileTableDialog";"rdbTable.Text";"&Table";"Ta&bela";"";"Revisado"
"Analysis";"Epi.Windows.Analysis.Dialogs.DeleteFileTableDialog";"rdbView.Text";"&Form";"&Formulário";"";"Revisado"
"Analysis";"Epi.Windows.Analysis.Dialogs.DeleteRecordsDialog";"$this.Text";"Delete Records";"Excluir registros";"";"Revisado"
"Analysis";"Epi.Windows.Analysis.Dialogs.DeleteRecordsDialog";"btnAnd.Text";"AND";"AND";"";"Revisado"
"Analysis";"Epi.Windows.Analysis.Dialogs.DeleteRecordsDialog";"btnCancel.Text";"Cancel";"Cancelar";"";""
"Analysis";"Epi.Windows.Analysis.Dialogs.DeleteRecordsDialog";"btnClear.Text";"C&lear";"L&impar";"";"Revisado"
"Analysis";"Epi.Windows.Analysis.Dialogs.DeleteRecordsDialog";"btnFunction.Text";"f(x)";"f(x)";"";""
"Analysis";"Epi.Windows.Analysis.Dialogs.DeleteRecordsDialog";"btnFunctions.Text";"&Functions";"&Funções";"";"Revisado"
"Analysis";"Epi.Windows.Analysis.Dialogs.DeleteRecordsDialog";"btnHelp.Text";"&Help";"&Ajuda";"";"Revisado"
"Analysis";"Epi.Windows.Analysis.Dialogs.DeleteRecordsDialog";"btnMissing.Text";"""Missing""";"""Ausente""";"";"Revisado"
"Analysis";"Epi.Windows.Analysis.Dialogs.DeleteRecordsDialog";"btnNo.Text";"""No""";"""Não""";"";""
"Analysis";"Epi.Windows.Analysis.Dialogs.DeleteRecordsDialog";"btnOK.Text";"OK";"OK";"";"Revisado"
"Analysis";"Epi.Windows.Analysis.Dialogs.DeleteRecordsDialog";"btnOr.Text";"OR";"OR";"";"Revisado"
"Analysis";"Epi.Windows.Analysis.Dialogs.DeleteRecordsDialog";"btnSaveOnly.Text";"&Save Only";"&Somente salvar";"";"Revisado"
"Analysis";"Epi.Windows.Analysis.Dialogs.DeleteRecordsDialog";"btnYes.Text";"""Yes""";"""Sim""";"";""
"Analysis";"Epi.Windows.Analysis.Dialogs.DeleteRecordsDialog";"cbkRunSilent.Text";"&Run Silent";"Executar em modo si&lencioso";"LONGO";"Revisado"
"Analysis";"Epi.Windows.Analysis.Dialogs.DeleteRecordsDialog";"lblAvailableVar.Text";"Available &Variables";"&Variáveis disponíveis";"";"Revisado"
"Analysis";"Epi.Windows.Analysis.Dialogs.DeleteRecordsDialog";"lblRecAffected.Text";"R&ecords Affected (* for all)";"R&egistros afetados (* para todos)";"";"Revisado"
"Analysis";"Epi.Windows.Analysis.Dialogs.DeleteRecordsDialog";"rdbMarkDel.Text";"&Mark for Deletion";"&Marcar para exclusão";"";"Revisado"
"Analysis";"Epi.Windows.Analysis.Dialogs.DeleteRecordsDialog";"rdbPermDeletion.Text";"&Permanent Deletion";"Excluir &permanentemente";"";"Revisado"
"Analysis";"Epi.Windows.Analysis.Dialogs.DialogDialog";"$this.Text";"Dialog";"Diálogo";"";""
"Analysis";"Epi.Windows.Analysis.Dialogs.DialogDialog";"btnCancel.Text";"Cancel";"Cancelar";"";""
"Analysis";"Epi.Windows.Analysis.Dialogs.DialogDialog";"btnClear.Text";"C&lear";"L&impar";"";"Revisado"
"Analysis";"Epi.Windows.Analysis.Dialogs.DialogDialog";"btnHelp.Text";"&Help";"&Ajuda";"";"Revisado"
"Analysis";"Epi.Windows.Analysis.Dialogs.DialogDialog";"btnOK.Text";"OK";"OK";"";"Revisado"
"Analysis";"Epi.Windows.Analysis.Dialogs.DialogDialog";"btnSaveOnly.Text";"&Save Only";"&Somente salvar";"";"Revisado"
"Analysis";"Epi.Windows.Analysis.Dialogs.DialogDialog";"gbxDialogType.Text";"Dialog T&ype";"Tipo de &diálogo";"";"Revisado"
"Analysis";"Epi.Windows.Analysis.Dialogs.DialogDialog";"lblDialogType.Text";"&Dialog Type";"&Tipo de diálogo";"";"Revisado"
"Analysis";"Epi.Windows.Analysis.Dialogs.DialogDialog";"lblInputMask.Text";"Input &Mask";"&Máscara de entrada";"";"Revisado"
"Analysis";"Epi.Windows.Analysis.Dialogs.DialogDialog";"lblInputVar.Text";"&Input Variable";"Variável de &entrada";"";"Revisado"
"Analysis";"Epi.Windows.Analysis.Dialogs.DialogDialog";"lblLength.Text";"&Length";"&Comprimento";"";"Revisado"
"Analysis";"Epi.Windows.Analysis.Dialogs.DialogDialog";"lblPrompt.Text";"&Prompt";"Me&nsagem";"";"Revisado"
"Analysis";"Epi.Windows.Analysis.Dialogs.DialogDialog";"lblShowTable.Text";"Show Ta&ble";"Mostrar ta&bela";"";"Revisado"
"Analysis";"Epi.Windows.Analysis.Dialogs.DialogDialog";"lblShowVar.Text";"Sho&w Variable";"Mostrar &variável";"";"Revisado"
"Analysis";"Epi.Windows.Analysis.Dialogs.DialogDialog";"lblTitle.Text";"&Title";"Tít&ulo";"";"Revisado"
"Analysis";"Epi.Windows.Analysis.Dialogs.DialogDialog";"lblVarType.Text";"Variable &Type";"Tipo de va&riável";"";"Revisado"
"Analysis";"Epi.Windows.Analysis.Dialogs.DialogDialog";"rdbGetVar.Text";"&Get Variable";"&Obter variável";"";"Revisado"
"Analysis";"Epi.Windows.Analysis.Dialogs.DialogDialog";"rdbListofValues.Text";"List of &Values";"&Lista de valores";"";"Revisado"
"Analysis";"Epi.Windows.Analysis.Dialogs.DialogDialog";"rdbSimple.Text";"Si&mple";"Sim&ples";"";"Revisado"
"Analysis";"Epi.Windows.Analysis.Dialogs.DisplayDialog";"$this.Text";"Display";"Exibir";"";""
"Analysis";"Epi.Windows.Analysis.Dialogs.DisplayDialog";"btnCancel.Text";"Cancel";"Cancelar";"";""
"Analysis";"Epi.Windows.Analysis.Dialogs.DisplayDialog";"btnClear.Text";"C&lear";"L&impar";"";"Revisado"
"Analysis";"Epi.Windows.Analysis.Dialogs.DisplayDialog";"btnEllipse.Text";"Browse";"Procurar…";"PONTUACAO";"Revisado"
"Analysis";"Epi.Windows.Analysis.Dialogs.DisplayDialog";"btnHelp.Text";"&Help";"&Ajuda";"";"Revisado"
"Analysis";"Epi.Windows.Analysis.Dialogs.DisplayDialog";"btnOK.Text";"OK";"OK";"";"Revisado"
"Analysis";"Epi.Windows.Analysis.Dialogs.DisplayDialog";"btnSaveOnly.Text";"&Save Only";"&Somente salvar";"";"Revisado"
"Analysis";"Epi.Windows.Analysis.Dialogs.DisplayDialog";"cmbVariables.Text";"-- Variables currently available";"-- Variáveis disponíveis no momento";"";"Revisado"
"Analysis";"Epi.Windows.Analysis.Dialogs.DisplayDialog";"gbxInfoFor.Text";"Information for";"Informações sobre";"";"Revisado"
"Analysis";"Epi.Windows.Analysis.Dialogs.DisplayDialog";"lblFrom.Text";"&From";"&De";"";"Revisado"
"Analysis";"Epi.Windows.Analysis.Dialogs.DisplayDialog";"lblOutput.Text";"O&utput to Table";"Saída pa&ra a tabela";"";"Revisado"
"Analysis";"Epi.Windows.Analysis.Dialogs.DisplayDialog";"rdbTables.Text";"&Tables";"&Tabelas";"";"Revisado"
"Analysis";"Epi.Windows.Analysis.Dialogs.DisplayDialog";"rdbVariables.Text";"&Variables";"&Variáveis";"";"Revisado"
"Analysis";"Epi.Windows.Analysis.Dialogs.DisplayDialog";"rdbViews.Text";"Forms";"Formulários";"";"Revisado"
"Analysis";"Epi.Windows.Analysis.Dialogs.FrequencyDialog";"$this.Text";"Frequencies";"Frequências";"";""
"Analysis";"Epi.Windows.Analysis.Dialogs.FrequencyDialog";"btnCancel.Text";"Cancel";"Cancelar";"";""
"Analysis";"Epi.Windows.Analysis.Dialogs.FrequencyDialog";"btnClear.Text";"C&lear";"L&impar";"";"Revisado"
"Analysis";"Epi.Windows.Analysis.Dialogs.FrequencyDialog";"btnHelp.Text";"&Help";"&Ajuda";"";"Revisado"
"Analysis";"Epi.Windows.Analysis.Dialogs.FrequencyDialog";"btnOK.Text";"OK";"OK";"";"Revisado"
"Analysis";"Epi.Windows.Analysis.Dialogs.FrequencyDialog";"btnSaveOnly.Text";"&Save Only";"&Somente salvar";"";"Revisado"
"Analysis";"Epi.Windows.Analysis.Dialogs.FrequencyDialog";"btnSettings.Text";"Settings";"Configurações";"";"Revisado"
"Analysis";"Epi.Windows.Analysis.Dialogs.FrequencyDialog";"cbxAllExcept.Text";"&All (*) Except";"&Todos (*) exceto";"";"Revisado"
"Analysis";"Epi.Windows.Analysis.Dialogs.FrequencyDialog";"lblFreqOf.Text";"&Frequency of";"&Frequência de";"";"Revisado"
"Analysis";"Epi.Windows.Analysis.Dialogs.FrequencyDialog";"lblOutput.Text";"O&utput to Table";"Saída pa&ra a tabela";"";"Revisado"
"Analysis";"Epi.Windows.Analysis.Dialogs.FrequencyDialog";"lblStratifyBy.Text";"St&ratify by";"&Estratificar por";"";"Revisado"
"Analysis";"Epi.Windows.Analysis.Dialogs.FrequencyDialog";"lblWeight.Text";"&Weight";"&Peso";"";"Revisado"
"Analysis";"Epi.Windows.Analysis.Dialogs.GraphDialog";"$this.Text";"Graph";"Gráfico";"";""
"Analysis";"Epi.Windows.Analysis.Dialogs.GraphDialog";"btnCancel.Text";"Cancel";"Cancelar";"";""
"Analysis";"Epi.Windows.Analysis.Dialogs.GraphDialog";"btnClear.Text";"C&lear";"L&impar";"";"Revisado"
"Analysis";"Epi.Windows.Analysis.Dialogs.GraphDialog";"btnHelp.Text";"&Help";"&Ajuda";"";"Revisado"
"Analysis";"Epi.Windows.Analysis.Dialogs.GraphDialog";"btnOK.Text";"OK";"OK";"";"Revisado"
"Analysis";"Epi.Windows.Analysis.Dialogs.GraphDialog";"btnSaveOnly.Text";"&Save Only";"&Somente salvar";"";"Revisado"
"Analysis";"Epi.Windows.Analysis.Dialogs.GraphDialog";"groupBoxSeries.Text";"Series";"Série";"";""
"Analysis";"Epi.Windows.Analysis.Dialogs.GraphDialog";"groupBoxXAxis.Text";"Independent Axis";"Eixo independente";"";"Revisado"
"Analysis";"Epi.Windows.Analysis.Dialogs.GraphDialog";"groupBoxYAxis.Text";"Dependent Axis";"Eixo dependente";"";"Revisado"
"Analysis";"Epi.Windows.Analysis.Dialogs.GraphDialog";"labelBarOfEachValueOf.Text";"Bar of &Each Value of";"&Barra para cada valor de";"";"Revisado"
"Analysis";"Epi.Windows.Analysis.Dialogs.GraphDialog";"labelDateFormat.Text";"&Date Format";"&Formato da data";"";"Revisado"
"Analysis";"Epi.Windows.Analysis.Dialogs.GraphDialog";"labelFirstValue.Text";"First Value:";"Primeiro valor:";"";"Revisado"
"Analysis";"Epi.Windows.Analysis.Dialogs.GraphDialog";"labelGraphType.Text";"&Graph Type";"Tipo de &gráfico";"";"Revisado"
"Analysis";"Epi.Windows.Analysis.Dialogs.GraphDialog";"labelInterval.Text";"Interval";"Intervalo";"";""
"Analysis";"Epi.Windows.Analysis.Dialogs.GraphDialog";"labelOneGraphForEachValueOf.Text";"One Graph &for Each Value of";"Um gráfico para &cada valor de";"";"Revisado"
"Analysis";"Epi.Windows.Analysis.Dialogs.GraphDialog";"labelShowValueOf.Text";"Show Val&ue of";"Mostrar valo&res de";"";"Revisado"
"Analysis";"Epi.Windows.Analysis.Dialogs.GraphDialog";"labelTitle.Text";"&Title";"&Título";"";"Revisado"
"Analysis";"Epi.Windows.Analysis.Dialogs.GraphDialog";"labelWeightVariable.Text";"&Weight Variable";"Variável de &peso";"";"Revisado"
"Analysis";"Epi.Windows.Analysis.Dialogs.GraphDialog";"labelXAxisLabel.Text";"Label";"Rótulo";"";"Revisado"
"Analysis";"Epi.Windows.Analysis.Dialogs.GraphDialog";"labelXAxisMainVar.Text";"Main &Variable(s)";"&Variável(is) principal(is)";"";"Revisado"
"Analysis";"Epi.Windows.Analysis.Dialogs.GraphDialog";"labelYAxis.Text";"Label";"Rótulo";"";"Revisado"
"Analysis";"Epi.Windows.Analysis.Dialogs.HeaderoutDialog";"$this.Text";"Header";"Cabeçalho";"";""
"Analysis";"Epi.Windows.Analysis.Dialogs.HeaderoutDialog";"aquaToolStripMenuItem.Text";"Aqua (Blue --)";"Água-marinha (Azul --)";"";"Revisado"
"Analysis";"Epi.Windows.Analysis.Dialogs.HeaderoutDialog";"blackToolStripMenuItem.Text";"Black (Black ++)";"Preto (Preto ++)";"";""
"Analysis";"Epi.Windows.Analysis.Dialogs.HeaderoutDialog";"blueToolStripMenuItem.Text";"Blue (Blue +)";"Azul (Azul +)";"";""
"Analysis";"Epi.Windows.Analysis.Dialogs.HeaderoutDialog";"boldToolStripButton.Text";"toolStripButton1";"toolStripButton1";"NAO_TRADUZIDO";""
"Analysis";"Epi.Windows.Analysis.Dialogs.HeaderoutDialog";"boldToolStripButton.ToolTipText";"Bold";"Negrito";"";""
"Analysis";"Epi.Windows.Analysis.Dialogs.HeaderoutDialog";"btnCancel.Text";"Cancel";"Cancelar";"";""
"Analysis";"Epi.Windows.Analysis.Dialogs.HeaderoutDialog";"btnClear.Text";"C&lear";"L&impar";"";"Revisado"
"Analysis";"Epi.Windows.Analysis.Dialogs.HeaderoutDialog";"btnHelp.Text";"&Help";"&Ajuda";"";"Revisado"
"Analysis";"Epi.Windows.Analysis.Dialogs.HeaderoutDialog";"btnOK.Text";"OK";"OK";"";"Revisado"
"Analysis";"Epi.Windows.Analysis.Dialogs.HeaderoutDialog";"btnSaveOnly.Text";"&Save Only";"&Somente salvar";"";"Revisado"
"Analysis";"Epi.Windows.Analysis.Dialogs.HeaderoutDialog";"chkAppend.Text";"";"Adicionar texto";"";"Revisado"
"Analysis";"Epi.Windows.Analysis.Dialogs.HeaderoutDialog";"cyanToolStripMenuItem.Text";"Cyan (Blue --)";"Ciano (Azul --)";"";"Revisado"
"Analysis";"Epi.Windows.Analysis.Dialogs.HeaderoutDialog";"fontColorToolStripDDL.ToolTipText";"Font Color";"Cor da fonte";"";"Revisado"
"Analysis";"Epi.Windows.Analysis.Dialogs.HeaderoutDialog";"fontSizeToolStripDDL.ToolTipText";"Font Size";"Tamanho da fonte";"";"Revisado"
"Analysis";"Epi.Windows.Analysis.Dialogs.HeaderoutDialog";"fuchsiaToolStripMenuItem.Text";"Fuchsia (Red --)";"Fúcsia (Vermelho --)";"";""
"Analysis";"Epi.Windows.Analysis.Dialogs.HeaderoutDialog";"grayToolStripMenuItem.Text";"Gray (Black -)";"Cinza (Preto -)";"";""
"Analysis";"Epi.Windows.Analysis.Dialogs.HeaderoutDialog";"greenToolStripMenuItem.Text";"Green (Green ++)";"Verde (Verde ++)";"";""
"Analysis";"Epi.Windows.Analysis.Dialogs.HeaderoutDialog";"groupBox1.Text";"";"Opção de título";"";"Revisado"
"Analysis";"Epi.Windows.Analysis.Dialogs.HeaderoutDialog";"helpToolStripButton.Text";"";"Ajuda";"";""
"Analysis";"Epi.Windows.Analysis.Dialogs.HeaderoutDialog";"italicToolStripButton.Text";"toolStripButton2";"toolStripButton2";"NAO_TRADUZIDO";""
"Analysis";"Epi.Windows.Analysis.Dialogs.HeaderoutDialog";"italicToolStripButton.ToolTipText";"Italic";"Itálico";"";"Revisado"
"Analysis";"Epi.Windows.Analysis.Dialogs.HeaderoutDialog";"lblTitle.Text";"&Header Text";"&Texto do cabeçalho";"";"Revisado"
"Analysis";"Epi.Windows.Analysis.Dialogs.HeaderoutDialog";"lblTitleLine.Text";"";"Linha de título";"";"Revisado"
"Analysis";"Epi.Windows.Analysis.Dialogs.HeaderoutDialog";"limeToolStripMenuItem.Text";"Lime (Green +)";"Limão (Verde +)";"";""
"Analysis";"Epi.Windows.Analysis.Dialogs.HeaderoutDialog";"magentaToolStripMenuItem.Text";"Magenta (Red --)";"Magenta (Vermelho --)";"";"Revisado"
"Analysis";"Epi.Windows.Analysis.Dialogs.HeaderoutDialog";"maroonToolStripMenuItem.Text";"Maroon (Red ++)";"Marrom (Vermelho ++)";"";"Revisado"
"Analysis";"Epi.Windows.Analysis.Dialogs.HeaderoutDialog";"navyToolStripMenuItem.Text";"Navy (Blue ++)";"Azul Marinho (Azul ++)";"";""
"Analysis";"Epi.Windows.Analysis.Dialogs.HeaderoutDialog";"oliveToolStripMenuItem.Text";"Olive (Green -)";"Verde oliva (Verde -)";"";""
"Analysis";"Epi.Windows.Analysis.Dialogs.HeaderoutDialog";"optRemoveTitle.Text";"";"Remover a última linha";"";"Revisado"
"Analysis";"Epi.Windows.Analysis.Dialogs.HeaderoutDialog";"optResetTitle.Text";"";"Redefinir título";"";"Revisado"
"Analysis";"Epi.Windows.Analysis.Dialogs.HeaderoutDialog";"optSetTitle.Text";"";"Definir texto ou fonte";"";"Revisado"
"Analysis";"Epi.Windows.Analysis.Dialogs.HeaderoutDialog";"purpleToolStripMenuItem.Text";"Purple (Red -)";"Roxo (Vermelho -)";"";"Revisado"
"Analysis";"Epi.Windows.Analysis.Dialogs.HeaderoutDialog";"redToolStripMenuItem.Text";"Red (Red +)";"Vermelho (Vermelho +)";"LONGO";"Revisado"
"Analysis";"Epi.Windows.Analysis.Dialogs.HeaderoutDialog";"silverToolStripMenuItem.Text";"Silver (Black +)";"Prata (Preto +)";"";""
"Analysis";"Epi.Windows.Analysis.Dialogs.HeaderoutDialog";"tealToolStripMenuItem.Text";"Teal (Blue -)";"Verde-azulado (Azul -)";"";"Revisado"
"Analysis";"Epi.Windows.Analysis.Dialogs.HeaderoutDialog";"toolStrip1.Text";"toolStrip1";"toolStrip1";"";""
"Analysis";"Epi.Windows.Analysis.Dialogs.HeaderoutDialog";"underlineToolStripButton.ToolTipText";"Underline";"Sublinhado";"";""
"Analysis";"Epi.Windows.Analysis.Dialogs.HeaderoutDialog";"whiteToolStripMenuItem.Text";"White (Black --)";"Branco (Preto --)";"";"Revisado"
"Analysis";"Epi.Windows.Analysis.Dialogs.HeaderoutDialog";"yellowToolStripMenuItem.Text";"Yellow (Green --)";"Amarelo (Verde --)";"";""
"Analysis";"Epi.Windows.Analysis.Dialogs.IfDialog";"$this.Text";"If";"Se";"";""
"Analysis";"Epi.Windows.Analysis.Dialogs.IfDialog";"btnAnd.Text";"AND";"AND";"";"Revisado"
"Analysis";"Epi.Windows.Analysis.Dialogs.IfDialog";"btnCancel.Text";"Cancel";"Cancelar";"";""
"Analysis";"Epi.Windows.Analysis.Dialogs.IfDialog";"btnClear.Text";"C&lear";"L&impar";"";"Revisado"
"Analysis";"Epi.Windows.Analysis.Dialogs.IfDialog";"btnFunction.Text";"f(x)";"f(x)";"";""
"Analysis";"Epi.Windows.Analysis.Dialogs.IfDialog";"btnFunctionElse.Text";"f(x)";"f(x)";"";""
"Analysis";"Epi.Windows.Analysis.Dialogs.IfDialog";"btnFunctions.Text";"&Functions";"&Funções";"";"Revisado"
"Analysis";"Epi.Windows.Analysis.Dialogs.IfDialog";"btnFunctionThen.Text";"f(x)";"f(x)";"";""
"Analysis";"Epi.Windows.Analysis.Dialogs.IfDialog";"btnHelp.Text";"&Help";"&Ajuda";"";"Revisado"
"Analysis";"Epi.Windows.Analysis.Dialogs.IfDialog";"btnMissing.Text";"""Missing""";"""Ausente""";"";"Revisado"
"Analysis";"Epi.Windows.Analysis.Dialogs.IfDialog";"btnNo.Text";"""No""";"""Não""";"";""
"Analysis";"Epi.Windows.Analysis.Dialogs.IfDialog";"btnOK.Text";"OK";"OK";"";"Revisado"
"Analysis";"Epi.Windows.Analysis.Dialogs.IfDialog";"btnOr.Text";"OR";"OR";"";"Revisado"
"Analysis";"Epi.Windows.Analysis.Dialogs.IfDialog";"btnSaveOnly.Text";"&Save Only";"&Somente salvar";"";"Revisado"
"Analysis";"Epi.Windows.Analysis.Dialogs.IfDialog";"btnYes.Text";"""Yes""";"""Sim""";"";""
"Analysis";"Epi.Windows.Analysis.Dialogs.IfDialog";"label3.Text";"Then:";"Então:";"";""
"Analysis";"Epi.Windows.Analysis.Dialogs.IfDialog";"label4.Text";"Else:";"Senão:";"";""
"Analysis";"Epi.Windows.Analysis.Dialogs.IfDialog";"lblAvailableVar.Text";"Available &Variables";"&Variáveis disponíveis";"";"Revisado"
"Analysis";"Epi.Windows.Analysis.Dialogs.IfDialog";"lblIfCondition.Text";"&If Condition";"&Condição SE";"";"Revisado"
"Analysis";"Epi.Windows.Analysis.Dialogs.IfDialog";"toolStripDropDownButtonElse.Text";"";"Senão";"";"Revisado"
"Analysis";"Epi.Windows.Analysis.Dialogs.IfDialog";"toolStripDropDownButtonThen.Text";"";"Então";"";""
"Analysis";"Epi.Windows.Analysis.Dialogs.IfDialog";"toolStripElse.Text";"";"toolStripElse";"";""
"Analysis";"Epi.Windows.Analysis.Dialogs.IfDialog";"toolStripLabelElse.Text";"";"Senão";"";""
"Analysis";"Epi.Windows.Analysis.Dialogs.IfDialog";"toolStripLabelThen.Text";"";"Então";"";""
"Analysis";"Epi.Windows.Analysis.Dialogs.IfDialog";"toolStripThen.Text";"";"toolStripThen";"";""
"Analysis";"Epi.Windows.Analysis.Dialogs.KaplanMeierSurvivalDialog";"$this.Text";"Kaplan-Meier Survival Analysis";"Análise de sobrevida de Kaplan-Meier";"";""
"Analysis";"Epi.Windows.Analysis.Dialogs.KaplanMeierSurvivalDialog";"btnCancel.Text";"Cancel";"Cancelar";"";""
"Analysis";"Epi.Windows.Analysis.Dialogs.KaplanMeierSurvivalDialog";"btnClear.Text";"C&lear";"L&impar";"";"Revisado"
"Analysis";"Epi.Windows.Analysis.Dialogs.KaplanMeierSurvivalDialog";"btnHelp.Text";"&Help";"&Ajuda";"";"Revisado"
"Analysis";"Epi.Windows.Analysis.Dialogs.KaplanMeierSurvivalDialog";"btnMakeExtended.Text";"Make E&xtended Term";"Criar &termo estendido";"";"Revisado"
"Analysis";"Epi.Windows.Analysis.Dialogs.KaplanMeierSurvivalDialog";"btnModifyTerm.Text";"Make Dummy";"Criar dummy";"";"Revisado"
"Analysis";"Epi.Windows.Analysis.Dialogs.KaplanMeierSurvivalDialog";"btnOK.Text";"OK";"OK";"";"Revisado"
"Analysis";"Epi.Windows.Analysis.Dialogs.KaplanMeierSurvivalDialog";"btnSaveOnly.Text";"&Save Only";"&Somente salvar";"";"Revisado"
"Analysis";"Epi.Windows.Analysis.Dialogs.KaplanMeierSurvivalDialog";"chkCustomGraph.Text";"Customize Graph";"Personalizar gráfico";"";"Revisado"
"Analysis";"Epi.Windows.Analysis.Dialogs.KaplanMeierSurvivalDialog";"grpGraphOpts.Text";"Graph Options";"Opções de gráfico";"";"Revisado"
"Analysis";"Epi.Windows.Analysis.Dialogs.KaplanMeierSurvivalDialog";"lblCensoredVar.Text";"Ce&nsored Variable";"Variável de &censura";"";"Revisado"
"Analysis";"Epi.Windows.Analysis.Dialogs.KaplanMeierSurvivalDialog";"lblConfLimits.Text";"Con&fidence Limits";"Limites de con&fiança";"";"Revisado"
"Analysis";"Epi.Windows.Analysis.Dialogs.KaplanMeierSurvivalDialog";"lblDummyVar.Text";"( ) = Dummy variable";"( ) = Variável dummy";"";"Revisado"
"Analysis";"Epi.Windows.Analysis.Dialogs.KaplanMeierSurvivalDialog";"lblExtendedTerms.Text";"Extended Terms";"Termos estendidos";"";"Revisado"
"Analysis";"Epi.Windows.Analysis.Dialogs.KaplanMeierSurvivalDialog";"lblGraphType.Text";"Graph Type";"Tipo de gráfico";"";"Revisado"
"Analysis";"Epi.Windows.Analysis.Dialogs.KaplanMeierSurvivalDialog";"lblGroupVar.Text";"Test &Group Variable";"Variável de &grupo do teste";"";"Revisado"
"Analysis";"Epi.Windows.Analysis.Dialogs.KaplanMeierSurvivalDialog";"lblInteractionTerms.Text";"&Interaction Terms";"Termos de i&nteração";"";"Revisado"
"Analysis";"Epi.Windows.Analysis.Dialogs.KaplanMeierSurvivalDialog";"lblOther.Text";"Predictor &Variables";"Variáveis &preditoras";"";"Revisado"
"Analysis";"Epi.Windows.Analysis.Dialogs.KaplanMeierSurvivalDialog";"lblOutput.Text";"O&utput to Table";"Saída pa&ra a tabela";"";"Revisado"
"Analysis";"Epi.Windows.Analysis.Dialogs.KaplanMeierSurvivalDialog";"lblPlotVariables.Text";"Plot Variables";"Variáveis do gráfico";"";"Revisado"
"Analysis";"Epi.Windows.Analysis.Dialogs.KaplanMeierSurvivalDialog";"lblStrataVars.Text";"Stratified-By Variables";"Variáveis de estratificação";"";"Revisado"
"Analysis";"Epi.Windows.Analysis.Dialogs.KaplanMeierSurvivalDialog";"lblTimeUnit.Text";"Time Unit";"Unidade de tempo";"";"Revisado"
"Analysis";"Epi.Windows.Analysis.Dialogs.KaplanMeierSurvivalDialog";"lblTimeVar.Text";"Ti&me Variable";"Variável de te&mpo";"";"Revisado"
"Analysis";"Epi.Windows.Analysis.Dialogs.KaplanMeierSurvivalDialog";"lblUncensoredValue.Text";"Value for Uncensored";"Valor para não censurados";"";"Revisado"
"Analysis";"Epi.Windows.Analysis.Dialogs.KaplanMeierSurvivalDialog";"lblWeight.Text";"&Weight";"Pes&o";"";"Revisado"
"Analysis";"Epi.Windows.Analysis.Dialogs.LinearRegressionDialog";"$this.Text";"Linear Regression";"Regressão Linear";"";""
"Analysis";"Epi.Windows.Analysis.Dialogs.LinearRegressionDialog";"btnCancel.Text";"Cancel";"Cancelar";"";""
"Analysis";"Epi.Windows.Analysis.Dialogs.LinearRegressionDialog";"btnClear.Text";"C&lear";"L&impar";"";"Revisado"
"Analysis";"Epi.Windows.Analysis.Dialogs.LinearRegressionDialog";"btnHelp.Text";"&Help";"&Ajuda";"";"Revisado"
"Analysis";"Epi.Windows.Analysis.Dialogs.LinearRegressionDialog";"btnModifyTerm.Text";"Make Dummy";"Criar dummy";"";"Revisado"
"Analysis";"Epi.Windows.Analysis.Dialogs.LinearRegressionDialog";"btnOK.Text";"OK";"OK";"";"Revisado"
"Analysis";"Epi.Windows.Analysis.Dialogs.LinearRegressionDialog";"btnSaveOnly.Text";"&Save Only";"&Somente salvar";"";"Revisado"
"Analysis";"Epi.Windows.Analysis.Dialogs.LinearRegressionDialog";"checkboxNoIntercept.Text";"&No Intercept";"Se&m intercepto";"";"Revisado"
"Analysis";"Epi.Windows.Analysis.Dialogs.LinearRegressionDialog";"lblConfLimits.Text";"Con&fidence Limits";"Limites de con&fiança";"";"Revisado"
"Analysis";"Epi.Windows.Analysis.Dialogs.LinearRegressionDialog";"lblDummyVar.Text";"( ) = Dummy variable";"( ) = Variável dummy";"";"Revisado"
"Analysis";"Epi.Windows.Analysis.Dialogs.LinearRegressionDialog";"lblInteractionTerms.Text";"&Interaction Terms";"Termos de i&nteração";"";"Revisado"
"Analysis";"Epi.Windows.Analysis.Dialogs.LinearRegressionDialog";"lblOther.Text";"Other &Variables";"Outras &variáveis";"";"Revisado"
"Analysis";"Epi.Windows.Analysis.Dialogs.LinearRegressionDialog";"lblOutcomeVar.Text";"Ou&tcome Variable";"Variável de &desfecho";"";"Revisado"
"Analysis";"Epi.Windows.Analysis.Dialogs.LinearRegressionDialog";"lblOutput.Text";"O&utput to Table";"Saída para a &tabela";"";"Revisado"
"Analysis";"Epi.Windows.Analysis.Dialogs.LinearRegressionDialog";"lblWeight.Text";"&Weight";"&Peso";"";"Revisado"
"Analysis";"Epi.Windows.Analysis.Dialogs.ListDialog";"$this.Text";"List";"Lista";"";""
"Analysis";"Epi.Windows.Analysis.Dialogs.ListDialog";"btnCancel.Text";"Cancel";"Cancelar";"";""
"Analysis";"Epi.Windows.Analysis.Dialogs.ListDialog";"btnClear.Text";"C&lear";"L&impar";"";"Revisado"
"Analysis";"Epi.Windows.Analysis.Dialogs.ListDialog";"btnHelp.Text";"&Help";"&Ajuda";"";"Revisado"
"Analysis";"Epi.Windows.Analysis.Dialogs.ListDialog";"btnOK.Text";"OK";"OK";"";"Revisado"
"Analysis";"Epi.Windows.Analysis.Dialogs.ListDialog";"btnSaveOnly.Text";"&Save Only";"&Somente salvar";"";"Revisado"
"Analysis";"Epi.Windows.Analysis.Dialogs.ListDialog";"cbxAllExcept.Text";"&All (*) Except";"&Todos (*) exceto";"";"Revisado"
"Analysis";"Epi.Windows.Analysis.Dialogs.ListDialog";"gbxDisplayMode.Text";"Display Mode";"Modo de exibição";"";"Revisado"
"Analysis";"Epi.Windows.Analysis.Dialogs.ListDialog";"lblVar.Text";"&Variables";"&Variáveis";"";"Revisado"
"Analysis";"Epi.Windows.Analysis.Dialogs.ListDialog";"rdbAllowUpdates.Text";"Allow &Updates";"Permitir atuali&zações";"";"Revisado"
"Analysis";"Epi.Windows.Analysis.Dialogs.ListDialog";"rdbGrid.Text";"&Grid";"&Grade";"";"Revisado"
"Analysis";"Epi.Windows.Analysis.Dialogs.ListDialog";"rdbWeb.Text";"&Printable / Exportable";"&Para impressão / exportação";"";"Revisado"
"Analysis";"Epi.Windows.Analysis.Dialogs.LogisticRegressionDialog";"$this.Text";"Logistic Regression";"Regressão Logística";"";""
"Analysis";"Epi.Windows.Analysis.Dialogs.LogisticRegressionDialog";"btnCancel.Text";"Cancel";"Cancelar";"";""
"Analysis";"Epi.Windows.Analysis.Dialogs.LogisticRegressionDialog";"btnClear.Text";"C&lear";"L&impar";"";"Revisado"
"Analysis";"Epi.Windows.Analysis.Dialogs.LogisticRegressionDialog";"btnHelp.Text";"&Help";"&Ajuda";"";"Revisado"
"Analysis";"Epi.Windows.Analysis.Dialogs.LogisticRegressionDialog";"btnModifyTerm.Text";"Make Dummy";"Criar dummy";"";"Revisado"
"Analysis";"Epi.Windows.Analysis.Dialogs.LogisticRegressionDialog";"btnOK.Text";"OK";"OK";"";"Revisado"
"Analysis";"Epi.Windows.Analysis.Dialogs.LogisticRegressionDialog";"btnSaveOnly.Text";"&Save Only";"&Somente salvar";"";"Revisado"
"Analysis";"Epi.Windows.Analysis.Dialogs.LogisticRegressionDialog";"checkboxNoIntercept.Text";"&No Intercept";"Se&m intercepto";"";"Revisado"
"Analysis";"Epi.Windows.Analysis.Dialogs.LogisticRegressionDialog";"lblConfLimits.Text";"Con&fidence Limits";"Limites de con&fiança";"";"Revisado"
"Analysis";"Epi.Windows.Analysis.Dialogs.LogisticRegressionDialog";"lblDummyVar.Text";"( ) = Dummy variable";"( ) = Variável dummy";"";"Revisado"
"Analysis";"Epi.Windows.Analysis.Dialogs.LogisticRegressionDialog";"lblInteractionTerms.Text";"&Interaction Terms";"Termos de i&nteração";"";"Revisado"
"Analysis";"Epi.Windows.Analysis.Dialogs.LogisticRegressionDialog";"lblMatch.Text";"Match Variable";"Variável de pareamento";"";"Revisado"
"Analysis";"Epi.Windows.Analysis.Dialogs.LogisticRegressionDialog";"lblOther.Text";"Other &Variables";"Outras &variáveis";"";"Revisado"
"Analysis";"Epi.Windows.Analysis.Dialogs.LogisticRegressionDialog";"lblOutcomeVar.Text";"Ou&tcome Variable";"Variável de &desfecho";"";"Revisado"
"Analysis";"Epi.Windows.Analysis.Dialogs.LogisticRegressionDialog";"lblOutput.Text";"O&utput to Table";"Saída para a &tabela";"";"Revisado"
"Analysis";"Epi.Windows.Analysis.Dialogs.LogisticRegressionDialog";"lblWeight.Text";"&Weight";"&Peso";"";"Revisado"
"Analysis";"Epi.Windows.Analysis.Dialogs.MatchDialog";"$this.Text";"Match";"Parear";"";""
"Analysis";"Epi.Windows.Analysis.Dialogs.MatchDialog";"btnCancel.Text";"Cancel";"Cancelar";"";""
"Analysis";"Epi.Windows.Analysis.Dialogs.MatchDialog";"btnClear.Text";"C&lear";"L&impar";"";"Revisado"
"Analysis";"Epi.Windows.Analysis.Dialogs.MatchDialog";"btnHelp.Text";"&Help";"&Ajuda";"";"Revisado"
"Analysis";"Epi.Windows.Analysis.Dialogs.MatchDialog";"btnOK.Text";"OK";"OK";"";"Revisado"
"Analysis";"Epi.Windows.Analysis.Dialogs.MatchDialog";"btnSaveOnly.Text";"&Save Only";"&Somente salvar";"";"Revisado"
"Analysis";"Epi.Windows.Analysis.Dialogs.MatchDialog";"cbxMatch.Text";"Matched Anal&ysis";"Análise pa&reada";"";"Revisado"
"Analysis";"Epi.Windows.Analysis.Dialogs.MatchDialog";"lblExpVar.Text";"E&xposure Variable";"Variável de e&xposição";"";"Revisado"
"Analysis";"Epi.Windows.Analysis.Dialogs.MatchDialog";"lblMatchVar.Text";"&Match Variables";"Variáveis de &pareamento";"";"Revisado"
"Analysis";"Epi.Windows.Analysis.Dialogs.MatchDialog";"lblOutcomeVar.Text";"Ou&tcome Variable";"Variável de &desfecho";"";"Revisado"
"Analysis";"Epi.Windows.Analysis.Dialogs.MatchDialog";"lblWeight.Text";"&Weight";"P&eso";"";"Revisado"
"Analysis";"Epi.Windows.Analysis.Dialogs.MeansDialog";"$this.Text";"Means";"Médias";"";""
"Analysis";"Epi.Windows.Analysis.Dialogs.MeansDialog";"btnCancel.Text";"Cancel";"Cancelar";"";""
"Analysis";"Epi.Windows.Analysis.Dialogs.MeansDialog";"btnClear.Text";"C&lear";"L&impar";"";"Revisado"
"Analysis";"Epi.Windows.Analysis.Dialogs.MeansDialog";"btnHelp.Text";"&Help";"&Ajuda";"";"Revisado"
"Analysis";"Epi.Windows.Analysis.Dialogs.MeansDialog";"btnOK.Text";"OK";"OK";"";"Revisado"
"Analysis";"Epi.Windows.Analysis.Dialogs.MeansDialog";"btnSaveOnly.Text";"&Save Only";"&Somente salvar";"";"Revisado"
"Analysis";"Epi.Windows.Analysis.Dialogs.MeansDialog";"btnSettings.Text";"Settings";"Configurações";"";"Revisado"
"Analysis";"Epi.Windows.Analysis.Dialogs.MeansDialog";"cbxNoLineWrap.Text";"      &No Line Wrap";"      &Não quebrar linhas";"";"Revisado"
"Analysis";"Epi.Windows.Analysis.Dialogs.MeansDialog";"gbxPageSettings.Text";"Optional Page Settings";"Configurações opcionais da página";"";"Revisado"
"Analysis";"Epi.Windows.Analysis.Dialogs.MeansDialog";"label1.Text";"Colum&ns Per Page";"&Colunas por página";"";"Revisado"
"Analysis";"Epi.Windows.Analysis.Dialogs.MeansDialog";"lblCrossTabulate.Text";"Cross-tabulate by &Value of";"Tabulação cruzada por &valor de";"";"Revisado"
"Analysis";"Epi.Windows.Analysis.Dialogs.MeansDialog";"lblMeansOf.Text";"Mea&ns of";"&Médias de";"";"Revisado"
"Analysis";"Epi.Windows.Analysis.Dialogs.MeansDialog";"lblOutput.Text";"O&utput to Table";"Saída para a &tabela";"";"Revisado"
"Analysis";"Epi.Windows.Analysis.Dialogs.MeansDialog";"lblStratifyBy.Text";"St&ratify by";"&Estratificar por";"";"Revisado"
"Analysis";"Epi.Windows.Analysis.Dialogs.MeansDialog";"lblWeight.Text";"&Weight";"&Peso";"";"Revisado"
"Analysis";"Epi.Windows.Analysis.Dialogs.MergeDialog";"$this.Text";"Merge";"Mesclar";"";"Revisado"
"Analysis";"Epi.Windows.Analysis.Dialogs.MergeDialog";"btnBuildKey.Text";"&Build Key";"Criar &chave";"";"Revisado"
"Analysis";"Epi.Windows.Analysis.Dialogs.MergeDialog";"btnCancel.Text";"Cancel";"Cancelar";"";""
"Analysis";"Epi.Windows.Analysis.Dialogs.MergeDialog";"btnClear.Text";"C&lear";"L&impar";"";"Revisado"
"Analysis";"Epi.Windows.Analysis.Dialogs.MergeDialog";"btnEllipse.Text";"Browse";"Procurar…";"PONTUACAO";"Revisado"
"Analysis";"Epi.Windows.Analysis.Dialogs.MergeDialog";"btnHelp.Text";"&Help";"&Ajuda";"";"Revisado"
"Analysis";"Epi.Windows.Analysis.Dialogs.MergeDialog";"btnOK.Text";"OK";"OK";"";"Revisado"
"Analysis";"Epi.Windows.Analysis.Dialogs.MergeDialog";"btnSaveOnly.Text";"&Save Only";"&Somente salvar";"";"Revisado"
"Analysis";"Epi.Windows.Analysis.Dialogs.MergeDialog";"cbxAppend.Text";"&Append";"Acrescen&tar";"";"Revisado"
"Analysis";"Epi.Windows.Analysis.Dialogs.MergeDialog";"cbxUpdate.Text";"&Update";"Atuali&zar";"";"Revisado"
"Analysis";"Epi.Windows.Analysis.Dialogs.MergeDialog";"lblDataFormats.Text";"Data &Formats";"&Formatos de dados";"";"Revisado"
"Analysis";"Epi.Windows.Analysis.Dialogs.MergeDialog";"lblDataSource.Text";"&Data Source";"Fonte de &dados";"";"Revisado"
"Analysis";"Epi.Windows.Analysis.Dialogs.MergeDialog";"lblKey.Text";"&Key";"Cha&ve";"";"Revisado"
"Analysis";"Epi.Windows.Analysis.Dialogs.MergeDialog";"tabPageAll.Text";"Show All";"Mostrar tudo";"";"Revisado"
"Analysis";"Epi.Windows.Analysis.Dialogs.MergeDialog";"tabPageAll.ToolTipText";"Show All";"Mostrar tudo";"";"Revisado"
"Analysis";"Epi.Windows.Analysis.Dialogs.MergeDialog";"tabPageViews.Text";"Show Forms";"Mostrar formulários";"LONGO";"Revisado"
"Analysis";"Epi.Windows.Analysis.Dialogs.MergeDialog";"tabPageViews.ToolTipText";"Show Views";"Mostrar formulários";"LONGO";"Revisado"
"Analysis";"Epi.Windows.Analysis.Dialogs.PgmDialog";"$this.Text";"Save Program";"Salvar programa";"";"Revisado"
"Analysis";"Epi.Windows.Analysis.Dialogs.PgmDialog";"btnCancel.Text";"Cancel";"Cancelar";"";""
"Analysis";"Epi.Windows.Analysis.Dialogs.PgmDialog";"btnClear.Text";"Clear";"Limpar";"";""
"Analysis";"Epi.Windows.Analysis.Dialogs.PgmDialog";"btnDelete.Text";"&Delete";"&Excluir";"";"Revisado"
"Analysis";"Epi.Windows.Analysis.Dialogs.PgmDialog";"btnHelp.Text";"&Help";"&Ajuda";"";"Revisado"
"Analysis";"Epi.Windows.Analysis.Dialogs.PgmDialog";"btnOK.Text";"OK";"OK";"";"Revisado"
"Analysis";"Epi.Windows.Analysis.Dialogs.PgmDialog";"btnTextFile.Text";"&Text File";"Arquivo de &texto";"";"Revisado"
"Analysis";"Epi.Windows.Analysis.Dialogs.PgmDialog";"lblAuthor.Text";"A&uthor";"A&utor";"";"Revisado"
"Analysis";"Epi.Windows.Analysis.Dialogs.PgmDialog";"lblComments.Text";"Co&mments";"Co&mentários";"";"Revisado"
"Analysis";"Epi.Windows.Analysis.Dialogs.PgmDialog";"lblContent.Text";"Co&ntent";"Co&nteúdo";"";"Revisado"
"Analysis";"Epi.Windows.Analysis.Dialogs.PgmDialog";"lblDateCreated.Text";"Date &Created";"Data de &criação";"";"Revisado"
"Analysis";"Epi.Windows.Analysis.Dialogs.PgmDialog";"lblDateUpdated.Text";"Date &Updated";"Data de atuali&zação";"";"Revisado"
"Analysis";"Epi.Windows.Analysis.Dialogs.PgmDialog";"lblProgramFile.Text";"Program &File";"Arquivo do &programa";"";"Revisado"
"Analysis";"Epi.Windows.Analysis.Dialogs.PgmDialog";"lblPrograms.Text";"Pro&gram";"Pro&grama";"";"Revisado"
"Analysis";"Epi.Windows.Analysis.Dialogs.PgmDialog";"lblProject.Text";"Project &File";"Arquivo do pro&jeto";"";"Revisado"
"Analysis";"Epi.Windows.Analysis.Dialogs.PrintoutDialog";"$this.Text";"Print Output";"Imprimir saída";"";"Revisado"
"Analysis";"Epi.Windows.Analysis.Dialogs.PrintoutDialog";"btnCancel.Text";"Cancel";"Cancelar";"";""
"Analysis";"Epi.Windows.Analysis.Dialogs.PrintoutDialog";"btnClear.Text";"C&lear";"L&impar";"";"Revisado"
"Analysis";"Epi.Windows.Analysis.Dialogs.PrintoutDialog";"btnEllipse.Text";"Browse";"Procurar…";"PONTUACAO";"Revisado"
"Analysis";"Epi.Windows.Analysis.Dialogs.PrintoutDialog";"btnHelp.Text";"&Help";"&Ajuda";"";"Revisado"
"Analysis";"Epi.Windows.Analysis.Dialogs.PrintoutDialog";"btnOK.Text";"OK";"OK";"";"Revisado"
"Analysis";"Epi.Windows.Analysis.Dialogs.PrintoutDialog";"btnSaveOnly.Text";"&Save Only";"&Somente salvar";"";"Revisado"
"Analysis";"Epi.Windows.Analysis.Dialogs.PrintoutDialog";"lblFilename.Text";"&Filename to print (leave blank for current)";"&Nome do arquivo a imprimir (deixar em branco para o atual)";"";"Revisado"
"Analysis";"Epi.Windows.Analysis.Dialogs.QuitDialog";"$this.Text";"Quit";"Sair";"";""
"Analysis";"Epi.Windows.Analysis.Dialogs.QuitDialog";"btnCancel.Text";"Cancel";"Cancelar";"";""
"Analysis";"Epi.Windows.Analysis.Dialogs.QuitDialog";"btnHelp.Text";"&Help";"&Ajuda";"";"Revisado"
"Analysis";"Epi.Windows.Analysis.Dialogs.QuitDialog";"btnOK.Text";"OK";"OK";"";"Revisado"
"Analysis";"Epi.Windows.Analysis.Dialogs.QuitDialog";"btnSaveOnly.Text";"&Save Only";"&Somente salvar";"";"Revisado"
"Analysis";"Epi.Windows.Analysis.Dialogs.QuitDialog";"lblQuitProgram.Text";"Exit the program?";"Sair do programa?";"";""
"Analysis";"Epi.Windows.Analysis.Dialogs.ReadDataSourceDialog";"$this.Text";"Read";"Ler";"";"Revisado"
"Analysis";"Epi.Windows.Analysis.Dialogs.ReadDataSourceDialog";"btnCancel.Text";"Cancel";"Cancelar";"";""
"Analysis";"Epi.Windows.Analysis.Dialogs.ReadDataSourceDialog";"btnClear.Text";"C&lear";"L&impar";"";"Revisado"
"Analysis";"Epi.Windows.Analysis.Dialogs.ReadDataSourceDialog";"btnFindDataSource.Text";"Browse";"Procurar…";"PONTUACAO";"Revisado"
"Analysis";"Epi.Windows.Analysis.Dialogs.ReadDataSourceDialog";"btnHelp.Text";"&Help";"&Ajuda";"";"Revisado"
"Analysis";"Epi.Windows.Analysis.Dialogs.ReadDataSourceDialog";"btnOK.Text";"OK";"OK";"";"Revisado"
"Analysis";"Epi.Windows.Analysis.Dialogs.ReadDataSourceDialog";"btnSaveOnly.Text";"&Save Only";"&Somente salvar";"";"Revisado"
"Analysis";"Epi.Windows.Analysis.Dialogs.ReadDataSourceDialog";"chkTables.Text";"&Tables";"&Tabelas";"";"Revisado"
"Analysis";"Epi.Windows.Analysis.Dialogs.ReadDataSourceDialog";"chkViews.Text";"&Forms";"&Formulários";"";"Revisado"
"Analysis";"Epi.Windows.Analysis.Dialogs.ReadDataSourceDialog";"columnHeaderItem.Text";"Item";"Item";"";""
"Analysis";"Epi.Windows.Analysis.Dialogs.ReadDataSourceDialog";"gbxExplorer.Text";"Data Source Explorer";"Explorador de fontes de dados";"";"Revisado"
"Analysis";"Epi.Windows.Analysis.Dialogs.ReadDataSourceDialog";"gbxShow.Text";"&Show";"&Mostrar";"";"Revisado"
"Analysis";"Epi.Windows.Analysis.Dialogs.ReadDataSourceDialog";"lblDataSource.Text";"&Data Source";"Fonte de &dados";"";"Revisado"
"Analysis";"Epi.Windows.Analysis.Dialogs.ReadDataSourceDialog";"lblDataSourceDrivers.Text";"Database &Type";"Tipo de &banco de dados";"";"Revisado"
"Analysis";"Epi.Windows.Analysis.Dialogs.ReadDataSourceDialog";"lblRecentSources.Text";"&Recent Data Sources";"Fontes de dados &recentes";"";"Revisado"
"Analysis";"Epi.Windows.Analysis.Dialogs.ReadDialog";"$this.Text";"Read";"Ler";"";"Revisado"
"Analysis";"Epi.Windows.Analysis.Dialogs.ReadDialog";"btnCancel.Text";"Cancel";"Cancelar";"";""
"Analysis";"Epi.Windows.Analysis.Dialogs.ReadDialog";"btnClear.Text";"C&lear";"L&impar";"";"Revisado"
"Analysis";"Epi.Windows.Analysis.Dialogs.ReadDialog";"btnFindDataSource.Text";"Browse";"Procurar…";"PONTUACAO";"Revisado"
"Analysis";"Epi.Windows.Analysis.Dialogs.ReadDialog";"btnHelp.Text";"&Help";"&Ajuda";"";"Revisado"
"Analysis";"Epi.Windows.Analysis.Dialogs.ReadDialog";"btnOK.Text";"OK";"OK";"";"Revisado"
"Analysis";"Epi.Windows.Analysis.Dialogs.ReadDialog";"btnSaveOnly.Text";"&Save Only";"&Somente salvar";"";"Revisado"
"Analysis";"Epi.Windows.Analysis.Dialogs.ReadDialog";"chkTables.Text";"&Tables";"&Tabelas";"";"Revisado"
"Analysis";"Epi.Windows.Analysis.Dialogs.ReadDialog";"chkViews.Text";"&Views";"&Formulários";"";"Revisado"
"Analysis";"Epi.Windows.Analysis.Dialogs.ReadDialog";"columnHeaderItem.Text";"Item";"Item";"";""
"Analysis";"Epi.Windows.Analysis.Dialogs.ReadDialog";"gbxExplorer.Text";"Data Source Explorer";"Explorador de fontes de dados";"";"Revisado"
"Analysis";"Epi.Windows.Analysis.Dialogs.ReadDialog";"gbxShow.Text";"&Show";"&Mostrar";"";"Revisado"
"Analysis";"Epi.Windows.Analysis.Dialogs.ReadDialog";"lblDataSource.Text";"&Data Source";"Fonte de &dados";"";"Revisado"
"Analysis";"Epi.Windows.Analysis.Dialogs.ReadDialog";"lblDataSourceDrivers.Text";"Database &Type";"Tipo de &banco de dados";"";"Revisado"
"Analysis";"Epi.Windows.Analysis.Dialogs.RecodeDialog";"$this.Text";"Recode";"Recodificar";"";""
"Analysis";"Epi.Windows.Analysis.Dialogs.RecodeDialog";"btnCancel.Text";"Cancel";"Cancelar";"";""
"Analysis";"Epi.Windows.Analysis.Dialogs.RecodeDialog";"btnClear.Text";"C&lear";"L&impar";"";"Revisado"
"Analysis";"Epi.Windows.Analysis.Dialogs.RecodeDialog";"btnFillRanges.Text";"&Fill Ranges";"Preencher inter&valos";"";"Revisado"
"Analysis";"Epi.Windows.Analysis.Dialogs.RecodeDialog";"btnHelp.Text";"&Help";"&Ajuda";"";"Revisado"
"Analysis";"Epi.Windows.Analysis.Dialogs.RecodeDialog";"btnOK.Text";"OK";"OK";"";"Revisado"
"Analysis";"Epi.Windows.Analysis.Dialogs.RecodeDialog";"btnSaveOnly.Text";"&Save Only";"&Somente salvar";"";"Revisado"
"Analysis";"Epi.Windows.Analysis.Dialogs.RecodeDialog";"cbxReverse.Text";"Reverse";"Inverter";"";"Revisado"
"Analysis";"Epi.Windows.Analysis.Dialogs.RecodeDialog";"lblBy.Text";"By";"Por";"";""
"Analysis";"Epi.Windows.Analysis.Dialogs.RecodeDialog";"lblEnd.Text";"End";"Fim";"";""
"Analysis";"Epi.Windows.Analysis.Dialogs.RecodeDialog";"lblFrom.Text";"F&rom";"D&e";"";"Revisado"
"Analysis";"Epi.Windows.Analysis.Dialogs.RecodeDialog";"lblStart.Text";"Start";"Início";"";"Revisado"
"Analysis";"Epi.Windows.Analysis.Dialogs.RecodeDialog";"lblTo.Text";"&To";"&Para";"";"Revisado"
"Analysis";"Epi.Windows.Analysis.Dialogs.RecodeDialog";"lblUSFormats.Text";"Dates must be in MM/DD/YYYY Format";"As datas devem estar no formato MM/DD/AAAA";"";"Revisado"
"Analysis";"Epi.Windows.Analysis.Dialogs.RelateDialog";"$this.Text";"Relate";"Relacionar";"";"Revisado"
"Analysis";"Epi.Windows.Analysis.Dialogs.RelateDialog";"btnBuildKey.Text";"Build Key";"Construir Chave";"";""
"Analysis";"Epi.Windows.Analysis.Dialogs.RelateDialog";"btnCancel.Text";"Cancel";"Cancelar";"";""
"Analysis";"Epi.Windows.Analysis.Dialogs.RelateDialog";"btnClear.Text";"Clear";"Limpar";"";""
"Analysis";"Epi.Windows.Analysis.Dialogs.RelateDialog";"btnEllipse.Text";"Browse";"Procurar…";"PONTUACAO";"Revisado"
"Analysis";"Epi.Windows.Analysis.Dialogs.RelateDialog";"btnHelp.Text";"Help";"Ajuda";"";""
"Analysis";"Epi.Windows.Analysis.Dialogs.RelateDialog";"btnOK.Text";"OK";"OK";"";"Revisado"
"Analysis";"Epi.Windows.Analysis.Dialogs.RelateDialog";"btnSaveOnly.Text";"Save Only";"Somente salvar";"";"Revisado"
"Analysis";"Epi.Windows.Analysis.Dialogs.RelateDialog";"cbxUnmatched.Text";"Use &Unmatched (ALL)";"Usar &não pareados (ALL)";"";"Revisado"
"Analysis";"Epi.Windows.Analysis.Dialogs.RelateDialog";"gbxShow.Text";"Sho&w";"Mos&trar";"";"Revisado"
"Analysis";"Epi.Windows.Analysis.Dialogs.RelateDialog";"lblDataFormats.Text";"Data &Formats";"&Formatos de dados";"";"Revisado"
"Analysis";"Epi.Windows.Analysis.Dialogs.RelateDialog";"lblDataSource.Text";"&Data Source";"Fonte de &dados";"";"Revisado"
"Analysis";"Epi.Windows.Analysis.Dialogs.RelateDialog";"lblKey.Text";"&Key";"&Chave";"";"Revisado"
"Analysis";"Epi.Windows.Analysis.Dialogs.RelateDialog";"rbAll.Text";"All";"Todos";"";"Revisado"
"Analysis";"Epi.Windows.Analysis.Dialogs.RelateDialog";"rbView.Text";"Form";"Formulário";"";"Revisado"
"Analysis";"Epi.Windows.Analysis.Dialogs.ReportDialog";"$this.Text";"Report Command";"Comando de relatório";"";"Revisado"
"Analysis";"Epi.Windows.Analysis.Dialogs.ReportDialog";"btnCancel.Text";"Cancel";"Cancelar";"";""
"Analysis";"Epi.Windows.Analysis.Dialogs.ReportDialog";"btnEditReport.Text";"Open Report Designer";"Abrir o designer de relatórios";"";"Revisado"
"Analysis";"Epi.Windows.Analysis.Dialogs.ReportDialog";"btnOK.Text";"OK";"OK";"";"Revisado"
"Analysis";"Epi.Windows.Analysis.Dialogs.ReportDialog";"groupBox.Text";"When the Report command is executed... ";"Quando o comando Report for executado... ";"";"Revisado"
"Analysis";"Epi.Windows.Analysis.Dialogs.ReportDialog";"labelSelectReport.Text";"Report Template";"Modelo de relatório";"";"Revisado"
"Analysis";"Epi.Windows.Analysis.Dialogs.ReportDialog";"radioButtonDisplay.Text";"...open Epi Report to view and edit the report.";"...abrir o Epi Report para ver e editar o relatório.";"";"Revisado"
"Analysis";"Epi.Windows.Analysis.Dialogs.ReportDialog";"radioButtonFile.Text";"...save the report as the following folder.";"...salvar o relatório na pasta a seguir.";"";"Revisado"
"Analysis";"Epi.Windows.Analysis.Dialogs.ReportDialog";"radioButtonPrinter.Text";"... send the report directly to the following printer.";"... enviar o relatório diretamente para a impressora a seguir.";"";"Revisado"
"Analysis";"Epi.Windows.Analysis.Dialogs.RouteoutDialog";"$this.Text";"Route Output";"Direcionar saída";"";"Revisado"
"Analysis";"Epi.Windows.Analysis.Dialogs.RouteoutDialog";"btnCancel.Text";"Cancel";"Cancelar";"";""
"Analysis";"Epi.Windows.Analysis.Dialogs.RouteoutDialog";"btnClear.Text";"C&lear";"L&impar";"";"Revisado"
"Analysis";"Epi.Windows.Analysis.Dialogs.RouteoutDialog";"btnEllipse.Text";"Browse";"Procurar…";"PONTUACAO";"Revisado"
"Analysis";"Epi.Windows.Analysis.Dialogs.RouteoutDialog";"btnHelp.Text";"&Help";"&Ajuda";"";"Revisado"
"Analysis";"Epi.Windows.Analysis.Dialogs.RouteoutDialog";"btnOK.Text";"OK";"OK";"";"Revisado"
"Analysis";"Epi.Windows.Analysis.Dialogs.RouteoutDialog";"btnSaveOnly.Text";"&Save Only";"&Somente salvar";"";"Revisado"
"Analysis";"Epi.Windows.Analysis.Dialogs.RouteoutDialog";"cbxReplaceFile.Text";"&Replace any existing file";"Substituir qualquer arquivo e&xistente";"";"Revisado"
"Analysis";"Epi.Windows.Analysis.Dialogs.RouteoutDialog";"lblOutputFile.Text";"Output &Filename";"&Nome do arquivo de saída";"";"Revisado"
"Analysis";"Epi.Windows.Analysis.Dialogs.SelectDialog";"$this.Text";"Select";"Selecionar";"";""
"Analysis";"Epi.Windows.Analysis.Dialogs.SelectDialog";"btnAnd.Text";"AND";"AND";"";"Revisado"
"Analysis";"Epi.Windows.Analysis.Dialogs.SelectDialog";"btnCancel.Text";"Cancel";"Cancelar";"";""
"Analysis";"Epi.Windows.Analysis.Dialogs.SelectDialog";"btnClear.Text";"C&lear";"L&impar";"";"Revisado"
"Analysis";"Epi.Windows.Analysis.Dialogs.SelectDialog";"btnFunction.Text";"f(x)";"f(x)";"";""
"Analysis";"Epi.Windows.Analysis.Dialogs.SelectDialog";"btnFunctions.Text";"&Functions";"&Funções";"";"Revisado"
"Analysis";"Epi.Windows.Analysis.Dialogs.SelectDialog";"btnHelp.Text";"&Help";"&Ajuda";"";"Revisado"
"Analysis";"Epi.Windows.Analysis.Dialogs.SelectDialog";"btnMissing.Text";"""Missing""";"""Ausente""";"";"Revisado"
"Analysis";"Epi.Windows.Analysis.Dialogs.SelectDialog";"btnNo.Text";"""No""";"""Não""";"";""
"Analysis";"Epi.Windows.Analysis.Dialogs.SelectDialog";"btnOK.Text";"OK";"OK";"";"Revisado"
"Analysis";"Epi.Windows.Analysis.Dialogs.SelectDialog";"btnOr.Text";"OR";"OR";"";"Revisado"
"Analysis";"Epi.Windows.Analysis.Dialogs.SelectDialog";"btnSaveOnly.Text";"&Save Only";"&Somente salvar";"";"Revisado"
"Analysis";"Epi.Windows.Analysis.Dialogs.SelectDialog";"btnYes.Text";"""Yes""";"""Sim""";"";""
"Analysis";"Epi.Windows.Analysis.Dialogs.SelectDialog";"lblAvailableVar.Text";"Available &Variables";"&Variáveis disponíveis";"";"Revisado"
"Analysis";"Epi.Windows.Analysis.Dialogs.SelectDialog";"lblSelectCriteria.Text";"&Select Criteria";"&Critério de seleção";"";"Revisado"
"Analysis";"Epi.Windows.Analysis.Dialogs.SelectDSNDialog";"$this.Text";"SelectDSNDialog";"Selecionar DSN";"";"Revisado"
"Analysis";"Epi.Windows.Analysis.Dialogs.SelectDSNDialog";"btnCancel.Text";"Cancel";"Cancelar";"";""
"Analysis";"Epi.Windows.Analysis.Dialogs.SelectDSNDialog";"btnCreateNewDSN.Text";"Create &New DSN";"Criar &novo DSN";"";"Revisado"
"Analysis";"Epi.Windows.Analysis.Dialogs.SelectDSNDialog";"btnHelp.Text";"&Help";"&Ajuda";"";"Revisado"
"Analysis";"Epi.Windows.Analysis.Dialogs.SelectDSNDialog";"btnOK.Text";"OK";"OK";"";"Revisado"
"Analysis";"Epi.Windows.Analysis.Dialogs.SelectDSNDialog";"btnReconfigureDSN.Text";"&Reconfigure DSN";"&Reconfigurar DSN";"";"Revisado"
"Analysis";"Epi.Windows.Analysis.Dialogs.SelectDSNDialog";"button6.Text";"C&lear";"L&impar";"";"Revisado"
"Analysis";"Epi.Windows.Analysis.Dialogs.SelectDSNDialog";"lblDataSource.Text";"&Data Source Name and Description";"Nome e descrição da fonte de &dados";"";"Revisado"
"Analysis";"Epi.Windows.Analysis.Dialogs.SelectDSNDialog";"lblPassword.Text";"&Password";"&Senha";"";"Revisado"
"Analysis";"Epi.Windows.Analysis.Dialogs.SelectDSNDialog";"lblUserID.Text";"&User ID";"ID do &usuário";"";"Revisado"
"Analysis";"Epi.Windows.Analysis.Dialogs.SetDialog";"$this.Text";"Set";"Configurar";"";"Revisado"
"Analysis";"Epi.Windows.Analysis.Dialogs.SetDialog";"btnCancel.Text";"Cancel";"Cancelar";"";""
"Analysis";"Epi.Windows.Analysis.Dialogs.SetDialog";"btnClear.Text";"&Reset";"&Redefinir";"";"Revisado"
"Analysis";"Epi.Windows.Analysis.Dialogs.SetDialog";"btnHelp.Text";"&Help";"&Ajuda";"";"Revisado"
"Analysis";"Epi.Windows.Analysis.Dialogs.SetDialog";"btnOK.Text";"OK";"OK";"";"Revisado"
"Analysis";"Epi.Windows.Analysis.Dialogs.SetDialog";"btnSaveOnly.Text";"&Save Only";"&Somente salvar";"";"Revisado"
"Analysis";"Epi.Windows.Analysis.Dialogs.SetDialog";"cbxGraphics.Text";"Show Graphics";"Mostrar gráficos";"";"Revisado"
"Analysis";"Epi.Windows.Analysis.Dialogs.SetDialog";"cbxHyperlinks.Text";"Show Hyperlinks";"Mostrar hiperlinks";"";"Revisado"
"Analysis";"Epi.Windows.Analysis.Dialogs.SetDialog";"cbxIncludeMissing.Text";"Include Missing Values";"Incluir valores ausentes";"";"Revisado"
"Analysis";"Epi.Windows.Analysis.Dialogs.SetDialog";"cbxPercents.Text";"Show Percents";"Mostrar porcentagens";"";"Revisado"
"Analysis";"Epi.Windows.Analysis.Dialogs.SetDialog";"cbxSelectCriteria.Text";"Show Selection Criteria";"Mostrar critérios de seleção";"";"Revisado"
"Analysis";"Epi.Windows.Analysis.Dialogs.SetDialog";"cbxShowPrompt.Text";"Show Complete Prompt";"Mostrar rótulo completo";"";"Revisado"
"Analysis";"Epi.Windows.Analysis.Dialogs.SetDialog";"cbxTablesOutput.Text";"Show Tables in Output";"Mostrar tabelas na saída";"";"Revisado"
"Analysis";"Epi.Windows.Analysis.Dialogs.SetDialog";"gbxHTMLOutput.Text";"HTML Output Options";"Opções de saída HTML";"";"Revisado"
"Analysis";"Epi.Windows.Analysis.Dialogs.SetDialog";"gbxProcessRecords.Text";"Process Records";"Processar registros";"";"Revisado"
"Analysis";"Epi.Windows.Analysis.Dialogs.SetDialog";"gbxRepresentBooleans.Text";"Representation of Boolean Values";"Representação de valores booleanos";"";"Revisado"
"Analysis";"Epi.Windows.Analysis.Dialogs.SetDialog";"gbxStatistics.Text";"Statistics";"Estatísticas";"";"Revisado"
"Analysis";"Epi.Windows.Analysis.Dialogs.SetDialog";"lblMissingAs.Text";"MISSING As:";"AUSENTE como:";"";"Revisado"
"Analysis";"Epi.Windows.Analysis.Dialogs.SetDialog";"lblNoAs.Text";"NO As:";"NÃO como:";"";"Revisado"
"Analysis";"Epi.Windows.Analysis.Dialogs.SetDialog";"lblPrecision.Text";"Precision:";"Precisão:";"";"Revisado"
"Analysis";"Epi.Windows.Analysis.Dialogs.SetDialog";"lblYesAs.Text";"YES As:";"SIM como:";"";"Revisado"
"Analysis";"Epi.Windows.Analysis.Dialogs.SetDialog";"rdbAdvanced.Text";"Advanced";"Avançado";"";"Revisado"
"Analysis";"Epi.Windows.Analysis.Dialogs.SetDialog";"rdbBoth.Text";"Both";"Ambos";"";""
"Analysis";"Epi.Windows.Analysis.Dialogs.SetDialog";"rdbDeleted.Text";"Deleted Records Only";"Somente registros excluídos";"";"Revisado"
"Analysis";"Epi.Windows.Analysis.Dialogs.SetDialog";"rdbIntermediate.Text";"Intermediate";"Intermediário";"";"Revisado"
"Analysis";"Epi.Windows.Analysis.Dialogs.SetDialog";"rdbMinimal.Text";"Minimal";"Mínimo";"";""
"Analysis";"Epi.Windows.Analysis.Dialogs.SetDialog";"rdbNone.Text";"None";"Nenhum";"";"Revisado"
"Analysis";"Epi.Windows.Analysis.Dialogs.SetDialog";"rdbNormal.Text";"Undeleted Records only (Normal)";"Somente registros não excluídos (normal)";"";"Revisado"
"Analysis";"Epi.Windows.Analysis.Dialogs.SortDialog";"$this.Text";"Sort";"Ordenar";"";""
"Analysis";"Epi.Windows.Analysis.Dialogs.SortDialog";"btnCancel.Text";"Cancel";"Cancelar";"";""
"Analysis";"Epi.Windows.Analysis.Dialogs.SortDialog";"btnClear.Text";"C&lear";"L&impar";"";"Revisado"
"Analysis";"Epi.Windows.Analysis.Dialogs.SortDialog";"btnHelp.Text";"&Help";"&Ajuda";"";"Revisado"
"Analysis";"Epi.Windows.Analysis.Dialogs.SortDialog";"btnOK.Text";"OK";"OK";"";"Revisado"
"Analysis";"Epi.Windows.Analysis.Dialogs.SortDialog";"btnSaveOnly.Text";"&Save Only";"&Somente salvar";"";"Revisado"
"Analysis";"Epi.Windows.Analysis.Dialogs.SortDialog";"gbxSortOrder.Text";"Sort Order";"Ordem de Classificação";"LONGO";""
"Analysis";"Epi.Windows.Analysis.Dialogs.SortDialog";"lblAvailableVar.Text";"Available &Variables";"&Variáveis disponíveis";"";"Revisado"
"Analysis";"Epi.Windows.Analysis.Dialogs.SortDialog";"lblSortVar.Text";"So&rt Variables";"Variáveis de o&rdenação";"";"Revisado"
"Analysis";"Epi.Windows.Analysis.Dialogs.SortDialog";"rdbAscending.Text";"Asc&ending (++)";"Cres&cente (++)";"";"Revisado"
"Analysis";"Epi.Windows.Analysis.Dialogs.SortDialog";"rdbDescending.Text";"&Descending (--)";"&Decrescente (--)";"";"Revisado"
"Analysis";"Epi.Windows.Analysis.Dialogs.SortDialog";"rdbRemoveSort.Text";"Re&move from Sort";"Re&mover da ordenação";"";"Revisado"
"Analysis";"Epi.Windows.Analysis.Dialogs.SummarizeDialog";"$this.Text";"Summarize";"Resumir";"";""
"Analysis";"Epi.Windows.Analysis.Dialogs.SummarizeDialog";"btnApply.Text";"Appl&y";"Apli&car";"";"Revisado"
"Analysis";"Epi.Windows.Analysis.Dialogs.SummarizeDialog";"btnCancel.Text";"Cancel";"Cancelar";"";""
"Analysis";"Epi.Windows.Analysis.Dialogs.SummarizeDialog";"btnClear.Text";"C&lear";"L&impar";"";"Revisado"
"Analysis";"Epi.Windows.Analysis.Dialogs.SummarizeDialog";"btnHelp.Text";"&Help";"&Ajuda";"";"Revisado"
"Analysis";"Epi.Windows.Analysis.Dialogs.SummarizeDialog";"btnOK.Text";"OK";"OK";"";"Revisado"
"Analysis";"Epi.Windows.Analysis.Dialogs.SummarizeDialog";"btnSaveOnly.Text";"&Save Only";"&Somente salvar";"";"Revisado"
"Analysis";"Epi.Windows.Analysis.Dialogs.SummarizeDialog";"lblAggregate.Text";"A&ggregate";"A&gregar";"";"Revisado"
"Analysis";"Epi.Windows.Analysis.Dialogs.SummarizeDialog";"lblGroupBy.Text";"G&roup By";"Agrupar &por";"";"Revisado"
"Analysis";"Epi.Windows.Analysis.Dialogs.SummarizeDialog";"lblIntoVar.Text";"&Into Variable";"&Na variável";"";"Revisado"
"Analysis";"Epi.Windows.Analysis.Dialogs.SummarizeDialog";"lblOutput.Text";"O&utput to Table";"Saída para a &tabela";"";"Revisado"
"Analysis";"Epi.Windows.Analysis.Dialogs.SummarizeDialog";"lblVar.Text";"&Variable";"&Variável";"";"Revisado"
"Analysis";"Epi.Windows.Analysis.Dialogs.SummarizeDialog";"lblWeight.Text";"&Weight";"P&eso";"";"Revisado"
"Analysis";"Epi.Windows.Analysis.Dialogs.TablesDialog";"$this.Text";"Tables";"Tabelas";"";""
"Analysis";"Epi.Windows.Analysis.Dialogs.TablesDialog";"btnCancel.Text";"Cancel";"Cancelar";"";""
"Analysis";"Epi.Windows.Analysis.Dialogs.TablesDialog";"btnClear.Text";"C&lear";"L&impar";"";"Revisado"
"Analysis";"Epi.Windows.Analysis.Dialogs.TablesDialog";"btnHelp.Text";"&Help";"&Ajuda";"";"Revisado"
"Analysis";"Epi.Windows.Analysis.Dialogs.TablesDialog";"btnOK.Text";"OK";"OK";"";"Revisado"
"Analysis";"Epi.Windows.Analysis.Dialogs.TablesDialog";"btnSaveOnly.Text";"&Save Only";"&Somente salvar";"";"Revisado"
"Analysis";"Epi.Windows.Analysis.Dialogs.TablesDialog";"cbxColumns.Text";"Columns Per Page";"Colunas por página";"";"Revisado"
"Analysis";"Epi.Windows.Analysis.Dialogs.TablesDialog";"cbxMatch.Text";"Matched Anal&ysis";"Análise &pareada";"";"Revisado"
"Analysis";"Epi.Windows.Analysis.Dialogs.TablesDialog";"cbxNoLineWrap.Text";"&No Line Wrap";"&Não quebrar linhas";"";"Revisado"
"Analysis";"Epi.Windows.Analysis.Dialogs.TablesDialog";"cbxStatistics.Text";"Show Statistics";"Mostrar estatísticas";"";"Revisado"
"Analysis";"Epi.Windows.Analysis.Dialogs.TablesDialog";"gbxPageSettings.Text";"Optional Page Settings";"Configurações opcionais da página";"";"Revisado"
"Analysis";"Epi.Windows.Analysis.Dialogs.TablesDialog";"lblExposure.Text";"E&xposure Variable";"Variável de e&xposição";"";"Revisado"
"Analysis";"Epi.Windows.Analysis.Dialogs.TablesDialog";"lblOutcomeVar.Text";"Ou&tcome Variable";"Variável de &desfecho";"";"Revisado"
"Analysis";"Epi.Windows.Analysis.Dialogs.TablesDialog";"lblOutput.Text";"O&utput to Table";"Saída pa&ra a tabela";"";"Revisado"
"Analysis";"Epi.Windows.Analysis.Dialogs.TablesDialog";"lblStratifyBy.Text";"St&ratify by";"&Estratificar por";"";"Revisado"
"Analysis";"Epi.Windows.Analysis.Dialogs.TablesDialog";"lblWeight.Text";"&Weight";"Pes&o";"";"Revisado"
"Analysis";"Epi.Windows.Analysis.Dialogs.TypeoutDialog";"$this.Text";"Type to Output";"Inserir na saída";"";"Revisado"
"Analysis";"Epi.Windows.Analysis.Dialogs.TypeoutDialog";"aquaToolStripMenuItem.Text";"Aqua (Blue --)";"Água-marinha (Azul --)";"";"Revisado"
"Analysis";"Epi.Windows.Analysis.Dialogs.TypeoutDialog";"blackToolStripMenuItem.Text";"Black (Black ++)";"Preto (Preto ++)";"";"Revisado"
"Analysis";"Epi.Windows.Analysis.Dialogs.TypeoutDialog";"blueToolStripMenuItem.Text";"Blue (Blue +)";"Azul (Azul +)";"";""
"Analysis";"Epi.Windows.Analysis.Dialogs.TypeoutDialog";"boldToolStripButton.Text";"toolStripButton1";"toolStripButton1";"NAO_TRADUZIDO";""
"Analysis";"Epi.Windows.Analysis.Dialogs.TypeoutDialog";"boldToolStripButton.ToolTipText";"Bold";"Negrito";"";""
"Analysis";"Epi.Windows.Analysis.Dialogs.TypeoutDialog";"btnBrowse.Text";"Browse";"Procurar…";"PONTUACAO";"Revisado"
"Analysis";"Epi.Windows.Analysis.Dialogs.TypeoutDialog";"btnCancel.Text";"Cancel";"Cancelar";"";""
"Analysis";"Epi.Windows.Analysis.Dialogs.TypeoutDialog";"btnClear.Text";"C&lear";"L&impar";"";"Revisado"
"Analysis";"Epi.Windows.Analysis.Dialogs.TypeoutDialog";"btnHelp.Text";"&Help";"&Ajuda";"";"Revisado"
"Analysis";"Epi.Windows.Analysis.Dialogs.TypeoutDialog";"btnOK.Text";"OK";"OK";"";"Revisado"
"Analysis";"Epi.Windows.Analysis.Dialogs.TypeoutDialog";"btnSaveOnly.Text";"&Save Only";"&Somente salvar";"";"Revisado"
"Analysis";"Epi.Windows.Analysis.Dialogs.TypeoutDialog";"cyanToolStripMenuItem.Text";"Cyan (Blue --)";"Ciano (Azul --)";"";"Revisado"
"Analysis";"Epi.Windows.Analysis.Dialogs.TypeoutDialog";"fontColorToolStripDDL.ToolTipText";"Font Color";"Cor da fonte";"";"Revisado"
"Analysis";"Epi.Windows.Analysis.Dialogs.TypeoutDialog";"fontSizeToolStripDDL.ToolTipText";"Font Size";"Tamanho da fonte";"";"Revisado"
"Analysis";"Epi.Windows.Analysis.Dialogs.TypeoutDialog";"fuchsiaToolStripMenuItem.Text";"Fuchsia (Red --)";"Fúcsia (Vermelho --)";"";""
"Analysis";"Epi.Windows.Analysis.Dialogs.TypeoutDialog";"grayToolStripMenuItem.Text";"Gray (Black -)";"Cinza (Preto -)";"";""
"Analysis";"Epi.Windows.Analysis.Dialogs.TypeoutDialog";"greenToolStripMenuItem.Text";"Green (Green ++)";"Verde (Verde ++)";"";""
"Analysis";"Epi.Windows.Analysis.Dialogs.TypeoutDialog";"helpToolStripButton.Text";"He&lp";"A&juda";"";"Revisado"
"Analysis";"Epi.Windows.Analysis.Dialogs.TypeoutDialog";"italicToolStripButton.Text";"toolStripButton2";"toolStripButton2";"NAO_TRADUZIDO";""
"Analysis";"Epi.Windows.Analysis.Dialogs.TypeoutDialog";"italicToolStripButton.ToolTipText";"Italic";"Itálico";"";"Revisado"
"Analysis";"Epi.Windows.Analysis.Dialogs.TypeoutDialog";"limeToolStripMenuItem.Text";"Lime (Green +)";"Limão (Verde +)";"";""
"Analysis";"Epi.Windows.Analysis.Dialogs.TypeoutDialog";"magentaToolStripMenuItem.Text";"Magenta (Red --)";"Magenta (Vermelho --)";"";"Revisado"
"Analysis";"Epi.Windows.Analysis.Dialogs.TypeoutDialog";"maroonToolStripMenuItem.Text";"Maroon (Red ++)";"Marrom (Vermelho ++)";"";""
"Analysis";"Epi.Windows.Analysis.Dialogs.TypeoutDialog";"navyToolStripMenuItem.Text";"Navy (Blue ++)";"Azul Marinho (Azul ++)";"";""
"Analysis";"Epi.Windows.Analysis.Dialogs.TypeoutDialog";"oliveToolStripMenuItem.Text";"Olive (Green -)";"Verde oliva (Verde -)";"";""
"Analysis";"Epi.Windows.Analysis.Dialogs.TypeoutDialog";"optFilename.Text";"&Filename";"Ar&quivo";"";"Revisado"
"Analysis";"Epi.Windows.Analysis.Dialogs.TypeoutDialog";"optRichText.Text";"&Text";"&Texto";"";"Revisado"
"Analysis";"Epi.Windows.Analysis.Dialogs.TypeoutDialog";"purpleToolStripMenuItem.Text";"Purple (Red -)";"Roxo (Vermelho -)";"";"Revisado"
"Analysis";"Epi.Windows.Analysis.Dialogs.TypeoutDialog";"redToolStripMenuItem.Text";"Red (Red +)";"Vermelho (Vermelho +)";"LONGO";"Revisado"
"Analysis";"Epi.Windows.Analysis.Dialogs.TypeoutDialog";"silverToolStripMenuItem.Text";"Silver (Black +)";"Prata (Preto +)";"";""
"Analysis";"Epi.Windows.Analysis.Dialogs.TypeoutDialog";"tealToolStripMenuItem.Text";"Teal (Blue -)";"Verde-azulado (Azul -)";"";"Revisado"
"Analysis";"Epi.Windows.Analysis.Dialogs.TypeoutDialog";"toolStrip1.Text";"toolStrip1";"toolStrip1";"";""
"Analysis";"Epi.Windows.Analysis.Dialogs.TypeoutDialog";"underlineToolStripButton.ToolTipText";"Underline";"Sublinhado";"";""
"Analysis";"Epi.Windows.Analysis.Dialogs.TypeoutDialog";"whiteToolStripMenuItem.Text";"White (Black --)";"Branco (Preto --)";"";""
"Analysis";"Epi.Windows.Analysis.Dialogs.TypeoutDialog";"yellowToolStripMenuItem.Text";"Yellow (Green --)";"Amarelo (Verde --)";"";"Revisado"
"Analysis";"Epi.Windows.Analysis.Dialogs.UndefineVariableDialog";"$this.Text";"Undefine Variable";"Remover definição de variável";"";"Revisado"
"Analysis";"Epi.Windows.Analysis.Dialogs.UndefineVariableDialog";"btnCancel.Text";"Cancel";"Cancelar";"";""
"Analysis";"Epi.Windows.Analysis.Dialogs.UndefineVariableDialog";"btnClear.Text";"C&lear";"L&impar";"";"Revisado"
"Analysis";"Epi.Windows.Analysis.Dialogs.UndefineVariableDialog";"btnHelp.Text";"&Help";"&Ajuda";"";"Revisado"
"Analysis";"Epi.Windows.Analysis.Dialogs.UndefineVariableDialog";"btnOK.Text";"OK";"OK";"";"Revisado"
"Analysis";"Epi.Windows.Analysis.Dialogs.UndefineVariableDialog";"btnSaveOnly.Text";"&Save Only";"&Somente salvar";"";"Revisado"
"Analysis";"Epi.Windows.Analysis.Dialogs.UndefineVariableDialog";"lblVarName.Text";"&Variable Name";"&Nome da variável";"";"Revisado"
"Analysis";"Epi.Windows.Analysis.Dialogs.UndeleteRecordsDialog";"$this.Text";"Undelete Records";"Restaurar registros";"";"Revisado"
"Analysis";"Epi.Windows.Analysis.Dialogs.UndeleteRecordsDialog";"btnAnd.Text";"AND";"AND";"";"Revisado"
"Analysis";"Epi.Windows.Analysis.Dialogs.UndeleteRecordsDialog";"btnCancel.Text";"Cancel";"Cancelar";"";""
"Analysis";"Epi.Windows.Analysis.Dialogs.UndeleteRecordsDialog";"btnClear.Text";"C&lear";"L&impar";"";"Revisado"
"Analysis";"Epi.Windows.Analysis.Dialogs.UndeleteRecordsDialog";"btnFunction.Text";"f(x)";"f(x)";"";""
"Analysis";"Epi.Windows.Analysis.Dialogs.UndeleteRecordsDialog";"btnFunctions.Text";"&Functions";"&Funções";"";"Revisado"
"Analysis";"Epi.Windows.Analysis.Dialogs.UndeleteRecordsDialog";"btnHelp.Text";"&Help";"&Ajuda";"";"Revisado"
"Analysis";"Epi.Windows.Analysis.Dialogs.UndeleteRecordsDialog";"btnMissing.Text";"""Missing""";"""Ausente""";"";"Revisado"
"Analysis";"Epi.Windows.Analysis.Dialogs.UndeleteRecordsDialog";"btnNo.Text";"""No""";"""Não""";"";""
"Analysis";"Epi.Windows.Analysis.Dialogs.UndeleteRecordsDialog";"btnOK.Text";"OK";"OK";"";"Revisado"
"Analysis";"Epi.Windows.Analysis.Dialogs.UndeleteRecordsDialog";"btnOr.Text";"OR";"OR";"";""
"Analysis";"Epi.Windows.Analysis.Dialogs.UndeleteRecordsDialog";"btnSaveOnly.Text";"&Save Only";"&Somente salvar";"";"Revisado"
"Analysis";"Epi.Windows.Analysis.Dialogs.UndeleteRecordsDialog";"btnYes.Text";"""Yes""";"""Sim""";"";""
"Analysis";"Epi.Windows.Analysis.Dialogs.UndeleteRecordsDialog";"cbkRunSilent.Text";"&Run Silent";"Executar em modo si&lencioso";"LONGO";"Revisado"
"Analysis";"Epi.Windows.Analysis.Dialogs.UndeleteRecordsDialog";"lblAvailableVar.Text";"Available &Variables";"&Variáveis disponíveis";"";"Revisado"
"Analysis";"Epi.Windows.Analysis.Dialogs.UndeleteRecordsDialog";"lblRecAffected.Text";"&Records Affected (* for all)";"&Registros afetados (* para todos)";"";"Revisado"
"Analysis";"Epi.Windows.Analysis.Dialogs.WriteDialog";"$this.Text";"Write";"Gravar";"";""
"Analysis";"Epi.Windows.Analysis.Dialogs.WriteDialog";"btnCancel.Text";"Cancel";"Cancelar";"";""
"Analysis";"Epi.Windows.Analysis.Dialogs.WriteDialog";"btnClear.Text";"C&lear";"L&impar";"";"Revisado"
"Analysis";"Epi.Windows.Analysis.Dialogs.WriteDialog";"btnGetFile.Text";"Browse";"Procurar…";"PONTUACAO";"Revisado"
"Analysis";"Epi.Windows.Analysis.Dialogs.WriteDialog";"btnHelp.Text";"&Help";"&Ajuda";"";"Revisado"
"Analysis";"Epi.Windows.Analysis.Dialogs.WriteDialog";"btnOK.Text";"OK";"OK";"";"Revisado"
"Analysis";"Epi.Windows.Analysis.Dialogs.WriteDialog";"btnSaveOnly.Text";"&Save Only";"&Somente salvar";"";"Revisado"
"Analysis";"Epi.Windows.Analysis.Dialogs.WriteDialog";"cbxAllExcept.Text";"All (*) E&xcept";"Todos (*) e&xceto";"";"Revisado"
"Analysis";"Epi.Windows.Analysis.Dialogs.WriteDialog";"gbxOutputMode.Text";"Output Mode";"Modo de saída";"";"Revisado"
"Analysis";"Epi.Windows.Analysis.Dialogs.WriteDialog";"label1.Text";"&Variables";"&Variáveis";"";"Revisado"
"Analysis";"Epi.Windows.Analysis.Dialogs.WriteDialog";"lblDataTable.Text";"Destination Table";"Tabela de destino";"";"Revisado"
"Analysis";"Epi.Windows.Analysis.Dialogs.WriteDialog";"lblFilename.Text";"Connection Information";"Informações de conexão";"";"Revisado"
"Analysis";"Epi.Windows.Analysis.Dialogs.WriteDialog";"lblOutputFormat.Text";"Output &Format";"&Formato de saída";"";"Revisado"
"Analysis";"Epi.Windows.Analysis.Dialogs.WriteDialog";"rdbAppend.Text";"A&ppend";"Acrescen&tar";"";"Revisado"
"Analysis";"Epi.Windows.Analysis.Dialogs.WriteDialog";"rdbReplace.Text";"&Replace";"Substit&uir";"";"Revisado"
"Analysis";"Epi.Windows.Analysis.Forms.AnalysisMainForm";"$this.Text";"Epi Info 7 - Analysis";"Epi Info 7 - Análise";"";"Revisado"
"Analysis";"Epi.Windows.Analysis.Forms.AnalysisMainForm";"aboutEpiInfo7ToolStripMenuItem.Text";"&About Epi Info 7";"&Sobre o Epi Info 7";"";"Revisado"
"Analysis";"Epi.Windows.Analysis.Forms.AnalysisMainForm";"contentsToolStripMenuItem.Text";"&Contents";"&Conteúdo";"";"Revisado"
"Analysis";"Epi.Windows.Analysis.Forms.AnalysisMainForm";"epiInfoLogsToolStripMenuItem.Text";"Epi Info &Logs…";"&Logs do Epi Info…";"";"Revisado"
"Analysis";"Epi.Windows.Analysis.Forms.AnalysisMainForm";"exitToolStripMenuItem.Text";"E&xit";"Sa&ir";"";"Revisado"
"Analysis";"Epi.Windows.Analysis.Forms.AnalysisMainForm";"fileToolStripMenuItem.Text";"&File";"&Arquivo";"";"Revisado"
"Analysis";"Epi.Windows.Analysis.Forms.AnalysisMainForm";"helpToolStripMenuItem.Text";"&Help";"A&juda";"";"Revisado"
"Analysis";"Epi.Windows.Analysis.Forms.AnalysisMainForm";"menuStrip1.Text";"menuStrip1";"menuStrip1";"";""
"Analysis";"Epi.Windows.Analysis.Forms.AnalysisMainForm";"optionsToolStripMenuItem.Text";"&Options…";"&Opções…";"";"Revisado"
"Analysis";"Epi.Windows.Analysis.Forms.AnalysisMainForm";"statusBarToolStripMenuItem.Text";"&Status Bar";"Barra de &status";"";"Revisado"
"Analysis";"Epi.Windows.Analysis.Forms.AnalysisMainForm";"toolsToolStripMenuItem.Text";"&Tools";"&Ferramentas";"";"Revisado"
"Analysis";"Epi.Windows.Analysis.Forms.AnalysisMainForm";"toolStripContainer1.Text";"toolStripContainer1";"toolStripContainer1";"";""
"Analysis";"Epi.Windows.Analysis.Forms.AnalysisMainForm";"toolStripMenuItem1.Text";"Add Statistics Plug-ins…";"Adicionar plug-ins de estatística…";"";"Revisado"
"Analysis";"Epi.Windows.Analysis.Forms.AnalysisMainForm";"viewToolStripMenuItem.Text";"&View";"E&xibir";"";"Revisado"
"Analysis";"Epi.Windows.Analysis.Forms.CommandExplorer";"Advanced Statistics.Text";"Advanced Statistics";"Estatísticas avançadas";"";"Revisado"
"Analysis";"Epi.Windows.Analysis.Forms.CommandExplorer";"Assign.Text";"Assign";"Atribuir";"";""
"Analysis";"Epi.Windows.Analysis.Forms.CommandExplorer";"Beep.Text";"Beep";"Beep";"";"Revisado"
"Analysis";"Epi.Windows.Analysis.Forms.CommandExplorer";"Cancel Select.Text";"Cancel Select";"Cancelar seleção";"";"Revisado"
"Analysis";"Epi.Windows.Analysis.Forms.CommandExplorer";"Cancel Sort.Text";"Cancel Sort";"Cancelar ordenação";"";"Revisado"
"Analysis";"Epi.Windows.Analysis.Forms.CommandExplorer";"Close Out.Text";"";"Fechar saída";"";"Revisado"
"Analysis";"Epi.Windows.Analysis.Forms.CommandExplorer";"CloseOut.Text";"CloseOut";"Fechar saída";"";"Revisado"
"Analysis";"Epi.Windows.Analysis.Forms.CommandExplorer";"CommandExplorer.Text";"Command Explorer";"Explorador de comandos";"";"Revisado"
"Analysis";"Epi.Windows.Analysis.Forms.CommandExplorer";"Complex  Sample Frequencies.Text";"";"Frequências de amostras complexas";"";"Revisado"
"Analysis";"Epi.Windows.Analysis.Forms.CommandExplorer";"Complex Sample Frequencies.Text";"Complex Sample Frequencies";"Frequências de amostras complexas";"";"Revisado"
"Analysis";"Epi.Windows.Analysis.Forms.CommandExplorer";"Complex Sample Means.Text";"Complex Sample Means";"Médias de amostras complexas";"";"Revisado"
"Analysis";"Epi.Windows.Analysis.Forms.CommandExplorer";"Complex Sample Tables.Text";"Complex Sample Tables";"Tabelas de amostras complexas";"";"Revisado"
"Analysis";"Epi.Windows.Analysis.Forms.CommandExplorer";"Cox Proportional Hazards.Text";"Cox Proportional Hazards";"Riscos proporcionais de Cox";"";"Revisado"
"Analysis";"Epi.Windows.Analysis.Forms.CommandExplorer";"Data.Text";"Data";"Dados";"";""
"Analysis";"Epi.Windows.Analysis.Forms.CommandExplorer";"Define Command.Text";"Define Command";"Definir comando";"";"Revisado"
"Analysis";"Epi.Windows.Analysis.Forms.CommandExplorer";"Define Group.Text";"";"Definir grupo";"";"Revisado"
"Analysis";"Epi.Windows.Analysis.Forms.CommandExplorer";"Define.Text";"Define";"Definir";"";""
"Analysis";"Epi.Windows.Analysis.Forms.CommandExplorer";"DefineGroup.Text";"DefineGroup";"Definir grupo";"";"Revisado"
"Analysis";"Epi.Windows.Analysis.Forms.CommandExplorer";"Delete File/Table.Text";"Delete File/Table";"Excluir arquivo/tabela";"";"Revisado"
"Analysis";"Epi.Windows.Analysis.Forms.CommandExplorer";"Delete Records.Text";"Delete Records";"Excluir registros";"";"Revisado"
"Analysis";"Epi.Windows.Analysis.Forms.CommandExplorer";"DeleteFile/Table.Text";"";"Excluir arquivo/tabela";"";"Revisado"
"Analysis";"Epi.Windows.Analysis.Forms.CommandExplorer";"Dialog.Text";"Dialog";"Diálogo";"";""
"Analysis";"Epi.Windows.Analysis.Forms.CommandExplorer";"Display.Text";"Display";"Exibir";"";"Revisado"
"Analysis";"Epi.Windows.Analysis.Forms.CommandExplorer";"Execute File.Text";"Execute File";"Executar arquivo";"";"Revisado"
"Analysis";"Epi.Windows.Analysis.Forms.CommandExplorer";"Frequencies.Text";"Frequencies";"Frequências";"";""
"Analysis";"Epi.Windows.Analysis.Forms.CommandExplorer";"Graph.Text";"Graph";"Gráfico";"";""
"Analysis";"Epi.Windows.Analysis.Forms.CommandExplorer";"Header.Text";"Header";"Cabeçalho";"";""
"Analysis";"Epi.Windows.Analysis.Forms.CommandExplorer";"If.Text";"If";"Se";"";""
"Analysis";"Epi.Windows.Analysis.Forms.CommandExplorer";"Kaplan-Meier Survival.Text";"Kaplan-Meier Survival";"Sobrevida de Kaplan-Meier";"";"Revisado"
"Analysis";"Epi.Windows.Analysis.Forms.CommandExplorer";"Linear Regression.Text";"Linear Regression";"Regressão Linear";"";""
"Analysis";"Epi.Windows.Analysis.Forms.CommandExplorer";"List.Text";"List";"Lista";"";""
"Analysis";"Epi.Windows.Analysis.Forms.CommandExplorer";"Logistic Regression.Text";"Logistic Regression";"Regressão Logística";"";""
"Analysis";"Epi.Windows.Analysis.Forms.CommandExplorer";"Means.Text";"Means";"Médias";"";""
"Analysis";"Epi.Windows.Analysis.Forms.CommandExplorer";"Merge.Text";"Merge";"Mesclar";"";"Revisado"
"Analysis";"Epi.Windows.Analysis.Forms.CommandExplorer";"Options.Text";"Options";"Opções";"";""
"Analysis";"Epi.Windows.Analysis.Forms.CommandExplorer";"Output.Text";"Output";"Saída";"";""
"Analysis";"Epi.Windows.Analysis.Forms.CommandExplorer";"PrintOut.Text";"PrintOut";"Imprimir saída";"";"Revisado"
"Analysis";"Epi.Windows.Analysis.Forms.CommandExplorer";"Quit Program.Text";"Quit Program";"Sair do programa";"";"Revisado"
"Analysis";"Epi.Windows.Analysis.Forms.CommandExplorer";"Read.Text";"Read";"Ler";"";"Revisado"
"Analysis";"Epi.Windows.Analysis.Forms.CommandExplorer";"Recode.Text";"Recode";"Recodificar";"";""
"Analysis";"Epi.Windows.Analysis.Forms.CommandExplorer";"Relate.Text";"Relate";"Relacionar";"";"Revisado"
"Analysis";"Epi.Windows.Analysis.Forms.CommandExplorer";"Route Out.Text";"";"Direcionar saída";"";"Revisado"
"Analysis";"Epi.Windows.Analysis.Forms.CommandExplorer";"RouteOut.Text";"RouteOut";"Direcionar saída";"LONGO";"Revisado"
"Analysis";"Epi.Windows.Analysis.Forms.CommandExplorer";"Run Saved Program.Text";"Run Saved Program";"Executar programa salvo";"";"Revisado"
"Analysis";"Epi.Windows.Analysis.Forms.CommandExplorer";"Run.Saved Program.Text";"";"Executar programa salvo";"";"Revisado"
"Analysis";"Epi.Windows.Analysis.Forms.CommandExplorer";"Select.Text";"Select";"Selecionar";"";""
"Analysis";"Epi.Windows.Analysis.Forms.CommandExplorer";"Select/If.Text";"Select/If";"Selecionar/Se";"";""
"Analysis";"Epi.Windows.Analysis.Forms.CommandExplorer";"Set.Text";"Set";"Configurar";"";"Revisado"
"Analysis";"Epi.Windows.Analysis.Forms.CommandExplorer";"Sort.Text";"Sort";"Ordenar";"";""
"Analysis";"Epi.Windows.Analysis.Forms.CommandExplorer";"Statistics.Text";"Statistics";"Estatísticas";"";""
"Analysis";"Epi.Windows.Analysis.Forms.CommandExplorer";"Storing Output.Text";"Storing Output";"Armazenar saída";"";"Revisado"
"Analysis";"Epi.Windows.Analysis.Forms.CommandExplorer";"Summarize.Text";"Summarize";"Resumir";"";""
"Analysis";"Epi.Windows.Analysis.Forms.CommandExplorer";"Tables.Text";"Tables";"Tabelas";"";""
"Analysis";"Epi.Windows.Analysis.Forms.CommandExplorer";"Type.Text";"Type";"Inserir na saída";"LONGO";"Revisado"
"Analysis";"Epi.Windows.Analysis.Forms.CommandExplorer";"Undefine.Text";"Undefine";"Remover definição";"LONGO";"Revisado"
"Analysis";"Epi.Windows.Analysis.Forms.CommandExplorer";"Undelete Records.Text";"Undelete Records";"Restaurar registros";"";"Revisado"
"Analysis";"Epi.Windows.Analysis.Forms.CommandExplorer";"User Command.Text";"User Command";"Comando do usuário";"";"Revisado"
"Analysis";"Epi.Windows.Analysis.Forms.CommandExplorer";"User Interaction.Text";"User Interaction";"Interação com o usuário";"";"Revisado"
"Analysis";"Epi.Windows.Analysis.Forms.CommandExplorer";"User-Defined Commands.Text";"User-Defined Commands";"Comandos definidos pelo usuário";"";"Revisado"
"Analysis";"Epi.Windows.Analysis.Forms.CommandExplorer";"Variables.Text";"Variables";"Variáveis";"";""
"Analysis";"Epi.Windows.Analysis.Forms.CommandExplorer";"Write (Export).Text";"Write (Export)";"Gravar (Exportar)";"";""
"Analysis";"Epi.Windows.Analysis.Forms.ProgramEditor";"$this.Text";"Program Editor";"Editor de programas";"";"Revisado"
"Analysis";"Epi.Windows.Analysis.Forms.ProgramEditor";"btnCancelRunningCommands.Text";"&Cancel";"&Cancelar";"";"Revisado"
"Analysis";"Epi.Windows.Analysis.Forms.ProgramEditor";"btnNew.Text";"&New Pgm";"&Novo pgm";"";"Revisado"
"Analysis";"Epi.Windows.Analysis.Forms.ProgramEditor";"btnOpen.Text";"&Open Pgm";"&Abrir pgm";"";"Revisado"
"Analysis";"Epi.Windows.Analysis.Forms.ProgramEditor";"btnPrint.Text";"&Print...";"&Imprimir…";"";"Revisado"
"Analysis";"Epi.Windows.Analysis.Forms.ProgramEditor";"btnRun.Text";"&Run Commands";"&Executar comandos";"";"Revisado"
"Analysis";"Epi.Windows.Analysis.Forms.ProgramEditor";"btnRunThisCommand.Text";"";"Executar este comando";"";"Revisado"
"Analysis";"Epi.Windows.Analysis.Forms.ProgramEditor";"btnSave.Text";"&Save Pgm";"&Salvar pgm";"";"Revisado"
"Analysis";"Epi.Windows.Analysis.Forms.ProgramEditor";"copyToolStripMenuItem.Text";"Copy";"Copiar";"";""
"Analysis";"Epi.Windows.Analysis.Forms.ProgramEditor";"copyToolStripMenuItem2.Text";"Copy";"Copiar";"";""
"Analysis";"Epi.Windows.Analysis.Forms.ProgramEditor";"cutToolStripMenuItem.Text";"Cut";"Cortar";"";""
"Analysis";"Epi.Windows.Analysis.Forms.ProgramEditor";"deleteToolStripMenuItem.Text";"Delete";"Excluir";"";"Revisado"
"Analysis";"Epi.Windows.Analysis.Forms.ProgramEditor";"menuStrip1.Text";"menuStrip1";"menuStrip1";"";""
"Analysis";"Epi.Windows.Analysis.Forms.ProgramEditor";"mnuEdit.Text";"&Edit";"&Editar";"";"Revisado"
"Analysis";"Epi.Windows.Analysis.Forms.ProgramEditor";"mnuEditCopy.Text";"Copy";"Copiar";"";""
"Analysis";"Epi.Windows.Analysis.Forms.ProgramEditor";"mnuEditCut.Text";"Cu&t";"Cor&tar";"";"Revisado"
"Analysis";"Epi.Windows.Analysis.Forms.ProgramEditor";"mnuEditDeleteLine.Text";"";"Excluir linha";"";"Revisado"
"Analysis";"Epi.Windows.Analysis.Forms.ProgramEditor";"mnuEditFind.Text";"Find";"Localizar";"";"Revisado"
"Analysis";"Epi.Windows.Analysis.Forms.ProgramEditor";"mnuEditFindNext.Text";"Find Next";"Localizar próximo";"LONGO";"Revisado"
"Analysis";"Epi.Windows.Analysis.Forms.ProgramEditor";"mnuEditInsertCommandAtCursor.Text";"Insert command at cursor";"Inserir comando no cursor";"";"Revisado"
"Analysis";"Epi.Windows.Analysis.Forms.ProgramEditor";"mnuEditPaste.Text";"Paste";"Colar";"";"Revisado"
"Analysis";"Epi.Windows.Analysis.Forms.ProgramEditor";"mnuEditProgramBeginning.Text";"Program Beginning";"Início do programa";"";"Revisado"
"Analysis";"Epi.Windows.Analysis.Forms.ProgramEditor";"mnuEditProgramEnd.Text";"Program End";"Fim do programa";"";"Revisado"
"Analysis";"Epi.Windows.Analysis.Forms.ProgramEditor";"mnuEditRedo.Text";"Redo";"Refazer";"";"Revisado"
"Analysis";"Epi.Windows.Analysis.Forms.ProgramEditor";"mnuEditReplace.Text";"Replace";"Substituir";"";"Revisado"
"Analysis";"Epi.Windows.Analysis.Forms.ProgramEditor";"mnuEditUndo.Text";"Undo";"Desfazer";"";"Revisado"
"Analysis";"Epi.Windows.Analysis.Forms.ProgramEditor";"mnuFile.Text";"&File";"&Arquivo";"";"Revisado"
"Analysis";"Epi.Windows.Analysis.Forms.ProgramEditor";"mnuFileNew.Text";"&New…";"&Novo…";"";"Revisado"
"Analysis";"Epi.Windows.Analysis.Forms.ProgramEditor";"mnuFileOpen.Text";"&Open Pgm…";"&Abrir pgm…";"";"Revisado"
"Analysis";"Epi.Windows.Analysis.Forms.ProgramEditor";"mnuFilePrint.Text";"&Print…";"&Imprimir…";"";"Revisado"
"Analysis";"Epi.Windows.Analysis.Forms.ProgramEditor";"mnuFilePrintSetup.Text";"Page Setu&p…";"Configurar &página…";"";"Revisado"
"Analysis";"Epi.Windows.Analysis.Forms.ProgramEditor";"mnuFileSave.Text";"&Save Pgm";"&Salvar pgm";"";"Revisado"
"Analysis";"Epi.Windows.Analysis.Forms.ProgramEditor";"mnuFileSaveAs.Text";"Save Pgm &As…";"Salvar pgm &como…";"";"Revisado"
"Analysis";"Epi.Windows.Analysis.Forms.ProgramEditor";"mnuFonts.Text";"&Fonts";"&Fontes";"";"Revisado"
"Analysis";"Epi.Windows.Analysis.Forms.ProgramEditor";"mnuFontsSetEditorFont.Text";"Set Editor Font";"Definir fonte do editor";"";"Revisado"
"Analysis";"Epi.Windows.Analysis.Forms.ProgramEditor";"mnuSelectAll.Text";"Select All";"Selecionar tudo";"";"Revisado"
"Analysis";"Epi.Windows.Analysis.Forms.ProgramEditor";"pasteToolStripMenuItem.Text";"Paste";"Pegar";"";""
"Analysis";"Epi.Windows.Analysis.Forms.ProgramEditor";"ProgramEditor.Text";"";"Editor de programas";"";"Revisado"
"Analysis";"Epi.Windows.Analysis.Forms.ProgramEditor";"toolStrip1.Text";"toolStrip1";"toolStrip1";"";""
"Enter";"Epi.Enter.Forms.ImportDataForm";"$this.Text";"Import Data From Form";"Importar dados de um formulário";"";"Revisado"
"Enter";"Epi.Enter.Forms.ImportDataForm";"btnBrowse.Text";"Browse";"Procurar…";"PONTUACAO";"Revisado"
"Enter";"Epi.Enter.Forms.ImportDataForm";"btnCancel.Text";"Close";"Fechar";"";"Revisado"
"Enter";"Epi.Enter.Forms.ImportDataForm";"btnOK.Text";"Import";"Importar";"";""
"Enter";"Epi.Enter.Forms.ImportDataForm";"groupImportInfo.Text";"Import Information";"Informações da importação";"";"Revisado"
"Enter";"Epi.Enter.Forms.ImportDataForm";"grpTypeOfImport.Text";"Type of Import";"Tipo de importação";"";"Revisado"
"Enter";"Epi.Enter.Forms.ImportDataForm";"lblDescription.Text";"The import process will merge records from a similar or identical Epi Info 7 form based on each record's GlobalRecordId value. Records in the destination form whose GlobalRecordId value matches a record in the source form will be updated, and unmatched records will be appended. Fields that exist in only the source form or only the destination form will be ignored.";"O processo de importação mescla registros de um formulário do Epi Info 7 semelhante ou idêntico, com base no valor de GlobalRecordId de cada registro. Os registros do formulário de destino cujo valor de GlobalRecordId coincide com o de um registro do formulário de origem serão atualizados, e os registros sem correspondência serão acrescentados. Os campos que existem apenas no formulário de origem ou apenas no formulário de destino serão ignorados.";"";"Revisado"
"Enter";"Epi.Enter.Forms.ImportDataForm";"lblFormName.Text";"Form data to import:";"Dados do formulário a importar:";"";"Revisado"
"Enter";"Epi.Enter.Forms.ImportDataForm";"lblProjectFile.Text";"Project containing the data to import:";"Projeto que contém os dados a importar:";"";"Revisado"
"Enter";"Epi.Enter.Forms.ImportDataForm";"lblWarning.Text";"Warning:";"Aviso:";"";"Revisado"
"Enter";"Epi.Enter.Forms.ImportDataForm";"lblWarningMessage.Text";"Import operations are permanent and cannot be undone. Be sure the form structures are the same before proceeding.";"As operações de importação são permanentes e não podem ser desfeitas. Confirme que as estruturas dos formulários são iguais antes de continuar.";"";"Revisado"
"Enter";"Epi.Enter.Forms.ImportDataForm";"rdbAppend.Text";"Append records only";"Somente acrescentar registros";"";"Revisado"
"Enter";"Epi.Enter.Forms.ImportDataForm";"rdbUpdate.Text";"Update records only";"Somente atualizar registros";"";"Revisado"
"Enter";"Epi.Enter.Forms.ImportDataForm";"rdbUpdateAndAppend.Text";"Update and append records";"Atualizar e acrescentar registros";"";"Revisado"
"Enter";"Epi.Enter.Forms.ImportDataForm";"textProgress.Text";"Ready";"Pronto";"";"Revisado"
"Enter";"Epi.Enter.Forms.ImportDataForm";"toolStripMenuItem_Copy.Text";"Copy to Clipboard";"Copiar para a Área de Transferência";"LONGO";"Revisado"
"Enter";"Epi.Enter.Forms.ImportPhoneDataForm";"$this.Text";"Import Data From Mobile Device";"Importar dados de dispositivo móvel";"";"Revisado"
"Enter";"Epi.Enter.Forms.ImportPhoneDataForm";"btnBrowse.Text";"Browse";"Procurar…";"PONTUACAO";"Revisado"
"Enter";"Epi.Enter.Forms.ImportPhoneDataForm";"btnCancel.Text";"Close";"Fechar";"";"Revisado"
"Enter";"Epi.Enter.Forms.ImportPhoneDataForm";"btnOK.Text";"Import";"Importar";"";""
"Enter";"Epi.Enter.Forms.ImportPhoneDataForm";"groupImportInfo.Text";"Import Information";"Informações da importação";"";"Revisado"
"Enter";"Epi.Enter.Forms.ImportPhoneDataForm";"grpTypeOfImport.Text";"Type of Import";"Tipo de importação";"";"Revisado"
"Enter";"Epi.Enter.Forms.ImportPhoneDataForm";"label1.Text";"Destination";"Destino";"";"Revisado"
"Enter";"Epi.Enter.Forms.ImportPhoneDataForm";"lblDescription.Text";"The import process will merge records from a mobile version of this form based on each record's GlobalRecordId value. Records in the destination form whose GlobalRecordId value matches a record in the source form will be updated, and unmatched records will be appended. Fields that exist in only the source form or only the destination form will be ignored.";"O processo de importação mescla registros de uma versão móvel deste formulário, com base no valor de GlobalRecordId de cada registro. Os registros do formulário de destino cujo valor de GlobalRecordId coincide com o de um registro do formulário de origem serão atualizados, e os registros sem correspondência serão acrescentados. Os campos que existem apenas no formulário de origem ou apenas no formulário de destino serão ignorados.";"";"Revisado"
"Enter";"Epi.Enter.Forms.ImportPhoneDataForm";"lblPassword.Text";"Password:";"Senha:";"";"Revisado"
"Enter";"Epi.Enter.Forms.ImportPhoneDataForm";"lblProjectFile.Text";"Mobile sync file(s) to import:";"Arquivo(s) de sincronização móvel a importar:";"";"Revisado"
"Enter";"Epi.Enter.Forms.ImportPhoneDataForm";"lblWarning.Text";"Warning:";"Aviso:";"";"Revisado"
"Enter";"Epi.Enter.Forms.ImportPhoneDataForm";"lblWarningMessage.Text";"Import operations are permanent and cannot be undone. Be sure the form structures are the same before proceeding.";"As operações de importação são permanentes e não podem ser desfeitas. Confirme que as estruturas dos formulários são iguais antes de continuar.";"";"Revisado"
"Enter";"Epi.Enter.Forms.ImportPhoneDataForm";"rdbAppend.Text";"Append records only";"Somente acrescentar registros";"";"Revisado"
"Enter";"Epi.Enter.Forms.ImportPhoneDataForm";"rdbUpdate.Text";"Update records only";"Somente atualizar registros";"";"Revisado"
"Enter";"Epi.Enter.Forms.ImportPhoneDataForm";"rdbUpdateAndAppend.Text";"Update and append records";"Atualizar e acrescentar registros";"";"Revisado"
"Enter";"Epi.Enter.Forms.ImportPhoneDataForm";"textProgress.Text";"Ready";"Pronto";"";"Revisado"
"Enter";"Epi.Enter.Forms.ImportPhoneDataForm";"toolStripMenuItem_Copy.Text";"Copy to Clipboard";"Copiar para a Área de Transferência";"LONGO";"Revisado"
"Enter";"Epi.Enter.Forms.ImportWebDataForm";"$this.Text";"Import Data From Web Survey";"Importar dados do Web Survey";"";"Revisado"
"Enter";"Epi.Enter.Forms.ImportWebDataForm";"btnCancel.Text";"Close";"Fechar";"";"Revisado"
"Enter";"Epi.Enter.Forms.ImportWebDataForm";"btnOK.Text";"Import";"Importar";"";""
"Enter";"Epi.Enter.Forms.ImportWebDataForm";"groupBox1.Text";"Records to Import";"Registros a importar";"";"Revisado"
"Enter";"Epi.Enter.Forms.ImportWebDataForm";"groupImportInfo.Text";"Import Information";"Informações da importação";"";"Revisado"
"Enter";"Epi.Enter.Forms.ImportWebDataForm";"grpImportMode.Text";"Mode to Import";"Modo de importação";"";"Revisado"
"Enter";"Epi.Enter.Forms.ImportWebDataForm";"lblDataGUID.Text";"Security Token:";"Token de segurança:";"";"Revisado"
"Enter";"Epi.Enter.Forms.ImportWebDataForm";"lblDescription.Text";"The import process will merge records from a web-based version of this form based on each record's GlobalRecordId value. Records in the destination form whose GlobalRecordId value matches a record in the source form will be updated, and unmatched records will be appended. Fields that exist in only the source form or only the destination form will be ignored.";"O processo de importação mescla registros de uma versão web deste formulário, com base no valor de GlobalRecordId de cada registro. Os registros do formulário de destino cujo valor de GlobalRecordId coincide com o de um registro do formulário de origem serão atualizados, e os registros sem correspondência serão acrescentados. Os campos que existem apenas no formulário de origem ou apenas no formulário de destino serão ignorados.";"";"Revisado"
"Enter";"Epi.Enter.Forms.ImportWebDataForm";"lblFullImport.Text";"Full import (includes previously imported records)";"Importação completa (inclui registros importados anteriormente)";"";"Revisado"
"Enter";"Epi.Enter.Forms.ImportWebDataForm";"lblIncrementalImport.Text";"Incremental import (records not yet imported)";"Importação incremental (registros ainda não importados)";"";"Revisado"
"Enter";"Epi.Enter.Forms.ImportWebDataForm";"lblOrganization.Text";"Organization Key:";"Chave da organização:";"";"Revisado"
"Enter";"Epi.Enter.Forms.ImportWebDataForm";"lblProjectFile.Text";"Web Survey Key:";"Chave do Web Survey:";"";"Revisado"
"Enter";"Epi.Enter.Forms.ImportWebDataForm";"lblWarning.Text";"Warning:";"Aviso:";"";"Revisado"
"Enter";"Epi.Enter.Forms.ImportWebDataForm";"lblWarningMessage.Text";"Import operations are permanent and cannot be undone. Be sure the form structures are the same before proceeding.";"As operações de importação são permanentes e não podem ser desfeitas. Confirme que as estruturas dos formulários são iguais antes de continuar.";"";"Revisado"
"Enter";"Epi.Enter.Forms.ImportWebDataForm";"rdbAllRecords.Text";"Unfinished and finished records";"Registros não finalizados e finalizados";"";"Revisado"
"Enter";"Epi.Enter.Forms.ImportWebDataForm";"rdbDraftMode.Text";"Records in DRAFT mode";"Registros no modo RASCUNHO";"";"Revisado"
"Enter";"Epi.Enter.Forms.ImportWebDataForm";"rdbFinalMode.Text";"Records in FINAL mode";"Registros no modo FINAL";"";"Revisado"
"Enter";"Epi.Enter.Forms.ImportWebDataForm";"rdbSubmittedFull.Text";"Finished records only";"Somente registros finalizados";"";"Revisado"
"Enter";"Epi.Enter.Forms.ImportWebDataForm";"rdbSubmittedIncremental.Text";"Finished records only";"Somente registros finalizados";"";"Revisado"
"Enter";"Epi.Enter.Forms.ImportWebDataForm";"textProgress.Text";"Ready";"Pronto";"";"Revisado"
"Enter";"Epi.Enter.Forms.ImportWebDataForm";"toolStripMenuItem_Copy.Text";"Copy to Clipboard";"Copiar para a Área de Transferência";"LONGO";"Revisado"
"Enter";"Epi.Enter.Forms.ImportWebEnterDataForm";"$this.Text";"Import Data From Cloud Data Capture";"Importar dados do Cloud Data Capture";"";"Revisado"
"Enter";"Epi.Enter.Forms.ImportWebEnterDataForm";"btnCancel.Text";"Close";"Fechar";"";"Revisado"
"Enter";"Epi.Enter.Forms.ImportWebEnterDataForm";"btnOK.Text";"Import";"Importar";"";""
"Enter";"Epi.Enter.Forms.ImportWebEnterDataForm";"chkIncremental.Text";"Incremental import (records not previously imported)";"Importação incremental (registros não importados anteriormente)";"";"Revisado"
"Enter";"Epi.Enter.Forms.ImportWebEnterDataForm";"groupImportInfo.Text";"Import Information";"Informações da importação";"";"Revisado"
"Enter";"Epi.Enter.Forms.ImportWebEnterDataForm";"grpImportMode.Text";"Mode to Import";"Modo de importação";"";"Revisado"
"Enter";"Epi.Enter.Forms.ImportWebEnterDataForm";"lblDataGUID.Text";"";"Token de segurança:";"";"Revisado"
"Enter";"Epi.Enter.Forms.ImportWebEnterDataForm";"lblDescription.Text";"The import process will merge records from a web-based version of this form based on each record's GlobalRecordId value. Records in the destination form whose GlobalRecordId value matches a record in the source form will be updated, and unmatched records will be appended. Fields that exist in only the source form or only the destination form will be ignored.";"O processo de importação mescla registros de uma versão web deste formulário, com base no valor de GlobalRecordId de cada registro. Os registros do formulário de destino cujo valor de GlobalRecordId coincide com o de um registro do formulário de origem serão atualizados, e os registros sem correspondência serão acrescentados. Os campos que existem apenas no formulário de origem ou apenas no formulário de destino serão ignorados.";"";"Revisado"
"Enter";"Epi.Enter.Forms.ImportWebEnterDataForm";"lblOrganization.Text";"Organization Key:";"Chave da organização:";"";"Revisado"
"Enter";"Epi.Enter.Forms.ImportWebEnterDataForm";"lblProjectFile.Text";"Form ID:";"ID do formulário:";"LONGO";"Revisado"
"Enter";"Epi.Enter.Forms.ImportWebEnterDataForm";"lblWarning.Text";"Warning:";"Aviso:";"";"Revisado"
"Enter";"Epi.Enter.Forms.ImportWebEnterDataForm";"lblWarningMessage.Text";"Import operations are permanent and cannot be undone. Be sure the form structures are the same before proceeding.";"As operações de importação são permanentes e não podem ser desfeitas. Confirme que as estruturas dos formulários são iguais antes de continuar.";"";"Revisado"
"Enter";"Epi.Enter.Forms.ImportWebEnterDataForm";"rdbDraftMode.Text";"Records in DRAFT mode";"Registros no modo RASCUNHO";"";"Revisado"
"Enter";"Epi.Enter.Forms.ImportWebEnterDataForm";"rdbFinalMode.Text";"Records in FINAL mode";"Registros no modo FINAL";"";"Revisado"
"Enter";"Epi.Enter.Forms.ImportWebEnterDataForm";"textProgress.Text";"Ready";"Pronto";"";"Revisado"
"Enter";"Epi.Windows.Enter.Canvas";"$this.Text";"Enter Data";"Inserir Dados";"";"Revisado"
"Enter";"Epi.Windows.Enter.Dialogs.AutoSearchResults";"$this.Text";"Autosearch Results";"Resultados da busca automática";"";"Revisado"
"Enter";"Epi.Windows.Enter.Dialogs.AutoSearchResults";"btnCancel.Text";"Cancel";"Cancelar";"";""
"Enter";"Epi.Windows.Enter.Dialogs.AutoSearchResults";"btnOK.Text";"OK";"OK";"";"Revisado"
"Enter";"Epi.Windows.Enter.Dialogs.AutoSearchResults";"lblCancelInstructions.Text";"Click Cancel to continue entering the current record.";"Clique em Cancelar para continuar inserindo o registro atual.";"";"Revisado"
"Enter";"Epi.Windows.Enter.Dialogs.AutoSearchResults";"lblContinueNew2.Text";"Click OK to continue entering the current record.";"Clique em OK para continuar inserindo o registro atual.";"";"Revisado"
"Enter";"Epi.Windows.Enter.Dialogs.AutoSearchResults";"lblContinueNewMessage.Text";"Confirm the value is correct or update as necessary.";"Confirme se o valor está correto ou atualize-o, se necessário.";"";"Revisado"
"Enter";"Epi.Windows.Enter.Dialogs.AutoSearchResults";"lblOKInstructions.Text";"Double-click a row or click OK to navigate to the selected matching record.";"Clique duas vezes em uma linha ou clique em OK para ir ao registro correspondente selecionado.";"";"Revisado"
"Enter";"Epi.Windows.Enter.Dialogs.AutoSearchResults";"lblRecordsReturned.Text";"Autosearch found matching records.";"A busca automática encontrou registros correspondentes.";"";"Revisado"
"Enter";"Epi.Windows.Enter.Dialogs.NewRecord";"$this.Text";"Enter";"Inserir";"";"Revisado"
"Enter";"Epi.Windows.Enter.Dialogs.NewRecord";"btnCancel.Text";"Cancel";"Cancelar";"";""
"Enter";"Epi.Windows.Enter.Dialogs.NewRecord";"btnPrevious.Text";"Previous";"Anterior";"";""
"Enter";"Epi.Windows.Enter.Dialogs.NewRecord";"btnSave.Text";"Save";"Salvar";"";""
"Enter";"Epi.Windows.Enter.Dialogs.NewRecord";"lblAttention.Text";"Attention:  You have not entered any data into this new record.";"Atenção: você ainda não inseriu nenhum dado neste novo registro.";"";"Revisado"
"Enter";"Epi.Windows.Enter.Dialogs.NewRecord";"lblChooseCancel.Text";"Choose ""Cancel"" to remain on the current page in this new record.";"Selecione ""Cancelar"" para permanecer na página atual neste novo registro.";"";""
"Enter";"Epi.Windows.Enter.Dialogs.NewRecord";"lblChooseSave.Text";"Choose ""Save"" if you want to save this empty record and go to <page 1> in this record.";"Selecione ""Salvar"" se quiser salvar este registro vazio e ir para a <página 1> deste registro.";"";"Revisado"
"Enter";"Epi.Windows.Enter.Dialogs.NewRecord";"lblPrevious.Text";"Choose ""Previous"" if you want to go to <page 1> in the previous record without saving this new record.";"Selecione ""Anterior"" se quiser ir para a <página 1> do registro anterior sem salvar este novo registro.";"";"Revisado"
"Enter";"Epi.Windows.Enter.Dialogs.SelectATable";"$this.Text";"Select a Table";"Selecione uma tabela";"";"Revisado"
"Enter";"Epi.Windows.Enter.Dialogs.SelectATable";"btnCancel.Text";"Cancel";"Cancelar";"";""
"Enter";"Epi.Windows.Enter.Dialogs.SelectATable";"btnChangeProject.Text";"Change Project";"Alterar projeto";"";"Revisado"
"Enter";"Epi.Windows.Enter.Dialogs.SelectATable";"btnOK.Text";"OK";"OK";"";"Revisado"
"Enter";"Epi.Windows.Enter.Dialogs.SelectATable";"lblTables.Text";"Tables:";"Tabelas:";"";""
"Enter";"Epi.Windows.Enter.Dialogs.YesNo";"$this.Text";"Setting for Yes/No Fields";"Configuração dos campos Sim/Não";"";"Revisado"
"Enter";"Epi.Windows.Enter.Dialogs.YesNo";"btnCancel.Text";"Cancel";"Cancelar";"";""
"Enter";"Epi.Windows.Enter.Dialogs.YesNo";"btnOK.Text";"OK";"OK";"";"Revisado"
"Enter";"Epi.Windows.Enter.Dialogs.YesNo";"gbxRepresent.Text";"Represent";"Representar";"";""
"Enter";"Epi.Windows.Enter.Dialogs.YesNo";"lblNoAs.Text";"No as";"Não como";"";""
"Enter";"Epi.Windows.Enter.Dialogs.YesNo";"lblYesAs.Text";"Yes as";"Sim como";"";""
"Enter";"Epi.Windows.Enter.EnterMainForm";"$this.Text";"Epi Info 7 - Enter";"Epi Info 7 - Inserir Dados";"";"Revisado"
"Enter";"Epi.Windows.Enter.EnterMainForm";"aboutEpiInfoToolStripMenuItem.Text";"&About Epi Info 7";"&Sobre o Epi Info 7";"";"Revisado"
"Enter";"Epi.Windows.Enter.EnterMainForm";"btiEditView.Text";"&Edit Form";"&Editar formulário";"";"Revisado"
"Enter";"Epi.Windows.Enter.EnterMainForm";"btiFind.Text";"&Find";"&Localizar";"";"Revisado"
"Enter";"Epi.Windows.Enter.EnterMainForm";"btiHelp.Text";"&Help";"A&juda";"";"Revisado"
"Enter";"Epi.Windows.Enter.EnterMainForm";"btiHelp.ToolTipText";"Help";"Ajuda";"";""
"Enter";"Epi.Windows.Enter.EnterMainForm";"btiMarkDeleted.Text";"&Delete";"E&xcluir";"";"Revisado"
"Enter";"Epi.Windows.Enter.EnterMainForm";"btiMarkDeleted.ToolTipText";"Mark as Deleted";"Marcar como excluído";"";"Revisado"
"Enter";"Epi.Windows.Enter.EnterMainForm";"btiNew.Text";"&New Record";"&Novo registro";"";"Revisado"
"Enter";"Epi.Windows.Enter.EnterMainForm";"btiNew.ToolTipText";"New Record";"Novo registro";"";"Revisado"
"Enter";"Epi.Windows.Enter.EnterMainForm";"btiOpen.Text";"&Open Form";"&Abrir formulário";"";"Revisado"
"Enter";"Epi.Windows.Enter.EnterMainForm";"btiOpen.ToolTipText";"Open Form";"Abrir formulário";"";"Revisado"
"Enter";"Epi.Windows.Enter.EnterMainForm";"btiPrint.Text";"&Print";"&Imprimir";"";"Revisado"
"Enter";"Epi.Windows.Enter.EnterMainForm";"btiSave.Text";"&Save";"&Salvar";"";"Revisado"
"Enter";"Epi.Windows.Enter.EnterMainForm";"btiSave.ToolTipText";"Save";"Salvar";"";""
"Enter";"Epi.Windows.Enter.EnterMainForm";"btiUndelete.Text";"&Undelete";"&Desfazer exclusão";"LONGO";"Revisado"
"Enter";"Epi.Windows.Enter.EnterMainForm";"btiUndelete.ToolTipText";"Mark as Undeleted";"Marcar como não excluído";"";"Revisado"
"Enter";"Epi.Windows.Enter.EnterMainForm";"btnBack.Text";"<- Back";"<- Voltar";"";"Revisado"
"Enter";"Epi.Windows.Enter.EnterMainForm";"btnBack.ToolTipText";"Back View";"Formulário anterior";"LONGO";"Revisado"
"Enter";"Epi.Windows.Enter.EnterMainForm";"btnHome.Text";"Home";"Início";"";"Revisado"
"Enter";"Epi.Windows.Enter.EnterMainForm";"btnHome.ToolTipText";"Home View";"Formulário inicial";"LONGO";"Revisado"
"Enter";"Epi.Windows.Enter.EnterMainForm";"closeViewToolStripMenuItem.Text";"&Close Form";"&Fechar formulário";"";"Revisado"
"Enter";"Epi.Windows.Enter.EnterMainForm";"commandReferenceToolStripMenuItem.Text";"";"Referência de comandos";"";"Revisado"
"Enter";"Epi.Windows.Enter.EnterMainForm";"compactDatabaseToolStripMenuItem.Text";"Co&mpact Database";"Co&mpactar banco de dados";"";"Revisado"
"Enter";"Epi.Windows.Enter.EnterMainForm";"contentsToolStripMenuItem.Text";"&Contents";"&Conteúdo";"";"Revisado"
"Enter";"Epi.Windows.Enter.EnterMainForm";"copyShortcutToClipboardToolStripMenuItem.Text";"Copy Shortcut to Clipboard";"Copiar atalho para a Área de Transferência";"";"Revisado"
"Enter";"Epi.Windows.Enter.EnterMainForm";"dataDictionaryToolStripMenuItem.Text";"&Data Dictionary";"&Dicionário de dados";"";"Revisado"
"Enter";"Epi.Windows.Enter.EnterMainForm";"editToolStripMenuItem.Text";"&Edit";"&Editar";"";"Revisado"
"Enter";"Epi.Windows.Enter.EnterMainForm";"editViewToolStripMenuItem.Text";"&Edit Form";"&Editar formulário";"";"Revisado"
"Enter";"Epi.Windows.Enter.EnterMainForm";"enableCheckCodeErrorSupressionToolStripMenuItem.Text";"Enable Check Code Error Suppression";"Ativar supressão de erros do código de verificação";"";"Revisado"
"Enter";"Epi.Windows.Enter.EnterMainForm";"enableCheckCodeExecutionToolStripMenuItem.Text";"&Enable Check Code Execution";"&Ativar execução do código de verificação";"";"Revisado"
"Enter";"Epi.Windows.Enter.EnterMainForm";"epiInfoLogsToolStripMenuItem.Text";"Epi Info &Logs";"&Logs do Epi Info";"";"Revisado"
"Enter";"Epi.Windows.Enter.EnterMainForm";"excelLineListMenuItem.Text";"MS Excel";"MS Excel";"NAO_TRADUZIDO";""
"Enter";"Epi.Windows.Enter.EnterMainForm";"exitToolStripMenuItem.Text";"E&xit";"Sa&ir";"";"Revisado"
"Enter";"Epi.Windows.Enter.EnterMainForm";"fileToolStripMenuItem.Text";"&File";"&Arquivo";"";"Revisado"
"Enter";"Epi.Windows.Enter.EnterMainForm";"findToolStripMenuItem.Text";"&Find";"&Localizar";"";"Revisado"
"Enter";"Epi.Windows.Enter.EnterMainForm";"fromWebEnterToolStripMenuItem.Text";"From Cloud Data Capture";"Do Cloud Data Capture";"";"Revisado"
"Enter";"Epi.Windows.Enter.EnterMainForm";"gridToolStripMenuItem.Text";"Interactive";"Interativa";"";""
"Enter";"Epi.Windows.Enter.EnterMainForm";"helpToolStripMenuItem.Text";"&Help";"A&juda";"";"Revisado"
"Enter";"Epi.Windows.Enter.EnterMainForm";"importDataToolStripMenuItem.Text";"Import Data";"Importar Dados";"";""
"Enter";"Epi.Windows.Enter.EnterMainForm";"LineListingToolStripButton.Text";"Line Listing";"Lista de registros";"";"Revisado"
"Enter";"Epi.Windows.Enter.EnterMainForm";"markAsDeletedToolStripMenuItem.Text";"Mark as &Deleted";"Marcar como &excluído";"";"Revisado"
"Enter";"Epi.Windows.Enter.EnterMainForm";"menuStrip1.Text";"menuStrip1";"menuStrip1";"";""
"Enter";"Epi.Windows.Enter.EnterMainForm";"mnuImportFromDataPackage.Text";"From Data Package";"De pacote de dados";"";"Revisado"
"Enter";"Epi.Windows.Enter.EnterMainForm";"mnuImportFromForm.Text";"From Epi Info 7 Project";"De projeto do Epi Info 7";"";"Revisado"
"Enter";"Epi.Windows.Enter.EnterMainForm";"mnuImportFromPhone.Text";"From Mobile Device";"De dispositivo móvel";"";"Revisado"
"Enter";"Epi.Windows.Enter.EnterMainForm";"mnuImportFromProject.Text";"";"De projeto…";"";"Revisado"
"Enter";"Epi.Windows.Enter.EnterMainForm";"mnuImportFromWeb.Text";"From Web Survey";"Do Web Survey";"";"Revisado"
"Enter";"Epi.Windows.Enter.EnterMainForm";"mnuPackageForTransport.Text";"Package For Transport";"Empacotar para transporte";"";"Revisado"
"Enter";"Epi.Windows.Enter.EnterMainForm";"newRecordToolStripMenuItem.Text";"&New Record";"&Novo registro";"";"Revisado"
"Enter";"Epi.Windows.Enter.EnterMainForm";"openViewToolStripMenuItem.Text";"&Open Form";"&Abrir formulário";"";"Revisado"
"Enter";"Epi.Windows.Enter.EnterMainForm";"optionsToolStripMenuItem.Text";"&Options...";"&Opções…";"";"Revisado"
"Enter";"Epi.Windows.Enter.EnterMainForm";"printableHTMLToolStripMenuItem.Text";"Printable (HTML)";"Para impressão (HTML)";"";"Revisado"
"Enter";"Epi.Windows.Enter.EnterMainForm";"printToolStripMenuItem.Text";"&Print";"Im&primir";"";"Revisado"
"Enter";"Epi.Windows.Enter.EnterMainForm";"recentViewsToolStripMenuItem.Text";"&Recent Forms";"Formulários &recentes";"";"Revisado"
"Enter";"Epi.Windows.Enter.EnterMainForm";"saveToolStripMenuItem.Text";"&Save";"&Salvar";"";"Revisado"
"Enter";"Epi.Windows.Enter.EnterMainForm";"statusBarToolStripMenuItem.Text";"&Status Bar";"Barra de &status";"";"Revisado"
"Enter";"Epi.Windows.Enter.EnterMainForm";"toolsToolStripMenuItem.Text";"&Tools";"&Ferramentas";"";"Revisado"
"Enter";"Epi.Windows.Enter.EnterMainForm";"toolStrip1.Text";"toolStrip1";"toolStrip1";"";""
"Enter";"Epi.Windows.Enter.EnterMainForm";"toolStrip2.Text";"toolStrip2";"toolStrip2";"";""
"Enter";"Epi.Windows.Enter.EnterMainForm";"toolStripContainer1.Text";"toolStripContainer1";"toolStripContainer1";"";""
"Enter";"Epi.Windows.Enter.EnterMainForm";"toolStripFirstButton.ToolTipText";"First Record";"Primeiro registro";"";"Revisado"
"Enter";"Epi.Windows.Enter.EnterMainForm";"toolStripLastButton.ToolTipText";"Last Record";"Último registro";"";"Revisado"
"Enter";"Epi.Windows.Enter.EnterMainForm";"toolStripNextButton.ToolTipText";"Next Record";"Próximo registro";"";"Revisado"
"Enter";"Epi.Windows.Enter.EnterMainForm";"toolStripOfLabel.Text";"of";"de";"";""
"Enter";"Epi.Windows.Enter.EnterMainForm";"toolStripPreviousButton.ToolTipText";"Previous Record";"Registro anterior";"";"Revisado"
"Enter";"Epi.Windows.Enter.EnterMainForm";"toolStripRecordCount.ToolTipText";"Record Count";"Contagem de registros";"";"Revisado"
"Enter";"Epi.Windows.Enter.EnterMainForm";"toolStripRecordNumber.ToolTipText";"Record";"Registro";"";""
"Enter";"Epi.Windows.Enter.EnterMainForm";"tsbDashboard.Text";"Dashboard";"Painel";"";"Revisado"
"Enter";"Epi.Windows.Enter.EnterMainForm";"tsbMap.Text";"Map";"Mapa";"";""
"Enter";"Epi.Windows.Enter.EnterMainForm";"undeleteToolStripMenuItem.Text";"&Undelete";"&Desfazer exclusão";"LONGO";"Revisado"
"Enter";"Epi.Windows.Enter.EnterMainForm";"viewToolStripMenuItem.Text";"&View";"E&xibir";"";"Revisado"
"Enter";"Epi.Windows.Enter.Forms.DataDictionary";"$this.Text";"Data Dictionary";"Dicionário de dados";"";"Revisado"
"Enter";"Epi.Windows.Enter.Forms.DataDictionary";"btnAsWebPage.Text";"View/Print as Web Page";"Ver/Imprimir como página da Web";"";"Revisado"
"Enter";"Epi.Windows.Enter.Forms.DataDictionary";"btnClose.Text";"Close";"Fechar";"";""
"Enter";"Epi.Windows.Enter.Forms.DataDictionary";"lblSelectedView.Text";"Selected Form:";"Formulário selecionado:";"";"Revisado"
"Enter";"Epi.Windows.Enter.LinkedRecordsViewer";"$this.Text";"Linked Records";"Registros vinculados";"";"Revisado"
"Enter";"Epi.Windows.Enter.LinkedRecordsViewer";"btnNewLinkFrom.Text";"Add Exposure";"Nova exposição";"";"Revisado"
"Enter";"Epi.Windows.Enter.LinkedRecordsViewer";"btnNewLinkTo.Text";"Add Exposure";"Nova exposição";"";"Revisado"
"Enter";"Epi.Windows.Enter.LinkedRecordsViewer";"btnUnlinkFrom.Text";"Unlink";"Desvincular";"";"Revisado"
"Enter";"Epi.Windows.Enter.LinkedRecordsViewer";"btnUnlinkTo.Text";"Unlink";"Desvincular";"";"Revisado"
"Enter";"Epi.Windows.Enter.LinkedRecordsViewer";"btnViewSNA.Text";"View SNA Graph";"Ver gráfico SNA";"";"Revisado"
"Enter";"Epi.Windows.Enter.LinkedRecordsViewer";"tabPage1.Text";"Exposed From";"Exposto por";"";"Revisado"
"Enter";"Epi.Windows.Enter.LinkedRecordsViewer";"tabPage2.Text";"Exposed To";"Exposto a";"";"Revisado"
"Enter";"Epi.Windows.Enter.SNAViewer";"$this.Text";"Social Network Analysis";"Análise de rede social";"";"Revisado"
"Enter";"Epi.Windows.Enter.SNAViewer";"btnPrint.Text";"Print";"Imprimir";"";""
"Enter";"Epi.Windows.Enter.SNAViewer";"btnSaveAsImage.Text";"Save as Image";"Salvar como imagem";"";"Revisado"
"Enter";"Epi.Windows.Enter.SNAViewer";"toolStripContainer1.Text";"toolStripContainer1";"toolStripContainer1";"";""
"Enter";"Epi.Windows.Enter.ViewExplorer";"$this.Text";"Pages";"Páginas";"";""
"Epi.Core";"Epi.SharedStrings";"ABOUT_EPIINFO_LINE1";"Epi Info™ is a data collection, management, analysis, visualization, and reporting software for public health professionals. It is used worldwide for the rapid assessment of disease outbreaks; for the development of small to mid-sized disease surveillance systems; as ad hoc components integrated with other large scale or enterprise-wide public health information systems; and in the continuous education of public health professionals learning the science of epidemiology, tools, and techniques.";"O Epi Info™ é um software de coleta, gerenciamento, análise, visualização e elaboração de relatórios de dados para profissionais de saúde pública. É usado no mundo todo para a avaliação rápida de surtos de doenças; para o desenvolvimento de sistemas de vigilância de doenças de pequeno e médio porte; como componentes ad hoc integrados a outros sistemas de informação em saúde pública de grande escala ou corporativos; e na formação continuada de profissionais de saúde pública que aprendem a ciência da epidemiologia, suas ferramentas e técnicas.";"";"Revisado"
"Epi.Core";"Epi.SharedStrings";"ABOUT_EPIINFO_LINE2";"Epi Info™ is a trademark of the Centers for Disease Control and Prevention (CDC). The software is in the public domain and freely available for use, copying translation and distribution.";"Epi Info™ é uma marca do Centers for Disease Control and Prevention (CDC). O software é de domínio público e está disponível gratuitamente para uso, cópia, tradução e distribuição.";"";"Revisado"
"Epi.Core";"Epi.SharedStrings";"ABOUT_EPIINFO_LINE3";"Epi Info™ Team (in alphabetical order)
______________________________________________

Sachin Agnihotri
José Aponte
Raj Basavaraju
David Brown
Harold Collins
John Copeland
Ninad Date
Karen DeRosa
Roger Friedman
Zack Gao
James Haines
Asad Islam (Team Leader)
Estrilita Jones
Gerald Jones
Pallavi Karanam
Jayshreema Khoosal
Erik Knudsen
Mohammed Lamtahri
Matthew Lantinga
Leslyn McNabb
Kishore Meduri
Jeremy Miller
Roger Mir
Victor Natick
Chelsea Navo
David Nitschke
Sumalatha Paritala
Julio Rodriguez Estevez
Uma Shanmugam
Daniel Shorter
Meng Hua Shu
Donald Chris Smith
Godha Sunki
Thomasine Thomas
Aree Tyson
Mohammad Usman
Carol Worsham

Special thanks to:
______________________________________________

Sara Bedrosian
Douglas Bialecki
Karl August Brendel, III
Andy Dean
Robert Fagan
Gabriel Rainisch
Kevin Sullivan


EIS Epi Info™ 7 Workgroup:
- Sudhir Bunga
- Timothy Cunningham
- Nancy Fleischer
- Alyson Goodman
- Asha Ivy
- Jeffery Miller
- Timothy Minniear (Chairperson)
- Diane Morof
- Cyrus Shahpar
- Danielle Tack
- Christopher Taylor
- Ellen Yard

PHPS Epi Info™ 7 Workgroup:
- Tegan L. Callahan
- Sarah Ekerholm
- Coby E. Jansen
- Amy V. Neuwelt
- Cristina M. Rodriguez Hart
- Tina J. Sang
- Anna S. Talman (Chairperson)
- Angela S. Tang
- Sharron H. Wyatt

Algorithms and Formulas:
______________________________________________

- StatCalc algorithms and formulas provided by OpenEpi.com.

- Aberration detection algorithms provided by the CDC’s Early Aberration Reporting System (EARS).";"Equipe do Epi Info™ (em ordem alfabética)
______________________________________________

Sachin Agnihotri
José Aponte
Raj Basavaraju
David Brown
Harold Collins
John Copeland
Ninad Date
Karen DeRosa
Roger Friedman
Zack Gao
James Haines
Asad Islam (Líder da Equipe)
Estrilita Jones
Gerald Jones
Pallavi Karanam
Jayshreema Khoosal
Erik Knudsen
Mohammed Lamtahri
Matthew Lantinga
Leslyn McNabb
Kishore Meduri
Jeremy Miller
Roger Mir
Victor Natick
Chelsea Navo
David Nitschke
Sumalatha Paritala
Julio Rodriguez Estevez
Uma Shanmugam
Daniel Shorter
Meng Hua Shu
Donald Chris Smith
Godha Sunki
Thomasine Thomas
Aree Tyson
Mohammad Usman
Carol Worsham

Agradecimentos especiais a:
______________________________________________

Sara Bedrosian
Douglas Bialecki
Karl August Brendel, III
Andy Dean
Robert Fagan
Gabriel Rainisch
Kevin Sullivan


Grupo de Trabalho EIS do Epi Info™ 7:
- Sudhir Bunga
- Timothy Cunningham
- Nancy Fleischer
- Alyson Goodman
- Asha Ivy
- Jeffery Miller
- Timothy Minniear (Presidência)
- Diane Morof
- Cyrus Shahpar
- Danielle Tack
- Christopher Taylor
- Ellen Yard

Grupo de Trabalho PHPS do Epi Info™ 7:
- Tegan L. Callahan
- Sarah Ekerholm
- Coby E. Jansen
- Amy V. Neuwelt
- Cristina M. Rodriguez Hart
- Tina J. Sang
- Anna S. Talman (Presidência)
- Angela S. Tang
- Sharron H. Wyatt

Algoritmos e Fórmulas:
______________________________________________

- Algoritmos e fórmulas do StatCalc fornecidos pelo OpenEpi.com.

- Algoritmos de detecção de aberrações fornecidos pelo Early Aberration Reporting System (EARS) do CDC.";"";"Revisado"
"Epi.Core";"Epi.SharedStrings";"ADD_BLOCK";"Add Block";"Adicionar Bloco";"";""
"Epi.Core";"Epi.SharedStrings";"ADD_CONDITION";"Add Condition";"Adicionar Condição";"";"Revisado"
"Epi.Core";"Epi.SharedStrings";"ADD_FILTER";"Add Filter";"Adicionar Filtro";"";"Revisado"
"Epi.Core";"Epi.SharedStrings";"ADD_FORM";"Add &Form";"Adicionar &Formulário";"LONGO";"Revisado"
"Epi.Core";"Epi.SharedStrings";"ADD_PAGE";"Add &Page";"Adicionar &Página";"LONGO";"Revisado"
"Epi.Core";"Epi.SharedStrings";"ADDITIONAL_INFORMATION";"Additional information:";"Informação Adicional:";"";""
"Epi.Core";"Epi.SharedStrings";"ADVANCED_FILTER_CHANGED";"Filter text has been changed. The previous filter is in effect until the new filter has been applied.";"O texto do filtro foi alterado. O filtro anterior continua em vigor até que o novo filtro seja aplicado.";"";"Revisado"
"Epi.Core";"Epi.SharedStrings";"ALIGN_1_COLUMN";"Align Selection in One (1) Column";"Alinhar a Seleção em Uma (1) Coluna";"";""
"Epi.Core";"Epi.SharedStrings";"ALIGN_2_COLUMN";"Align Selection in Two (2) Columns";"Alinhar a Seleção em Duas (2) Colunas";"";""
"Epi.Core";"Epi.SharedStrings";"ALIGN_3_COLUMN";"Align Selection in Three (3) Columns";"Alinhar a Seleção em Três (3) Colunas";"";""
"Epi.Core";"Epi.SharedStrings";"ALIGN_4_COLUMN";"Align Selection in Four (4) Columns";"Alinhar a Seleção em Quatro (4) Colunas";"";""
"Epi.Core";"Epi.SharedStrings";"ALIGN_5_COLUMN";"Align Selection in Five (5) Columns";"Alinhar a Seleção em Cinco (5) Colunas";"";""
"Epi.Core";"Epi.SharedStrings";"ALIGN_AS_ROW";"Align Selection on Row";"Alinhar a Seleção em uma Linha";"";""
"Epi.Core";"Epi.SharedStrings";"ANALYSIS";"Analysis";"Análise";"";""
"Epi.Core";"Epi.SharedStrings";"ANALYSIS_COMMANDS";"Analysis Commands";"Comandos de Análise";"";"Revisado"
"Epi.Core";"Epi.SharedStrings";"ANDROID_TOO_FEW_FIELDS";"Forms for Android must have at least three input fields.";"Formulários para Android devem ter pelo menos três campos de entrada.";"";"Revisado"
"Epi.Core";"Epi.SharedStrings";"ANOVA_BARTLETT";"Bartlett's Test for Inequality of Population Variances";"Teste de Bartlett de Igualdade de Variâncias Populacionais";"";"Revisado"
"Epi.Core";"Epi.SharedStrings";"ANOVA_BETWEEN";"Between";"Entre";"";""
"Epi.Core";"Epi.SharedStrings";"ANOVA_CHI";"Chi Square";"Qui-quadrado";"";"Revisado"
"Epi.Core";"Epi.SharedStrings";"ANOVA_DESCRIPTION_FOR_MEANS";"ANOVA, a Parametric Test for Inequality of Population Means";"ANOVA, Teste Paramétrico de Igualdade de Médias Populacionais";"";"Revisado"
"Epi.Core";"Epi.SharedStrings";"ANOVA_DESCRIPTION_FOR_MEANS_SUBTITLE";"(For normally distributed data only)";"(Somente para dados distribuídos normalmente)";"";""
"Epi.Core";"Epi.SharedStrings";"ANOVA_DF_LONG";"Degrees of freedom";"Graus de liberdade";"";""
"Epi.Core";"Epi.SharedStrings";"ANOVA_DF_SHORT";"dF";"dF";"";""
"Epi.Core";"Epi.SharedStrings";"ANOVA_F";"F-Statistic";"Estatística F";"";"Revisado"
"Epi.Core";"Epi.SharedStrings";"ANOVA_KWH";"Kruskal-Wallis H";"H de Kruskal-Wallis";"";""
"Epi.Core";"Epi.SharedStrings";"ANOVA_MS";"MS";"MS";"";""
"Epi.Core";"Epi.SharedStrings";"ANOVA_MWWTST";"Mann-Whitney/Wilcoxon Two-Sample Test (Kruskal-Wallis test for two groups)";"Teste de Mann-Whitney/Wilcoxon para Duas Amostras (Teste de Kruskal-Wallis para dois grupos)";"";""
"Epi.Core";"Epi.SharedStrings";"ANOVA_P_VAL";"P-Value";"Valor de p";"";"Revisado"
"Epi.Core";"Epi.SharedStrings";"ANOVA_SMALL_P";"A small p-value (e.g., less than 0.05) suggests that the variances are not homogeneous and that the ANOVA may not be appropriate.";"Um valor de p pequeno (por ex., inferior a 0,05) sugere que as variâncias não são homogêneas e que a ANOVA pode não ser adequada.";"";"Revisado"
"Epi.Core";"Epi.SharedStrings";"ANOVA_SS";"SS";"SS";"";""
"Epi.Core";"Epi.SharedStrings";"ANOVA_TOTAL";"Total";"Total";"";""
"Epi.Core";"Epi.SharedStrings";"ANOVA_VARIATION";"Variation";"Variação";"";""
"Epi.Core";"Epi.SharedStrings";"ANOVA_WITHIN";"Within";"Dentro";"";""
"Epi.Core";"Epi.SharedStrings";"APPLY_DEFAULT_FONTS";"Apply Default Fonts";"Aplicar Fontes Padrão";"";""
"Epi.Core";"Epi.SharedStrings";"APPLY_DEFAULT_FONTS_FORM";"Apply Default Fonts to Form";"Aplicar Fontes Padrão para o Formulário";"";""
"Epi.Core";"Epi.SharedStrings";"APPLY_DEFAULT_FONTS_PAGE";"Apply Default Fonts to Page";"Aplicar Fontes Padrão para a Página";"";""
"Epi.Core";"Epi.SharedStrings";"APPLY_DEFAULT_FONTS_PROJECT";"Apply Default Fonts to Project";"Aplicar Fontes Padrão para o Projeto";"";""
"Epi.Core";"Epi.SharedStrings";"AUTOSEARCH";"Autosearch will display similar sounding names.  Select a record and click 'OK' if there is a match or click 'Cancel' to continue.";"A busca automática exibe nomes com som parecido. Selecione um registro e clique em 'OK' se houver correspondência ou em 'Cancelar' para continuar.";"";"Revisado"
"Epi.Core";"Epi.SharedStrings";"BEGIN";"Begin";"Início";"";""
"Epi.Core";"Epi.SharedStrings";"BLOCK_ALREADY_EXISTS";"This Check Code block already exists: {0} {1}";"Este bloco de código de verificação já existe: {0} {1}";"";"Revisado"
"Epi.Core";"Epi.SharedStrings";"BOOKMARK";"Bookmark";"Marcador";"";""
"Epi.Core";"Epi.SharedStrings";"BROWSE_FOR_FILE";"Would you like to browse for the file?";"Deseja procurar o arquivo?";"";"Revisado"
"Epi.Core";"Epi.SharedStrings";"BROWSE_FOR_MORE";"<Browse for more>";"<Procurar mais…>";"ANGULAR";"Revisado"
"Epi.Core";"Epi.SharedStrings";"BUILD";"Build";"Construir";"";""
"Epi.Core";"Epi.SharedStrings";"CAN_NOT_CONNECT_MYSQL";"Cannot connect to MySQL database.";"Não foi possível conectar ao banco de dados MySQL.";"";"Revisado"
"Epi.Core";"Epi.SharedStrings";"CAN_NOT_CREATE_NEW_MYSQL";"Could not create new MySQL database.";"Não foi possível criar um novo banco de dados MySQL.";"";"Revisado"
"Epi.Core";"Epi.SharedStrings";"CANNOT_ADD_FIELD_VIEW_MAX";"The maximum number of fields has been added to the current form so no more will be added.";"O número máximo de campos do formulário atual foi atingido. Não será possível adicionar mais campos.";"";"Revisado"
"Epi.Core";"Epi.SharedStrings";"CANNOT_CLOSE_RECORD_INVALID_DATA";"The form contains invalid data. Please correct the invalid data before attempting to leave the record, save data, or close the form.";"O formulário contém dados inválidos. Corrija os dados inválidos antes de sair do registro, salvar os dados ou fechar o formulário.";"";"Revisado"
"Epi.Core";"Epi.SharedStrings";"CANNOT_CLOSE_REQUIRED_FIELDS";"One or more required fields on the form have not been completed. Please fill in these fields before attempting to leave the record, save data, or close the form.";"Um ou mais campos obrigatórios do formulário não foram preenchidos. Preencha esses campos antes de sair do registro, salvar os dados ou fechar o formulário.";"";"Revisado"
"Epi.Core";"Epi.SharedStrings";"CANNOT_CONNECT_MYSQL";"Can not connect to MySQL database.";"Não foi possível conectar ao banco de dados MySQL.";"";""
"Epi.Core";"Epi.SharedStrings";"CANNOT_CONNECT_TO_SQL_SERVER";"Cannot connect to SQL Server.";"Não é possível conectar ao SQL Server.";"";"Revisado"
"Epi.Core";"Epi.SharedStrings";"CANNOT_CREATE_SHORTCUT_FOR_CHILD_FORM";"You cannot create a shortcut to open Enter to a child form. Please try again from the top-most parent form.";"Você não pode criar um atalho para abrir o módulo Inserir Dados em um formulário filho. Tente novamente a partir do formulário pai de nível mais alto.";"";"Revisado"
"Epi.Core";"Epi.SharedStrings";"CANNOT_DELETE_FILE";"You do not have the proper permissions to delete this file.";"Você não tem as permissões necessárias para excluir este arquivo.";"";"Revisado"
"Epi.Core";"Epi.SharedStrings";"CANNOT_DETERMINE_RELATIONSHIP";"Could not determine relationship.";"Não foi possível determinar a relação.";"";""
"Epi.Core";"Epi.SharedStrings";"CANNOT_LOAD_APPLICATION";"Could not load Epi Info application module '{0}'.";"Não foi possível carregar o módulo '{0}' do Epi Info.";"";""
"Epi.Core";"Epi.SharedStrings";"CANNOT_LOAD_PROGRAM";"Could not load program based on command line.";"Não foi possível carregar o programa através da linha de comando.";"";""
"Epi.Core";"Epi.SharedStrings";"CANNOT_OPEN_PROJECT_FILE";"The project file could not be opened";"O arquivo de projeto não pôde ser aberto";"";"Revisado"
"Epi.Core";"Epi.SharedStrings";"CANNOT_OPEN_VIEW_NO_DATA_TABLE";"The form could not be opened because it does not have a data table. Please open the form in Form Designer and create a data table to begin entering data";"O formulário não pode ser aberto porque não tem uma tabela de dados. Abra o Designer de Formulários e crie uma tabela para iniciar a entrada de dados.";"PONTUACAO";""
"Epi.Core";"Epi.SharedStrings";"CANNOT_OPEN_VIEW_RELATED";"The form could not be opened because it is related to a parent form. Please open the parent form to access the data in this form";"O formulário não pode ser aberto porque está relacionado a um formulário pai. Abra o formulário pai para acessar os dados deste formulário.";"PONTUACAO";"Revisado"
"Epi.Core";"Epi.SharedStrings";"CANNOT_OPEN_VIEW_RELATED_NAMES";"The form could not be opened because it is related to a parent form. Please open the parent form ""{0}"" to access the data in this form.";"Não é possível abrir o formulário porque ele está relacionado a um formulário pai. Abra o formulário pai ""{0}"" para acessar os dados deste formulário.";"";"Revisado"
"Epi.Core";"Epi.SharedStrings";"CASES";"Cases";"Casos";"";""
"Epi.Core";"Epi.SharedStrings";"CHANGE_NAME_CONFIRM";"YES WILL DELETE all data for the field and rename the column.";"SIM EXCLUIRÁ todos os dados do campo e renomeará a coluna.";"";"Revisado"
"Epi.Core";"Epi.SharedStrings";"CHANGE_NAME_CONSEQUENCE";"Changing a field name will cause data to be lost.";"Alterar o nome de um campo fará com que os dados sejam perdidos.";"";"Revisado"
"Epi.Core";"Epi.SharedStrings";"CHANGE_NAME_DECLINE";"NO will continue without changing the name of the field.";"NÃO continuará sem alterar o nome do campo.";"";"Revisado"
"Epi.Core";"Epi.SharedStrings";"CHANGE_NOT_EFFECT_UNTIL_RESTART";"Language change will not take effect until after the application is restarted.";"A alteração do idioma só terá efeito depois que o aplicativo for reiniciado.";"";"Revisado"
"Epi.Core";"Epi.SharedStrings";"CHANGE_TO";"&Change To";"&Alterar Para";"";"Revisado"
"Epi.Core";"Epi.SharedStrings";"CHECK_CODE_EDITOR";"Check Code Editor";"Editor de Código de Verificação";"LONGO";""
"Epi.Core";"Epi.SharedStrings";"CHECK_CODE_EXECUTION_WAS_UNSUCCESSFUL_FOR_ASSOCIATED_PROGRAM";"";"para o programa associado:";"";"Revisado"
"Epi.Core";"Epi.SharedStrings";"CHECKCODE_CHANGED";"The checkcode for this field has changed. Would you like to save it?";"O código de verificação deste campo foi alterado. Deseja salvá-lo?";"";"Revisado"
"Epi.Core";"Epi.SharedStrings";"CLICK_TO_CHANGE";"Click here to change";"Clique aqui para alterar";"";""
"Epi.Core";"Epi.SharedStrings";"CLOSE_PROJECT";"Are you sure you want to close the current project?";"Tem certeza de que quer fechar o projeto atual?";"";"Revisado"
"Epi.Core";"Epi.SharedStrings";"CLOSE_PROJECT_LITERAL";"Close Project";"Fechar Projeto";"";""
"Epi.Core";"Epi.SharedStrings";"CLOSE_VIEW";"Are you sure you want to close the current form?";"Tem certeza de que quer fechar o formulário atual?";"";"Revisado"
"Epi.Core";"Epi.SharedStrings";"CLOSE_VIEW_LITERAL";"Close Form";"Fechar Formulário";"";""
"Epi.Core";"Epi.SharedStrings";"CLOSING_PROJECT";"Closing project.";"Fechando projeto.";"";"Revisado"
"Epi.Core";"Epi.SharedStrings";"CNTXT_CMD_ADVSTATS";"Advanced Statistics";"Estatísticas Avançadas";"";""
"Epi.Core";"Epi.SharedStrings";"CNTXT_CMD_ASSIGN";"Assign";"Atribuir";"";""
"Epi.Core";"Epi.SharedStrings";"CNTXT_CMD_AUTOSEARCH";"Autosearch";"Busca Automática";"";"Revisado"
"Epi.Core";"Epi.SharedStrings";"CNTXT_CMD_BEEP";"Beep";"Sinal Sonoro";"";"Revisado"
"Epi.Core";"Epi.SharedStrings";"CNTXT_CMD_CALL";"Call";"Chamar";"";"Revisado"
"Epi.Core";"Epi.SharedStrings";"CNTXT_CMD_CANCELSELECT";"Cancel Select";"Cancelar Seleção";"";""
"Epi.Core";"Epi.SharedStrings";"CNTXT_CMD_CANCELSORT";"Cancel Sort";"Cancelar Ordenação";"";""
"Epi.Core";"Epi.SharedStrings";"CNTXT_CMD_CLEAR";"Clear";"Limpar";"";""
"Epi.Core";"Epi.SharedStrings";"CNTXT_CMD_CLOSEOUT";"Close Out";"Fechar Saída";"";""
"Epi.Core";"Epi.SharedStrings";"CNTXT_CMD_COMPSAMPFREQ";"Complex Sample Frequencies";"Frequências de Amostras Complexas";"";"Revisado"
"Epi.Core";"Epi.SharedStrings";"CNTXT_CMD_COMPSAMPMEANS";"Complex Sample Means";"Médias de Amostras Complexas";"";"Revisado"
"Epi.Core";"Epi.SharedStrings";"CNTXT_CMD_COMPSAMPTABLES";"Complex Sample Tables";"Tabelas de Amostras Complexas";"";""
"Epi.Core";"Epi.SharedStrings";"CNTXT_CMD_COXPH";"Cox Proportional Hazards";"Riscos Proporcionais de Cox";"";"Revisado"
"Epi.Core";"Epi.SharedStrings";"CNTXT_CMD_DATA";"Data";"Dados";"";""
"Epi.Core";"Epi.SharedStrings";"CNTXT_CMD_DELETEFILETABLE";"Delete File/Table";"Excluir Arquivo/Tabela";"";"Revisado"
"Epi.Core";"Epi.SharedStrings";"CNTXT_CMD_DELETERECORDS";"Delete Records";"Excluir Registros";"";"Revisado"
"Epi.Core";"Epi.SharedStrings";"CNTXT_CMD_DIALOG";"Dialog";"Diálogo";"";""
"Epi.Core";"Epi.SharedStrings";"CNTXT_CMD_DISABLE";"Disable";"Desativar";"";""
"Epi.Core";"Epi.SharedStrings";"CNTXT_CMD_DISPLAY";"Display";"Mostrar";"";""
"Epi.Core";"Epi.SharedStrings";"CNTXT_CMD_ENABLE";"Enable";"Ativar";"";""
"Epi.Core";"Epi.SharedStrings";"CNTXT_CMD_EXECUTE";"Execute";"Executar";"";""
"Epi.Core";"Epi.SharedStrings";"CNTXT_CMD_EXECUTEFILE";"Execute File";"Executar o Arquivo";"";""
"Epi.Core";"Epi.SharedStrings";"CNTXT_CMD_FREQ";"Frequencies";"Frequências";"";""
"Epi.Core";"Epi.SharedStrings";"CNTXT_CMD_GEOCODE";"Geocode";"Geocodificar";"";"Revisado"
"Epi.Core";"Epi.SharedStrings";"CNTXT_CMD_GOTO";"Goto";"Ir Para";"";""
"Epi.Core";"Epi.SharedStrings";"CNTXT_CMD_GRAPH";"Graph";"Gráfico";"";""
"Epi.Core";"Epi.SharedStrings";"CNTXT_CMD_HEADER";"Header";"Cabeçalho";"";""
"Epi.Core";"Epi.SharedStrings";"CNTXT_CMD_HELP";"Help";"Ajuda";"";""
"Epi.Core";"Epi.SharedStrings";"CNTXT_CMD_HIDE";"Hide";"Ocultar";"";""
"Epi.Core";"Epi.SharedStrings";"CNTXT_CMD_HIGHLIGHT";"Highlight";"Ressaltar";"";""
"Epi.Core";"Epi.SharedStrings";"CNTXT_CMD_IF";"If";"Se";"";""
"Epi.Core";"Epi.SharedStrings";"CNTXT_CMD_KMSURV";"Kaplan Meier Survival";"Sobrevida de Kaplan-Meier";"";"Revisado"
"Epi.Core";"Epi.SharedStrings";"CNTXT_CMD_LINEARREGRESSION";"Linear Regression";"Regressão Linear";"";""
"Epi.Core";"Epi.SharedStrings";"CNTXT_CMD_LIST";"List";"Lista";"";""
"Epi.Core";"Epi.SharedStrings";"CNTXT_CMD_LOGISTICREGRESSION";"Logistic Regression";"Regressão Logística";"";""
"Epi.Core";"Epi.SharedStrings";"CNTXT_CMD_MAP";"Map";"Mapa";"";""
"Epi.Core";"Epi.SharedStrings";"CNTXT_CMD_MATCH";"Match";"Parear";"";""
"Epi.Core";"Epi.SharedStrings";"CNTXT_CMD_MEANS";"Means";"Médias";"";""
"Epi.Core";"Epi.SharedStrings";"CNTXT_CMD_MERGE";"Merge";"Unir";"";""
"Epi.Core";"Epi.SharedStrings";"CNTXT_CMD_NEWRECORD";"New Record";"Novo Registro";"";""
"Epi.Core";"Epi.SharedStrings";"CNTXT_CMD_OPTIONS";"Options";"Opções";"";""
"Epi.Core";"Epi.SharedStrings";"CNTXT_CMD_OUTPUT";"Output";"Saída";"";""
"Epi.Core";"Epi.SharedStrings";"CNTXT_CMD_PRINTOUT";"Print Out";"Imprimir";"";""
"Epi.Core";"Epi.SharedStrings";"CNTXT_CMD_QUIT";"Quit";"Sair";"";""
"Epi.Core";"Epi.SharedStrings";"CNTXT_CMD_READ";"Read (Import)";"Ler (Importar)";"";""
"Epi.Core";"Epi.SharedStrings";"CNTXT_CMD_RECODE";"Recode";"Recodificar";"";""
"Epi.Core";"Epi.SharedStrings";"CNTXT_CMD_RELATE";"Relate";"Relacionar";"";"Revisado"
"Epi.Core";"Epi.SharedStrings";"CNTXT_CMD_REPORTS";"Reports";"Relatórios";"";""
"Epi.Core";"Epi.SharedStrings";"CNTXT_CMD_ROUTEOUT";"Route Out";"Direcionar Saída";"";"Revisado"
"Epi.Core";"Epi.SharedStrings";"CNTXT_CMD_RUNSAVED";"Run Saved Program";"Executar Programa Salvo";"";""
"Epi.Core";"Epi.SharedStrings";"CNTXT_CMD_SELECT";"Select";"Selecionar";"";""
"Epi.Core";"Epi.SharedStrings";"CNTXT_CMD_SELECTIF";"Select/If";"Selecionar/Se";"";"Revisado"
"Epi.Core";"Epi.SharedStrings";"CNTXT_CMD_SET";"Set";"Definir";"";"Revisado"
"Epi.Core";"Epi.SharedStrings";"CNTXT_CMD_SET_NOT_REQUIRED";"Set Not Required";"Definir como Não Obrigatório";"";"Revisado"
"Epi.Core";"Epi.SharedStrings";"CNTXT_CMD_SET_REQUIRED";"Set Required";"Definir como Obrigatório";"LONGO";"Revisado"
"Epi.Core";"Epi.SharedStrings";"CNTXT_CMD_SORT";"Sort";"Ordenar";"";""
"Epi.Core";"Epi.SharedStrings";"CNTXT_CMD_STATS";"Statistics";"Estatísticas";"";""
"Epi.Core";"Epi.SharedStrings";"CNTXT_CMD_STORINGOUTPUT";"Storing Output";"Armazenar Saída";"";""
"Epi.Core";"Epi.SharedStrings";"CNTXT_CMD_SUMMARIZE";"Summarize";"Resumir";"";""
"Epi.Core";"Epi.SharedStrings";"CNTXT_CMD_TABLES";"Tables";"Tabelas";"";""
"Epi.Core";"Epi.SharedStrings";"CNTXT_CMD_TYPE";"Type";"Tipo";"";""
"Epi.Core";"Epi.SharedStrings";"CNTXT_CMD_UNDELETERECORDS";"Undelete Records";"Restaurar Registros Excluídos";"LONGO";"Revisado"
"Epi.Core";"Epi.SharedStrings";"CNTXT_CMD_UNHIDE";"Unhide";"Desocultar";"";""
"Epi.Core";"Epi.SharedStrings";"CNTXT_CMD_UNHIGHLIGHT";"Unhighlight";"Remover Ressalte";"";"Revisado"
"Epi.Core";"Epi.SharedStrings";"CNTXT_CMD_USERCMDS";"User Defined Commands";"Comandos Definidos pelo Usuário";"";""
"Epi.Core";"Epi.SharedStrings";"CNTXT_CMD_USERCOMMAND";"User Command";"Comando do Usuário";"";""
"Epi.Core";"Epi.SharedStrings";"CNTXT_CMD_USERINTERACTION";"User Interaction";"Interação com o Usuário";"";""
"Epi.Core";"Epi.SharedStrings";"CNTXT_CMD_VARIABLES";"Variables";"Variáveis";"";""
"Epi.Core";"Epi.SharedStrings";"CNTXT_CMD_WRITE";"Write (Export)";"Gravar (Exportar)";"";""
"Epi.Core";"Epi.SharedStrings";"CNTXT_FXN_DATFX";"Date Functions";"Funções de Data";"";""
"Epi.Core";"Epi.SharedStrings";"CNTXT_FXN_DATFX_TMPLT1";"( <date_time> )";"( <date_time> )";"";"Revisado"
"Epi.Core";"Epi.SharedStrings";"CNTXT_FXN_DATFX_TMPLT2";"( <start_date>, <end_date> )";"( <start_date>, <end_date> )";"";"Revisado"
"Epi.Core";"Epi.SharedStrings";"CNTXT_FXN_FRMT_DATES";"Date and Time  Formats";"Formatos de Data e Hora";"";""
"Epi.Core";"Epi.SharedStrings";"CNTXT_FXN_FRMT_DATES_GEN";"General Date ";"Data Geral";"ESPACOS";""
"Epi.Core";"Epi.SharedStrings";"CNTXT_FXN_FRMT_DATES_LONGDATE";"Long Date";"Data Longa";"";""
"Epi.Core";"Epi.SharedStrings";"CNTXT_FXN_FRMT_DATES_LONGTIME";"Long Time";"Hora Longa";"";""
"Epi.Core";"Epi.SharedStrings";"CNTXT_FXN_FRMT_DATES_SHORTDATE";"Short Date";"Data Curta";"";""
"Epi.Core";"Epi.SharedStrings";"CNTXT_FXN_FRMT_DATES_SHORTTIME";"Short Time";"Hora Curta";"";""
"Epi.Core";"Epi.SharedStrings";"CNTXT_FXN_FRMT_NUM";"Numeric Formats";"Formatos Numéricos";"";""
"Epi.Core";"Epi.SharedStrings";"CNTXT_FXN_FRMT_NUM_CURRENCY";"Currency";"Moeda";"";""
"Epi.Core";"Epi.SharedStrings";"CNTXT_FXN_FRMT_NUM_FIXED";"Fixed";"Fixo";"";"Revisado"
"Epi.Core";"Epi.SharedStrings";"CNTXT_FXN_FRMT_NUM_GEN";"General Number";"Número Geral";"";""
"Epi.Core";"Epi.SharedStrings";"CNTXT_FXN_FRMT_NUM_ONOFF";"On/Off (1/0)";"Ligado/Desligado (1/0)";"LONGO";"Revisado"
"Epi.Core";"Epi.SharedStrings";"CNTXT_FXN_FRMT_NUM_PERCENT";"Percent";"Porcentagem";"";""
"Epi.Core";"Epi.SharedStrings";"CNTXT_FXN_FRMT_NUM_SCIENTIFIC";"Scientific";"Científica";"";""
"Epi.Core";"Epi.SharedStrings";"CNTXT_FXN_FRMT_NUM_STANDARD";"Standard";"Padrão";"";""
"Epi.Core";"Epi.SharedStrings";"CNTXT_FXN_FRMT_NUM_TF";"True/False";"Verdadeiro/Falso";"";""
"Epi.Core";"Epi.SharedStrings";"CNTXT_FXN_FRMT_NUM_YN";"Yes/No";"Sim/Não";"";""
"Epi.Core";"Epi.SharedStrings";"CNTXT_FXN_LGOPS";"Logical Operators";"Operadores Lógicos";"";""
"Epi.Core";"Epi.SharedStrings";"CNTXT_FXN_LGOPS_AND";"AND";"AND (E)";"";"Revisado"
"Epi.Core";"Epi.SharedStrings";"CNTXT_FXN_LGOPS_NOT";"NOT";"NOT (NÃO)";"";"Revisado"
"Epi.Core";"Epi.SharedStrings";"CNTXT_FXN_LGOPS_OR";"OR";"OR (OU)";"";"Revisado"
"Epi.Core";"Epi.SharedStrings";"CNTXT_FXN_LGOPS_XOR";"XOR (exclusive OR)";"XOR (OU exclusivo)";"";""
"Epi.Core";"Epi.SharedStrings";"CNTXT_FXN_NUMCOPS";"Numeric and Comparison Operators";"Operadores Numéricos e de Comparação";"";""
"Epi.Core";"Epi.SharedStrings";"CNTXT_FXN_NUMCOPS_EQUAL";"= (equal)";"= (igual)";"";"Revisado"
"Epi.Core";"Epi.SharedStrings";"CNTXT_FXN_NUMCOPS_EXP";"^ (Exponentiation)";"^ (Exponenciação)";"";""
"Epi.Core";"Epi.SharedStrings";"CNTXT_FXN_NUMCOPS_GT";"> (greater than)";"> (maior que)";"";""
"Epi.Core";"Epi.SharedStrings";"CNTXT_FXN_NUMCOPS_GTE";">= (greater than or equal)";">= (maior ou igual)";"";""
"Epi.Core";"Epi.SharedStrings";"CNTXT_FXN_NUMCOPS_LIKE";"LIKE";"LIKE (semelhante a)";"LONGO";"Revisado"
"Epi.Core";"Epi.SharedStrings";"CNTXT_FXN_NUMCOPS_LT";"< (less than)";"< (menor que)";"";""
"Epi.Core";"Epi.SharedStrings";"CNTXT_FXN_NUMCOPS_LTE";"<= (less than or equal)";"<= (menor ou igual a)";"";""
"Epi.Core";"Epi.SharedStrings";"CNTXT_FXN_NUMCOPS_LTGT";"<> (less than or greater than; not equal)";"<> (diferente de)";"";""
"Epi.Core";"Epi.SharedStrings";"CNTXT_FXN_NUMCOPS_MOD";"MOD (modulus or remainder)";"MOD (módulo ou resto)";"";"Revisado"
"Epi.Core";"Epi.SharedStrings";"CNTXT_FXN_NUMFX";"Numeric Functions";"Funções Numéricas";"";""
"Epi.Core";"Epi.SharedStrings";"CNTXT_FXN_NUMFX_ABS";"ABS (absolute value)";"ABS (valor absoluto)";"";""
"Epi.Core";"Epi.SharedStrings";"CNTXT_FXN_NUMFX_COS";"COS";"COS";"";""
"Epi.Core";"Epi.SharedStrings";"CNTXT_FXN_NUMFX_EXP";"EXP";"EXP";"";""
"Epi.Core";"Epi.SharedStrings";"CNTXT_FXN_NUMFX_LN";"LN (natural log)";"LN (log natural)";"";""
"Epi.Core";"Epi.SharedStrings";"CNTXT_FXN_NUMFX_LOG";"LOG (decimal log)";"LOG (log decimal)";"";""
"Epi.Core";"Epi.SharedStrings";"CNTXT_FXN_NUMFX_RECCOUNT";"RECORDCOUNT";"RECORDCOUNT";"";""
"Epi.Core";"Epi.SharedStrings";"CNTXT_FXN_NUMFX_RND";"RND (random)";"RND (aleatório)";"";""
"Epi.Core";"Epi.SharedStrings";"CNTXT_FXN_NUMFX_ROUND";"ROUND";"ROUND";"";""
"Epi.Core";"Epi.SharedStrings";"CNTXT_FXN_NUMFX_SIN";"SIN";"SIN";"";""
"Epi.Core";"Epi.SharedStrings";"CNTXT_FXN_NUMFX_TAN";"TAN";"TAN";"";""
"Epi.Core";"Epi.SharedStrings";"CNTXT_FXN_NUMFX_TRUNC";"TRUNC (truncate)";"TRUNC (truncar)";"";""
"Epi.Core";"Epi.SharedStrings";"CNTXT_FXN_SYSFXN";"System Functions";"Funções do Sistema";"";""
"Epi.Core";"Epi.SharedStrings";"CNTXT_FXN_SYSFXN_CURRUSER";"CURRENTUSER";"CURRENTUSER";"";""
"Epi.Core";"Epi.SharedStrings";"CNTXT_FXN_TEXTFXN";"Text Functions";"Funções de Texto";"";""
"Epi.Core";"Epi.SharedStrings";"CNTXT_FXN_TIMEFXN";"Time Functions";"Funções de Hora";"";""
"Epi.Core";"Epi.SharedStrings";"CNTXT_FXN_TMPLT_DATEPARTS";"( <year>, <month>, <day> )";"( <year>, <month>, <day> )";"";"Revisado"
"Epi.Core";"Epi.SharedStrings";"CNTXT_FXN_TMPLT_ENVVAR";"( <name_of_env_variable> )";"( <name_of_env_variable> )";"";"Revisado"
"Epi.Core";"Epi.SharedStrings";"CNTXT_FXN_TMPLT_FILENAME";"( <filename> )";"( <filename> )";"";"Revisado"
"Epi.Core";"Epi.SharedStrings";"CNTXT_FXN_TMPLT_FINDTEXT";"( <letters_to_find>, <variable_to_search> )";"( <letters_to_find>, <variable_to_search> )";"";"Revisado"
"Epi.Core";"Epi.SharedStrings";"CNTXT_FXN_TMPLT_SUBSTRING";"( <variable>, {<first>} , {<length>} )";"( <variable>, {<first>} , {<length>} )";"";"Revisado"
"Epi.Core";"Epi.SharedStrings";"CNTXT_FXN_TMPLT_TIMEPARTS";"( <hour>, <minute>, <second> )";"( <hour>, <minute>, <second> )";"";"Revisado"
"Epi.Core";"Epi.SharedStrings";"CNTXT_FXN_TMPLT_VAR_PARM";"<variable>";"<variable>";"";"Revisado"
"Epi.Core";"Epi.SharedStrings";"CNTXT_FXN_TMPLT_VARIABLE";"( <variable> )";"( <variable> )";"";"Revisado"
"Epi.Core";"Epi.SharedStrings";"CNTXT_FXN_TMPLT_ZSCORE";"( <reference>, <metric>, <measurement>, <co_metric>, <sex> )";"( <reference>, <metric>, <measurement>, <co_metric>, <sex> )";"";"Revisado"
"Epi.Core";"Epi.SharedStrings";"COL_WORD";"Col";"Col";"";""
"Epi.Core";"Epi.SharedStrings";"COLLECTED_DATA_INFORMATION_REQUIRED";"Collected database information is required";"É obrigatório informar o banco de dados dos dados coletados.";"PONTUACAO";"Revisado"
"Epi.Core";"Epi.SharedStrings";"COMFIRM_DELETE_VIEW";"Confirm delete this form.";"Confirme a exclusão deste formulário.";"";"Revisado"
"Epi.Core";"Epi.SharedStrings";"COMFIRM_DELETE_VIEW_WITH_DATATABLE";"Confirm delete the form with data table.";"Confirme a exclusão do formulário e de sua tabela de dados.";"";"Revisado"
"Epi.Core";"Epi.SharedStrings";"COMMA_SEPARATED_VALUES_FILE";"Comma separated valeus file";"Arquivo de valores separados por vírgula";"";"Revisado"
"Epi.Core";"Epi.SharedStrings";"COMMAND_NOT_IDENTIFIED";"Command cannot be identified.";"Não foi possível identificar o comando.";"";"Revisado"
"Epi.Core";"Epi.SharedStrings";"COMPLETE_ALL_SELECTION_FIELDS";"Please ensure that all fields are complete before adding the condition.";"Certifique-se de que todos os campos estão completos antes de adicionar uma condição.";"";""
"Epi.Core";"Epi.SharedStrings";"CONDITIONS";"Conditions";"Condições";"";"Revisado"
"Epi.Core";"Epi.SharedStrings";"CONFIG_NOT_LOADED";"Configuration has not been loaded.";"Nenhuma configuração foi carregada.";"";""
"Epi.Core";"Epi.SharedStrings";"CONFIRM_DELETE_GRID_COLUMN";"Are you sure you want to delete this column?";"Tem certeza de que deseja excluir esta coluna?";"";"Revisado"
"Epi.Core";"Epi.SharedStrings";"CONFIRM_DELETE_RECORDS";"Delete Records? ({0})";"Excluir registros? ({0})";"";"Revisado"
"Epi.Core";"Epi.SharedStrings";"CONFIRM_FILE_DELETE";"Delete files? ({0})";"Excluir arquivos? ({0})";"";"Revisado"
"Epi.Core";"Epi.SharedStrings";"CONFIRM_GROUP_DROP_PICKUP_FIELD";"Do you want to make the field(s) you covered with a group field part of the group?";"Deseja que os campos que você cobriu com um campo de grupo passem a fazer parte do grupo?";"";"Revisado"
"Epi.Core";"Epi.SharedStrings";"CONFIRM_LANGUAGE_DELETE";"Are you sure that you want to remove the selected language from Epi Info? This action cannot be undone.";"Você tem certeza que deseja remover o idioma selecionado do Epi Info? Essa ação não pode ser desfeita.";"";""
"Epi.Core";"Epi.SharedStrings";"CONFIRM_PAGE_DELETE";"Are you sure you want to delete the following page? This action cannot be undone.";"Tem certeza de que deseja excluir a página a seguir? Esta ação não pode ser desfeita.";"";"Revisado"
"Epi.Core";"Epi.SharedStrings";"CONFIRM_PROGRAM_DELETE";"Confirm Program Delete";"Confirmar Exclusão do Programa";"";"Revisado"
"Epi.Core";"Epi.SharedStrings";"CONFIRM_VIEW_DELETE";"Are you sure you want to delete this form?";"Tem certeza de que deseja excluir este formulário?";"";"Revisado"
"Epi.Core";"Epi.SharedStrings";"CONFIRMATION";"Confirmation";"Confirmação";"";""
"Epi.Core";"Epi.SharedStrings";"CONTINUE_TAB_ORDER";"Continue Tab Order";"Seguir Ordem de Tabulação";"";""
"Epi.Core";"Epi.SharedStrings";"COPY";"Copy";"Copiar";"";""
"Epi.Core";"Epi.SharedStrings";"CORRUPTION_DUPE_PERM";"Data corruption: Found duplicate permanent variables in the config file. Please clean up Config file and try again.";"Corrupção de dados: foram encontradas variáveis permanentes duplicadas no arquivo de configuração. Limpe o arquivo de configuração e tente novamente.";"";"Revisado"
"Epi.Core";"Epi.SharedStrings";"CREATE_DIRECTORY";"The directory for the project location does not exist.  Would you like to create it?";"O diretório do local do projeto não existe. Deseja criá-lo?";"";"Revisado"
"Epi.Core";"Epi.SharedStrings";"CREATE_NEW_DATA_TABLE";"Create New Data Table";"Criar Nova Tabela de Dados";"";""
"Epi.Core";"Epi.SharedStrings";"CREATE_NEW_PGM";"Creating a new PGM will clear the editor. Do you want to continue?";"Criar um programa novo irá limpar o editor. Deseja continuar?";"";""
"Epi.Core";"Epi.SharedStrings";"CREATING_FIELD";"Creating field";"Criando campo";"";""
"Epi.Core";"Epi.SharedStrings";"CREATING_PROJECT";"Creating project ...";"Criando projeto…";"";"Revisado"
"Epi.Core";"Epi.SharedStrings";"CURRENT_LOCALE";"Current Locale";"Configuração Regional Atual";"LONGO";"Revisado"
"Epi.Core";"Epi.SharedStrings";"CURRENT_PROJECT";"(current project)";"(projeto atual)";"";""
"Epi.Core";"Epi.SharedStrings";"CURRENT_VIEW";"Current Data Source";"Fonte de Dados Atual";"";"Revisado"
"Epi.Core";"Epi.SharedStrings";"CUT";"Cut";"Cortar";"";""
"Epi.Core";"Epi.SharedStrings";"DASHBOARD_100_PERCENT_LABEL";"100.00 %";"100.00 %";"";""
"Epi.Core";"Epi.SharedStrings";"DASHBOARD_ADVANCED_OPTIONS_LABEL";"Advanced options";"Opções Avançadas";"";""
"Epi.Core";"Epi.SharedStrings";"DASHBOARD_CANNOT_RELATE_NO_DATA_SOURCE";"A data source must be read before other data sources can be related.";"É necessário ler uma fonte de dados antes de relacionar outras fontes de dados.";"";"Revisado"
"Epi.Core";"Epi.SharedStrings";"DASHBOARD_CANNOT_SAVE_CANVAS_NO_DATA_SOURCE";"A data source must be read before the canvas can be saved.";"É necessário ler uma fonte de dados antes de salvar o canvas.";"";"Revisado"
"Epi.Core";"Epi.SharedStrings";"DASHBOARD_CANVAS_SAVED";"Canvas has been saved.";"O canvas foi salvo.";"";"Revisado"
"Epi.Core";"Epi.SharedStrings";"DASHBOARD_CONTEXTMENU_ADD_2X2_GADGET";"2 x 2 Table";"Tabela 2 x 2";"";""
"Epi.Core";"Epi.SharedStrings";"DASHBOARD_CONTEXTMENU_ADD_ANALYSIS_GADGET";"Add Analysis Gadget";"Adicionar gadget de análise";"";"Revisado"
"Epi.Core";"Epi.SharedStrings";"DASHBOARD_CONTEXTMENU_ADD_CHART_GADGET";"Chart";"Gráfico";"";""
"Epi.Core";"Epi.SharedStrings";"DASHBOARD_CONTEXTMENU_ADD_COMBINED_FREQUENCY_GADGET";"Combined Frequency";"Frequência Combinada";"";""
"Epi.Core";"Epi.SharedStrings";"DASHBOARD_CONTEXTMENU_ADD_COX_GADGET";"Cox Proportional Hazards";"Riscos Proporcionais de Cox";"";"Revisado"
"Epi.Core";"Epi.SharedStrings";"DASHBOARD_CONTEXTMENU_ADD_CSAMPLE_FREQUENCY_GADGET";"Complex Sample Frequency";"Frequência de Amostra Complexa";"";"Revisado"
"Epi.Core";"Epi.SharedStrings";"DASHBOARD_CONTEXTMENU_ADD_CSAMPLE_MEANS_GADGET";"Complex Sample Means";"Médias de Amostra Complexa";"";"Revisado"
"Epi.Core";"Epi.SharedStrings";"DASHBOARD_CONTEXTMENU_ADD_CSAMPLE_TABLE_GADGET";"Complex Sample Table";"Tabela de Amostra Complexa";"";"Revisado"
"Epi.Core";"Epi.SharedStrings";"DASHBOARD_CONTEXTMENU_ADD_EARS_GADGET";"Aberration Detection";"Detecção de Aberrações";"";""
"Epi.Core";"Epi.SharedStrings";"DASHBOARD_CONTEXTMENU_ADD_FREQUENCY_GADGET";"Frequency";"Frequência";"";""
"Epi.Core";"Epi.SharedStrings";"DASHBOARD_CONTEXTMENU_ADD_KMSURVIVAL_GADGET";"Kaplan Meier Survival";"Sobrevida de Kaplan-Meier";"";"Revisado"
"Epi.Core";"Epi.SharedStrings";"DASHBOARD_CONTEXTMENU_ADD_LINE_LIST_GADGET";"Line List";"Lista de Registros";"LONGO";""
"Epi.Core";"Epi.SharedStrings";"DASHBOARD_CONTEXTMENU_ADD_LOGISTIC_GADGET";"Logistic Regression";"Regressão Logística";"";""
"Epi.Core";"Epi.SharedStrings";"DASHBOARD_CONTEXTMENU_ADD_MATCH_GADGET";"Match";"Parear";"";""
"Epi.Core";"Epi.SharedStrings";"DASHBOARD_CONTEXTMENU_ADD_MEANS_GADGET";"Means";"Médias";"";""
"Epi.Core";"Epi.SharedStrings";"DASHBOARD_CONTEXTMENU_ADD_MXN_GADGET";"M x N / 2 x 2 Table";"Tabela M x N / 2 x 2";"";"Revisado"
"Epi.Core";"Epi.SharedStrings";"DASHBOARD_CONTEXTMENU_ADD_REGRESS_GADGET";"Linear Regression";"Regressão Linear";"";""
"Epi.Core";"Epi.SharedStrings";"DASHBOARD_CONTEXTMENU_ADD_STATCALC_2X2_GADGET";"Tables (2 x 2 x n)";"Tabelas (2 x 2 x n)";"";"Revisado"
"Epi.Core";"Epi.SharedStrings";"DASHBOARD_CONTEXTMENU_ADD_STATCALC_CHI_GADGET";"Chi square for trend";"Qui-quadrado para tendência";"";"Revisado"
"Epi.Core";"Epi.SharedStrings";"DASHBOARD_CONTEXTMENU_ADD_STATCALC_COHORT_GADGET";"Cohort or cross-sectional";"Coorte ou transversal";"";"Revisado"
"Epi.Core";"Epi.SharedStrings";"DASHBOARD_CONTEXTMENU_ADD_STATCALC_POPULATION_GADGET";"Population survey";"Inquérito populacional";"";"Revisado"
"Epi.Core";"Epi.SharedStrings";"DASHBOARD_CONTEXTMENU_ADD_STATCALC_SAMPLE_SIZE_POWER_GADGET";"Sample size and power";"Tamanho da amostra e poder";"";"Revisado"
"Epi.Core";"Epi.SharedStrings";"DASHBOARD_CONTEXTMENU_ADD_STATCALC_UCC_GADGET";"Unmatched case-control";"Caso-controle não pareado";"";"Revisado"
"Epi.Core";"Epi.SharedStrings";"DASHBOARD_CONTEXTMENU_ADD_TABLES_GADGET";"Tables";"Tabelas";"";""
"Epi.Core";"Epi.SharedStrings";"DASHBOARD_CONTEXTMENU_BINOMIAL_PROPORTION";"Binomial (Proportion vs. std.)";"Binomial (proporção vs. padrão)";"";"Revisado"
"Epi.Core";"Epi.SharedStrings";"DASHBOARD_CONTEXTMENU_POISSON_RAREEVENTS";"Poisson (Rare event vs. std.)";"Poisson (evento raro vs. padrão)";"";"Revisado"
"Epi.Core";"Epi.SharedStrings";"DASHBOARD_CONTEXTMENU_REFRESH";"Refresh Results";"Atualizar Resultados";"";""
"Epi.Core";"Epi.SharedStrings";"DASHBOARD_CONTEXTMENU_RESET";"Reset Dashboard";"Redefinir Painel Visual";"";"Revisado"
"Epi.Core";"Epi.SharedStrings";"DASHBOARD_CONTEXTMENU_SET_DATA_SOURCE";"Set Data Source...";"Definir fonte de dados…";"";"Revisado"
"Epi.Core";"Epi.SharedStrings";"DASHBOARD_CROSSTAB_FIELD_LABEL";"Cross-tabulate by:";"Tabulação cruzada por:";"";"Revisado"
"Epi.Core";"Epi.SharedStrings";"DASHBOARD_ERROR_DEFINED_VARIABLE_MISSING";"No such defined variable exists: {0}";"Nenhuma variável definida com esse nome: {0}";"";"Revisado"
"Epi.Core";"Epi.SharedStrings";"DASHBOARD_ERROR_INVALID_COLUMN_TYPE";"Invalid column type";"Tipo de coluna inválido";"";"Revisado"
"Epi.Core";"Epi.SharedStrings";"DASHBOARD_ERROR_PROJECT_NOT_FOUND";"The specified project file ({0}) is either missing or corrupt and cannot be opened.";"O arquivo de projeto especificado ({0}) está ausente ou corrompido e não pode ser aberto.";"";"Revisado"
"Epi.Core";"Epi.SharedStrings";"DASHBOARD_ERROR_PROJECT_NOT_FOUND_FOR_CANVAS";"The specified project file ({0}) that is associated with this canvas was not found. Please modify the canvas file to point to a valid Epi Info 7 project or select a new data source.";"Não foi encontrado o arquivo de projeto ({0}) associado a este canvas. Modifique o arquivo do canvas para apontar para um projeto válido do Epi Info 7 ou selecione uma nova fonte de dados.";"";"Revisado"
"Epi.Core";"Epi.SharedStrings";"DASHBOARD_EXPORT_CANCELLED";"Export cancelled. Wrote {0} records prior to cancellation.";"Exportação cancelada. {0} registros gravados antes do cancelamento.";"";""
"Epi.Core";"Epi.SharedStrings";"DASHBOARD_EXPORT_CREATE_TABLE";"Creating output table...";"Criando tabela de saída…";"";""
"Epi.Core";"Epi.SharedStrings";"DASHBOARD_EXPORT_EXCEL_NUMERIC_FIELD_OVERFLOW_FAIL";"Numeric field overflow detected. There is likely a date value in this data set that exceeds the year 2060 or precedes the year 1900. Please check and correct these date values and try the export process again. The process has been halted.";"Estouro de campo numérico detectado. Provavelmente há um valor de data neste conjunto de dados posterior ao ano 2060 ou anterior ao ano 1900. Verifique e corrija essas datas e tente exportar novamente. O processo foi interrompido.";"";"Revisado"
"Epi.Core";"Epi.SharedStrings";"DASHBOARD_EXPORT_EXCEL_TABLE_OVERWRITE_FAIL";"The exporter was unable to overwrite the Excel worksheet {0}. Try creating a new worksheet in the database.";"O exportador não conseguiu substituir a planilha do Excel {0}. Tente criar uma nova planilha no banco de dados.";"";"Revisado"
"Epi.Core";"Epi.SharedStrings";"DASHBOARD_EXPORT_PROGRESS";"Wrote {0} records... ";"{0} registros gravados… ";"";"Revisado"
"Epi.Core";"Epi.SharedStrings";"DASHBOARD_EXPORT_PROGRESS_INCLUDE_SKIPPED";"Wrote {0} records... 
{2} records skipped due to problems...";"{0} registros gravados…
{2} registros ignorados devido a problemas…";"";"Revisado"
"Epi.Core";"Epi.SharedStrings";"DASHBOARD_EXPORT_SUCCESS";"Export completed successfully. {0} records written.";"Exportação concluída com sucesso. {0} registros gravados.";"";"Revisado"
"Epi.Core";"Epi.SharedStrings";"DASHBOARD_EXPORT_SUCCESS_SOME_SKIPPED";"Export completed. {0} of {1} records written. {2} records skipped due to problems.";"Exportação concluída. {0} de {1} registros gravados. {2} registros ignorados devido a problemas.";"";"Revisado"
"Epi.Core";"Epi.SharedStrings";"DASHBOARD_EXPORT_SUCCESS_SOME_SKIPPED_NUMERIC_FIELD_OVERFLOW";"Export completed. {0} of {1} records written. {2} records skipped due to problems. Numeric field overflow was detected during the export process; this is likely due to date values that are less than January 1st, 1900 or greater than December 31st, 2060. Records containing these dates have been skipped.";"Exportação concluída. {0} de {1} registros gravados. {2} registros ignorados devido a problemas. Foi detectado estouro de campo numérico durante a exportação; isso provavelmente se deve a datas anteriores a 1º de janeiro de 1900 ou posteriores a 31 de dezembro de 2060. Os registros com essas datas foram ignorados.";"";"Revisado"
"Epi.Core";"Epi.SharedStrings";"DASHBOARD_EXPORT_WARNING";"Warning: The table {0} will be overwritten if the export proceeds. This action cannot be undone.";"Aviso: a tabela {0} será substituída se a exportação continuar. Esta ação não pode ser desfeita.";"";"Revisado"
"Epi.Core";"Epi.SharedStrings";"DASHBOARD_EXPORT_WIDE_TABLE_FAIL";"Due to the number of fields selected, the exporter attempted to separate the fields into {0} tables. At least one of the tables already exists and the export process has been halted. Change the table name and try the export process again.";"Devido ao número de campos selecionados, o exportador tentou separar os campos em {0} tabelas. Pelo menos uma das tabelas já existe e o processo de exportação foi interrompido. Altere o nome da tabela e tente exportar novamente.";"";"Revisado"
"Epi.Core";"Epi.SharedStrings";"DASHBOARD_FIELD_LABEL";"Field:";"Campo:";"";""
"Epi.Core";"Epi.SharedStrings";"DASHBOARD_FREQUENCY_CI_LOWER";"95% CI Lower";"IC 95% inferior";"";"Revisado"
"Epi.Core";"Epi.SharedStrings";"DASHBOARD_FREQUENCY_CI_UPPER";"95% CI Upper";"IC 95% superior";"";"Revisado"
"Epi.Core";"Epi.SharedStrings";"DASHBOARD_FREQUENCY_CONFIG_PANEL_LABEL";"Frequency Properties";"Propriedades de Frequência";"";""
"Epi.Core";"Epi.SharedStrings";"DASHBOARD_FREQUENCY_CUMULATIVE_PERCENT";"Cum. Percent";"Porcentagem Acum.";"";""
"Epi.Core";"Epi.SharedStrings";"DASHBOARD_FREQUENCY_FREQUENCY";"Frequency";"Frequência";"";"Revisado"
"Epi.Core";"Epi.SharedStrings";"DASHBOARD_FREQUENCY_OUTER_LABEL";"Frequency";"Frequência";"";"Revisado"
"Epi.Core";"Epi.SharedStrings";"DASHBOARD_FREQUENCY_PERCENT";"Percent";"Porcentagem";"";""
"Epi.Core";"Epi.SharedStrings";"DASHBOARD_GADGET_LOAD_ERROR";"The 'type' attribute for one of the gadgets in the specified canvas file is not set properly. The loading of this canvas file has been aborted.";"O atributo 'type' de um dos gadgets do arquivo de canvas especificado não está definido corretamente. O carregamento deste arquivo de canvas foi cancelado.";"";"Revisado"
"Epi.Core";"Epi.SharedStrings";"DASHBOARD_GADGET_PROCESSING";"processing";"processando";"";"Revisado"
"Epi.Core";"Epi.SharedStrings";"DASHBOARD_GADGET_STATUS_ASSIGNED_VALUES_TO";"Assigning values to user variables ({0} complete)...";"Atribuindo valores às variáveis do usuário ({0} concluído)…";"";"Revisado"
"Epi.Core";"Epi.SharedStrings";"DASHBOARD_GADGET_STATUS_CACHING";"Caching data locally...";"Armazenando dados em cache localmente…";"";"Revisado"
"Epi.Core";"Epi.SharedStrings";"DASHBOARD_GADGET_STATUS_CACHING_WAIT";"Waiting for data to be cached locally...";"Aguardando o armazenamento dos dados em cache local…";"";"Revisado"
"Epi.Core";"Epi.SharedStrings";"DASHBOARD_GADGET_STATUS_CALCULATING_DESCRIPTIVE_STATISTICS";"Calculating descriptive statistics...";"Calculando estatísticas descritivas…";"";""
"Epi.Core";"Epi.SharedStrings";"DASHBOARD_GADGET_STATUS_CALCULATING_DESCRIPTIVE_STATISTICS_ADVANCED";"Calculating ANOVA and other advanced descriptive statistics...";"Calculando ANOVA e outras estatísticas descritivas avançadas…";"";""
"Epi.Core";"Epi.SharedStrings";"DASHBOARD_GADGET_STATUS_CALCULATING_TOTALS";"Calculating totals...";"Calculando totais…";"";"Revisado"
"Epi.Core";"Epi.SharedStrings";"DASHBOARD_GADGET_STATUS_CHART_ERROR";"Unable to generate chart";"Não foi possível gerar o gráfico";"";"Revisado"
"Epi.Core";"Epi.SharedStrings";"DASHBOARD_GADGET_STATUS_CHECKING_INPUTS";"Checking inputs...";"Verificando as entradas…";"";""
"Epi.Core";"Epi.SharedStrings";"DASHBOARD_GADGET_STATUS_COMPARED_FREQ_VALUES";"Compared {0} of {1} values...";"Comparados {0} de {1} valores…";"";""
"Epi.Core";"Epi.SharedStrings";"DASHBOARD_GADGET_STATUS_COMPARING_FREQ_VALUES";"Comparing frequency values...";"Comparando valores de frequência…";"";""
"Epi.Core";"Epi.SharedStrings";"DASHBOARD_GADGET_STATUS_CREATING_VARIABLES";"Creating local variables...";"Criando variáveis locais…";"";""
"Epi.Core";"Epi.SharedStrings";"DASHBOARD_GADGET_STATUS_DISPLAYING_OUTPUT";"Displaying output...";"Mostrando a saída…";"";""
"Epi.Core";"Epi.SharedStrings";"DASHBOARD_GADGET_STATUS_FINDING_CROSSTAB_VALUES";"Finding crosstab values...";"Localizando valores da tabulação cruzada…";"";"Revisado"
"Epi.Core";"Epi.SharedStrings";"DASHBOARD_GADGET_STATUS_FINDING_DATE_VALUES";"Finding all distinct date values...";"Localizando todos os valores de data distintos…";"";"Revisado"
"Epi.Core";"Epi.SharedStrings";"DASHBOARD_GADGET_STATUS_FINDING_FREQ_VALUES";"Finding all distinct frequency values...";"Localizando todos os valores de frequência distintos…";"";"Revisado"
"Epi.Core";"Epi.SharedStrings";"DASHBOARD_GADGET_STATUS_FINDING_LIST_VALUES";"Finding list-based frequency values...";"Localizando valores de frequência baseados em lista…";"";"Revisado"
"Epi.Core";"Epi.SharedStrings";"DASHBOARD_GADGET_STATUS_FINDING_STRATA_VALUES";"Finding strata values...";"Localizando valores de estratos…";"";"Revisado"
"Epi.Core";"Epi.SharedStrings";"DASHBOARD_GADGET_STATUS_FINISHED_CACHING";"Finished caching data";"Armazenamento de dados em cache concluído";"LONGO";"Revisado"
"Epi.Core";"Epi.SharedStrings";"DASHBOARD_GADGET_STATUS_GENERATING_EPI_CURVE_TABLE";"Generating the epi curve table...";"Gerando a tabela da curva epidêmica…";"";"Revisado"
"Epi.Core";"Epi.SharedStrings";"DASHBOARD_GADGET_STATUS_GENERATING_TABLE";"Generating data table...";"Gerando tabela de dados…";"";""
"Epi.Core";"Epi.SharedStrings";"DASHBOARD_GADGET_STATUS_INITIALIZING";"Initializing...";"Iniciando…";"";""
"Epi.Core";"Epi.SharedStrings";"DASHBOARD_GADGET_STATUS_OPERATION_CANCELLED";"Operation cancelled";"Operação cancelada";"";""
"Epi.Core";"Epi.SharedStrings";"DASHBOARD_GADGET_STATUS_PREPROCESSING_RELATED_TABLE";"Preprocessing table {0} ({1} complete)";"Pré-processando a tabela {0} ({1} concluído)";"";"Revisado"
"Epi.Core";"Epi.SharedStrings";"DASHBOARD_GADGET_STATUS_PROCESSED_TABLES";"Processed {0} table(s)...";"{0} tabela(s) processada(s)…";"";"Revisado"
"Epi.Core";"Epi.SharedStrings";"DASHBOARD_GADGET_STATUS_PROCESSING";"Processing data...";"Processando dados…";"";"Revisado"
"Epi.Core";"Epi.SharedStrings";"DASHBOARD_GADGET_STATUS_PROCESSING_RELATED_TABLE";"Processing related table {0}...";"Processando a tabela relacionada {0}…";"";"Revisado"
"Epi.Core";"Epi.SharedStrings";"DASHBOARD_GADGET_STATUS_RELATING_PAGES";"Relating page tables ({0} complete)";"Relacionando tabelas de página ({0} concluído)";"";"Revisado"
"Epi.Core";"Epi.SharedStrings";"DASHBOARD_GADGET_STATUS_RELATING_PAGES_NO_PROGRESS";"Relating page tables...";"Relacionando tabelas de página…";"";""
"Epi.Core";"Epi.SharedStrings";"DASHBOARD_GADGET_STATUS_RELATING_TABLE";"Relating table {0} ({1} complete)";"Relacionando a tabela {0} ({1} concluído)";"";"Revisado"
"Epi.Core";"Epi.SharedStrings";"DASHBOARD_GADGET_STATUS_ROW_LIMIT";"Warning: Some rows were not displayed due to gadget settings. Showing top {0} rows only.";"Aviso: algumas linhas não foram exibidas devido às configurações do gadget. Mostrando apenas as primeiras {0} linhas.";"";"Revisado"
"Epi.Core";"Epi.SharedStrings";"DASHBOARD_GADGET_STATUS_SORTING_FREQ_VALUES";"Sorting frequency values...";"Ordenando valores de frequência…";"";""
"Epi.Core";"Epi.SharedStrings";"DASHBOARD_GADGET_STATUS_TOTALS_EPI_CURVE_TABLE";"Filling in totals in the epi curve table...";"Preenchendo os totais na tabela da curva epidêmica…";"";"Revisado"
"Epi.Core";"Epi.SharedStrings";"DASHBOARD_HTML_HEADING";"Dashboard Output";"Saída do Painel Visual";"";"Revisado"
"Epi.Core";"Epi.SharedStrings";"DASHBOARD_HTML_TITLE";"Dashboard Output";"Saída do Painel Visual";"";"Revisado"
"Epi.Core";"Epi.SharedStrings";"DASHBOARD_INSTRUCTIONS";"Right-click on canvas to add content.";"Clique com o botão direito no canvas para adicionar conteúdo.";"";"Revisado"
"Epi.Core";"Epi.SharedStrings";"DASHBOARD_INSTRUCTIONS_FINISHED_CACHING";"Finished caching data locally. Right-click on canvas to add content.";"Armazenamento local de dados concluído. Clique com o botão direito no canvas para adicionar conteúdo.";"";"Revisado"
"Epi.Core";"Epi.SharedStrings";"DASHBOARD_MATCHED_PAIR_CASE_CONTROL";"Matched pair case control";"Caso-controle pareado";"";"Revisado"
"Epi.Core";"Epi.SharedStrings";"DASHBOARD_MAX_LENGTH";"Max variable name length:";"Tamanho máximo do nome da variável:";"";"Revisado"
"Epi.Core";"Epi.SharedStrings";"DASHBOARD_MEANS_25";"25%";"25%";"";"Revisado"
"Epi.Core";"Epi.SharedStrings";"DASHBOARD_MEANS_75";"75%";"75%";"";"Revisado"
"Epi.Core";"Epi.SharedStrings";"DASHBOARD_MEANS_CONFIG_PANEL_LABEL";"Means Properties";"Propriedades das Médias";"";""
"Epi.Core";"Epi.SharedStrings";"DASHBOARD_MEANS_MAX";"Max";"Máximo";"";""
"Epi.Core";"Epi.SharedStrings";"DASHBOARD_MEANS_MEAN";"Mean";"Média";"";""
"Epi.Core";"Epi.SharedStrings";"DASHBOARD_MEANS_MEDIAN";"Median";"Mediana";"";""
"Epi.Core";"Epi.SharedStrings";"DASHBOARD_MEANS_MIN";"Min";"Min";"";""
"Epi.Core";"Epi.SharedStrings";"DASHBOARD_MEANS_MODE";"Mode";"Moda";"";""
"Epi.Core";"Epi.SharedStrings";"DASHBOARD_MEANS_OBSERVATIONS";"Obs";"Obs";"";""
"Epi.Core";"Epi.SharedStrings";"DASHBOARD_MEANS_OUTER_LABEL";"Means";"Médias";"";""
"Epi.Core";"Epi.SharedStrings";"DASHBOARD_MEANS_STANDARD_DEVIATION";"Std Dev";"Desvio Padrão";"LONGO";""
"Epi.Core";"Epi.SharedStrings";"DASHBOARD_MEANS_SUM";"Sum";"Soma";"";""
"Epi.Core";"Epi.SharedStrings";"DASHBOARD_MEANS_TOTAL";"Total";"Total";"";""
"Epi.Core";"Epi.SharedStrings";"DASHBOARD_MEANS_VARIANCE";"Var";"Var.";"";"Revisado"
"Epi.Core";"Epi.SharedStrings";"DASHBOARD_MISSING";"Missing";"Ausente";"";"Revisado"
"Epi.Core";"Epi.SharedStrings";"DASHBOARD_OPTION_ALL_VALUES";"Display all list values";"Exibir todos os valores da lista";"";"Revisado"
"Epi.Core";"Epi.SharedStrings";"DASHBOARD_OPTION_INCLUDE_MISSING";"Include missing values";"Incluir valores ausentes";"";"Revisado"
"Epi.Core";"Epi.SharedStrings";"DASHBOARD_OPTION_MAX_ROWS";"Max rows to display:";"Máximo de linhas a exibir:";"";""
"Epi.Core";"Epi.SharedStrings";"DASHBOARD_OPTION_SHOW_CONFIDENCE_LIMITS";"Confidence limits";"Limites de Confiança";"";""
"Epi.Core";"Epi.SharedStrings";"DASHBOARD_OPTION_SHOW_CUMULATIVE_PERCENT";"Cumulative percentage";"Porcentagem Cumulativa";"";""
"Epi.Core";"Epi.SharedStrings";"DASHBOARD_OPTION_SORT_HIGH_TO_LOW";"Sort high to low";"Ordenar do Maior para o Menor";"LONGO";""
"Epi.Core";"Epi.SharedStrings";"DASHBOARD_OUTPUT_SAVED";"Output has been saved.";"A saída foi salva.";"";"Revisado"
"Epi.Core";"Epi.SharedStrings";"DASHBOARD_SAVE_CANVAS";"Do you want to save the current canvas before proceeding?";"Deseja salvar o canvas atual antes de prosseguir?";"";"Revisado"
"Epi.Core";"Epi.SharedStrings";"DASHBOARD_STRATA_FIELD_SINGLE_LABEL";"Stratify by:";"Estratificar por:";"";""
"Epi.Core";"Epi.SharedStrings";"DASHBOARD_TITLE";"Dashboard";"Painel Visual";"";"Revisado"
"Epi.Core";"Epi.SharedStrings";"DASHBOARD_WEIGHT_FIELD_LABEL";"Weight:";"Peso:";"";""
"Epi.Core";"Epi.SharedStrings";"DATA_DICTIONARY";"Data Dictionary";"Dicionário de Dados";"";""
"Epi.Core";"Epi.SharedStrings";"DATA_ENTRY_EXECUTION_ONLY";"command can only be executed for data entry fields.";"O comando só pode ser executado para campos de entrada de dados.";"";""
"Epi.Core";"Epi.SharedStrings";"DATA_FILTERS";"Data Filters";"Filtros de dados";"";""
"Epi.Core";"Epi.SharedStrings";"DATA_FORMAT_RECODE";"";"Variáveis Definidas";"";""
"Epi.Core";"Epi.SharedStrings";"DATA_TABLE_NAME_ALREADY_EXISTS";"Invalid data table name. A table named ""{0}"" already exists in this database.";"Nome de tabela de dados inválido. Já existe uma tabela chamada ""{0}"" neste banco de dados.";"";"Revisado"
"Epi.Core";"Epi.SharedStrings";"DATA_TABLE_NAME_BEGIN_NUMERIC";"Invalid data table name: Data table names cannot begin with numbers.";"Nome de tabela de dados inválido: os nomes de tabelas de dados não podem começar com números.";"";"Revisado"
"Epi.Core";"Epi.SharedStrings";"DATA_TABLE_NAME_BEGIN_UNDERSCORE";"Invalid data table name: Table names cannot begin with underscores.";"Nome de tabela de dados inválido: os nomes de tabelas não podem começar com sublinhado.";"";"Revisado"
"Epi.Core";"Epi.SharedStrings";"DATA_TABLE_NAME_TOO_LONG";"Invalid data table name: The maximum number of characters to be entered must not exceed 64 characters.";"Nome de tabela de dados inválido: o número máximo de caracteres não deve exceder 64.";"";"Revisado"
"Epi.Core";"Epi.SharedStrings";"DATA_TABLE_NOT_CREATED";"A data table has not been created for this form.  Would you like to create the data table?";"A tabela de dados não foi criada para este formulário. Deseja criar a tabela de dados?";"";""
"Epi.Core";"Epi.SharedStrings";"DATA_TABLE_NOT_FOUND";"There is no datatable for this form: {0}";"Não existe uma tabela de dados para este formulário: {0}";"";"Revisado"
"Epi.Core";"Epi.SharedStrings";"DATA_TRANSFER_IN_PROGRESS";"Data transfer in progress ...";"Transferência de dados em andamento…";"";"Revisado"
"Epi.Core";"Epi.SharedStrings";"DATA_TYPE_MISMATCH";"data type mismatch.";"Tipo de dados incorreto.";"";""
"Epi.Core";"Epi.SharedStrings";"DATABASE_ALREADY_EXISTS_SQL";"The database specified already exists on the desired server. Please enter a different database.";"O banco de dados especificado já existe no servidor desejado. Informe um banco de dados diferente.";"";"Revisado"
"Epi.Core";"Epi.SharedStrings";"DATABASE_AREADY_EXISTS_ACCESS";"The database specified already exists at the desired location. Please enter a different database.";"O banco de dados especificado já existe no local desejado. Informe um banco de dados diferente.";"";"Revisado"
"Epi.Core";"Epi.SharedStrings";"DATABASE_NAME_CONTAINS_INVALID_CHARACTERS";"Database name can't contain special characters.";"O nome do banco de dados não pode conter caracteres especiais.";"";"Revisado"
"Epi.Core";"Epi.SharedStrings";"DATABASE_NAME_MUST_START_WITH_A_LETTE_OR_UNDERSCORE";"Database name must start with a letter or underscore";"O nome do banco de dados deve começar com uma letra ou sublinhado";"";"Revisado"
"Epi.Core";"Epi.SharedStrings";"DATABASE_NAME_REQUIRED";"Database name is required";"O nome do banco de dados é obrigatório";"";"Revisado"
"Epi.Core";"Epi.SharedStrings";"DATABASE_NAME_TOO_LONG";"Database name can't be more than 30 characters long";"Nome do banco de dados não pode ter mais do que 30 caracteres";"";""
"Epi.Core";"Epi.SharedStrings";"DATASOURCE_NOT_FOUND";"The database file {0} could not be located for this project.";"Não foi possível encontrar o banco de dados {0} para este projeto.";"";""
"Epi.Core";"Epi.SharedStrings";"DATATABLE_NAME_TOO_LONG_AND_INVALID_CHARACTERS";"Invalid data table name: The maximum number of characters to be entered must not exceed 64 characters and cannot contain non-alphanumeric characters.";"Nome de tabela de dados inválido: o número máximo de caracteres é 64 e não são permitidos caracteres não alfanuméricos.";"";"Revisado"
"Epi.Core";"Epi.SharedStrings";"DEFAULT_AUTO_SIZE";"Default &Auto Size";"Tamanho &Automático Padrão";"";"Revisado"
"Epi.Core";"Epi.SharedStrings";"DEFAULT_BACKROUND_IMAGE";"The background image will be set to the default image.";"A imagem de fundo será a imagem padrão.";"";""
"Epi.Core";"Epi.SharedStrings";"DEFAULT_CHART_LEGEND_ITEM";"Count";"Contagem";"";"Revisado"
"Epi.Core";"Epi.SharedStrings";"DEFAULT_PROMPT_ALIGN";"Default Prompt &Align";"Alinhamento Padrão do &Rótulo";"";"Revisado"
"Epi.Core";"Epi.SharedStrings";"DEFINE_CMD_VARIABLE_MISSING";"Define Command expects variable name";"O comando Definir espera um nome para variável";"";""
"Epi.Core";"Epi.SharedStrings";"DEFINED_VARIABLE";"Defined";"Definido";"";""
"Epi.Core";"Epi.SharedStrings";"DEFINED_VARIABLE_1";"has already been defined.";"já foi definida.";"";"Revisado"
"Epi.Core";"Epi.SharedStrings";"DEFINED_VARIABLES_SECTION";"has been placed in the  Defined Variables Section.";"foi colocada na seção de Variáveis Definidas.";"";"Revisado"
"Epi.Core";"Epi.SharedStrings";"DELETE";"Delete";"Excluir";"";"Revisado"
"Epi.Core";"Epi.SharedStrings";"DELETE_DATA_FIELD_WARNING";"You are deleting a field that may contain collected data. Continue with delete?";"Você vai excluir um campo que pode conter dados coletados. Deseja continuar?";"";""
"Epi.Core";"Epi.SharedStrings";"DELETE_DATA_TABLE";"Delete Data Table";"Excluir Tabela de Dados";"";"Revisado"
"Epi.Core";"Epi.SharedStrings";"DELETE_DATA_TABLE_WARNING";"The data table for this form will be deleted.  Continue?";"A tabela de dados deste formulário será excluída. Continuar?";"";"Revisado"
"Epi.Core";"Epi.SharedStrings";"DELETE_FORM";"Delete &Form";"Excluir &Formulário";"";"Revisado"
"Epi.Core";"Epi.SharedStrings";"DELETE_LINK_TO_CODE_TABLE";"Are you sure you want to delete the link to this code table?";"Tem certeza de que deseja excluir o vínculo com esta tabela de códigos?";"";"Revisado"
"Epi.Core";"Epi.SharedStrings";"DELETE_PAGE";"&Delete Page";"&Excluir Página";"";"Revisado"
"Epi.Core";"Epi.SharedStrings";"DELETE_PROGRAM";"Do you want to delete this program?";"Deseja excluir este programa?";"";"Revisado"
"Epi.Core";"Epi.SharedStrings";"DELETE_TEMPLATE";"Are you sure you want to delete this template. This delete can not be undone.";"Tem certeza de que deseja excluir este modelo? Esta exclusão não pode ser desfeita.";"";"Revisado"
"Epi.Core";"Epi.SharedStrings";"DELETED_RECORD";"Deleted Record";"Registro Excluído";"";"Revisado"
"Epi.Core";"Epi.SharedStrings";"DELETED_RECORDS_EXCLUDED";"Deleted Records Excluded";"Sem Registros Excluídos";"";"Revisado"
"Epi.Core";"Epi.SharedStrings";"DELETED_RECORDS_INCLUDED";"Deleted Records Included";"Com Registros Excluídos";"";"Revisado"
"Epi.Core";"Epi.SharedStrings";"DELETED_RECORDS_ONLY";"Deleted Records Only";"Somente Registros Excluídos";"";"Revisado"
"Epi.Core";"Epi.SharedStrings";"DESC_STATS_ERR";"Exception in Descriptive Statistics.";"Exceção em Estatística Descritiva.";"";""
"Epi.Core";"Epi.SharedStrings";"DEV";"DEV";"DEV";"";""
"Epi.Core";"Epi.SharedStrings";"DIRECTORY_CREATED";"The directory specified for the project location was successfully created.";"O diretório para o projeto foi criado com sucesso.";"";""
"Epi.Core";"Epi.SharedStrings";"DIRECTORY_FAILED";"The directory specified for the project location could not be created for the following reason: ";"O diretório do local do projeto não pôde ser criado pelo seguinte motivo: ";"";"Revisado"
"Epi.Core";"Epi.SharedStrings";"DIRECTORY_NOT_FOUND";"The following directory is not found";"O seguinte diretório não foi encontrado";"";""
"Epi.Core";"Epi.SharedStrings";"DUPLICATE_FIELD_NAME";"Specified field name already exists in the database. Please change the field name.";"O nome de campo especificado já existe no banco de dados. Altere o nome do campo.";"";"Revisado"
"Epi.Core";"Epi.SharedStrings";"DUPLICATE_VALUE";"This is a duplicate value. Please change the value.";"Este valor está duplicado. Altere o valor.";"";"Revisado"
"Epi.Core";"Epi.SharedStrings";"DUPLICATE_VARIABLE_DEFINITION";"Duplicate variable definition";"Definição de variável duplicada";"";"Revisado"
"Epi.Core";"Epi.SharedStrings";"DUPLICATE_VIEW_NAME";"The specified form name already exists in the database.  Please change the form name.";"O nome de formulário especificado já existe no banco de dados. Altere o nome do formulário.";"";"Revisado"
"Epi.Core";"Epi.SharedStrings";"EI3X_PROJECT_FILES";"Epi Info 3.x Project Files";"Arquivos de projeto do Epi Info 3.x";"";"Revisado"
"Epi.Core";"Epi.SharedStrings";"EI7_PROJECT_FILES";"Epi Info 7 Project Files";"Arquivos de projeto do Epi Info 7";"";"Revisado"
"Epi.Core";"Epi.SharedStrings";"EMPTY_DLL_DEF";"Please enter a DLL Object definition.";"Digite a definição do objeto DLL.";"";"Revisado"
"Epi.Core";"Epi.SharedStrings";"EMPTY_VARNAME";"Please enter a variable name.";"Digite um nome para a variável.";"";"Revisado"
"Epi.Core";"Epi.SharedStrings";"END";"End";"Fim";"";""
"Epi.Core";"Epi.SharedStrings";"ENTER";"Enter";"Inserir Dados";"LONGO";"Revisado"
"Epi.Core";"Epi.SharedStrings";"ENTER_COLUMN_NAME_FOR_GRID";"Please enter a column name for the grid.";"Digite um nome para a coluna da grade.";"";"Revisado"
"Epi.Core";"Epi.SharedStrings";"ENTER_FIELD_NAME";"Field name is empty. Please enter a field name.";"O nome do campo está vazio. Digite um nome para o campo.";"";"Revisado"
"Epi.Core";"Epi.SharedStrings";"ENTER_QUESTION_OR_PROMPT";"Please enter a Question or a Prompt.";"Digite uma pergunta ou um rótulo.";"";"Revisado"
"Epi.Core";"Epi.SharedStrings";"ENTER_VALID_DATE";"Please enter a valid date.";"Digite uma data válida.";"";"Revisado"
"Epi.Core";"Epi.SharedStrings";"ENTER_VALID_DATE_AND_TIME";"Please enter a valid date and time.";"Digite uma data e hora válidas.";"";"Revisado"
"Epi.Core";"Epi.SharedStrings";"ENTER_VALID_NUMBER";"Please enter a valid number.";"Digite um número válido.";"";"Revisado"
"Epi.Core";"Epi.SharedStrings";"ENTER_VALID_PHONE_NUMBER";"Please enter a valid phone number.";"Digite um número de telefone válido.";"";"Revisado"
"Epi.Core";"Epi.SharedStrings";"ENTER_VALID_TIME";"Please enter a valid time.";"Digite uma hora válida.";"";"Revisado"
"Epi.Core";"Epi.SharedStrings";"EOF";"End of the file was reached.";"Foi atingido o fim do arquivo.";"";""
"Epi.Core";"Epi.SharedStrings";"EPI_MAP";"Epi Map";"Epi Map";"NAO_TRADUZIDO";""
"Epi.Core";"Epi.SharedStrings";"EPI3_PROJECTS";"Unable to open EPI3.x projects in this version.";"Não é possível abrir um projeto EPI3.x nesta versão.";"";""
"Epi.Core";"Epi.SharedStrings";"ERROR";"Error";"Erro";"";""
"Epi.Core";"Epi.SharedStrings";"ERROR_APPDOMAIN_MASTER_SERVC_PRVDR";"Master service provider can only be set once per AppDomain.";"O provedor de serviço mestre só pode ser definido uma vez por AppDomain.";"";"Revisado"
"Epi.Core";"Epi.SharedStrings";"ERROR_CANVAS_NOT_FOUND";"The canvas file cannot be found: {0}   Make sure the .cvs7 file exists or that the /canvas: command line switch is used.";"O arquivo de canvas não foi encontrado: {0}   Verifique se o arquivo .cvs7 existe ou se a opção de linha de comando /canvas: foi usada.";"";"Revisado"
"Epi.Core";"Epi.SharedStrings";"ERROR_CLOSING_CONNECTION";"Error closing connection.";"Erro fechando conexão.";"";""
"Epi.Core";"Epi.SharedStrings";"ERROR_CONNECT_DATA_SOURCE";"Could not connect to data source.";"Não foi possível conectar à fonte de dados.";"";"Revisado"
"Epi.Core";"Epi.SharedStrings";"ERROR_CREATE_PACKAGE_RELATED_FORM";"Data packages cannot be created for related forms.";"Não é possível criar pacotes de dados para formulários relacionados.";"";"Revisado"
"Epi.Core";"Epi.SharedStrings";"ERROR_CRYPTO_KEYS";"There was a problem decrypting the connection information contained inside of the project file. The connection information may have been encrypted using a different set of keys.
    
Error details: {0}";"Houve um problema ao descriptografar as informações de conexão contidas no arquivo de projeto. As informações de conexão podem ter sido criptografadas com outro conjunto de chaves.

Detalhes do erro: {0}";"";"Revisado"
"Epi.Core";"Epi.SharedStrings";"ERROR_IMPORT_FORM_RELATED_FORM";"Form-based data imports cannot be carried out on related forms.";"Não é possível realizar importações de dados baseadas em formulário em formulários relacionados.";"";"Revisado"
"Epi.Core";"Epi.SharedStrings";"ERROR_IMPORT_PACKAGE_RELATED_FORM";"Data packages cannot be imported into related forms.";"Não é possível importar os pacotes de dados para formulários relacionados.";"";""
"Epi.Core";"Epi.SharedStrings";"ERROR_INCOMPATIBLE_TYPES";"Operands must be of compatible types for this operation: {0}";"Os operandos devem ser de tipos compatíveis para esta operação: {0}";"";"Revisado"
"Epi.Core";"Epi.SharedStrings";"ERROR_LOADING_DEFINED_VARS";"Error loading defined variables.  {0}";"Erro ao carregar as variáveis definidas.  {0}";"";"Revisado"
"Epi.Core";"Epi.SharedStrings";"ERROR_LOADING_METADATA_UNKNOWN_SOURCE";"Cannot load forms due to unknown metadata source.";"Não foi possível carregar os formulários porque a fonte de metadados é desconhecida.";"";"Revisado"
"Epi.Core";"Epi.SharedStrings";"ERROR_LOADING_PROJECT";"The project could not be loaded.";"Não foi possível carregar o projeto.";"";""
"Epi.Core";"Epi.SharedStrings";"ERROR_LOADING_PROJECT_CMDLINE";"Could not load project based on command line.";"Não foi possível carregar o projeto a partir da linha de comando.";"";"Revisado"
"Epi.Core";"Epi.SharedStrings";"ERROR_LOADING_VIEW";"The form ""{0}"" could not be located in this project.";"O formulário ""{0}"" não foi localizado neste projeto.";"";""
"Epi.Core";"Epi.SharedStrings";"ERROR_ON_LINE_COLUMN";"Error on line number: {0}; Column number: {1}";"Erro na linha: {0}; Coluna: {1}";"";""
"Epi.Core";"Epi.SharedStrings";"ERROR_OPENING_CONNECTION";"Error opening connection. Please check the database you are trying to open.";"Erro ao abrir a conexão. Verifique o banco de dados que você está tentando abrir.";"";"Revisado"
"Epi.Core";"Epi.SharedStrings";"ERROR_PAGE_NOT_FOUND";"Page not found.";"Página não encontrada.";"";""
"Epi.Core";"Epi.SharedStrings";"ERROR_PM_NOT_REGISTERED";"Project manager is not registered.";"O gerenciador de projetos não está registrado.";"";"Revisado"
"Epi.Core";"Epi.SharedStrings";"ERROR_RELATE_KEYS";"The number of expressions on each side must be equal.";"O número de expressões em cada lado deve ser igual.";"";"Revisado"
"Epi.Core";"Epi.SharedStrings";"ERROR_SELECT_QUERY_DATA_SOURCE";"Error executing select query against the database.";"Erro ao executar a consulta select no banco de dados.";"";"Revisado"
"Epi.Core";"Epi.SharedStrings";"ERROR_UPDATING_DATA";"Error updating data.";"Erro atualizando dados.";"";""
"Epi.Core";"Epi.SharedStrings";"ERROR_VARIABLE_NOT_DEFINED";"Error--Variable not defined:";"Erro: variável não definida:";"";"Revisado"
"Epi.Core";"Epi.SharedStrings";"EXCEPTION_OCCURRED";"An exception has occurred.";"Ocorreu uma exceção.";"";"Revisado"
"Epi.Core";"Epi.SharedStrings";"EXISTING_TABLE_APPEND";"The table named {0} already has {1} records. Are you sure you want to APPEND data onto it?";"A tabela chamada {0} já tem {1} registros. Tem certeza de que deseja ACRESCENTAR (APPEND) dados a ela?";"";"Revisado"
"Epi.Core";"Epi.SharedStrings";"EXISTING_TABLE_REPLACE";"The table named {0} already has {1} records. Are you sure you want to REPLACE data in it?";"A tabela chamada {0} já tem {1} registros. Tem certeza de que deseja SUBSTITUIR (REPLACE) os dados dela?";"";"Revisado"
"Epi.Core";"Epi.SharedStrings";"EXIT_ANALYSIS";"Are you sure you want to exit from Analysis?";"Tem certeza de que deseja sair da Análise?";"";"Revisado"
"Epi.Core";"Epi.SharedStrings";"EXPORT_CANNOT_PROCEED_LEADING_TRAILING_SPACES";"The export process can not proceed because some of the selected fields contain a leading or trailing space. The invalid fields are: {0}";"Não é possível exportar porque alguns dos campos selecionados contêm espaço no início ou no fim. Campos inválidos: {0}";"";"Revisado"
"Epi.Core";"Epi.SharedStrings";"EXPOSURE_VALUES_TOO_FEW";"Exposure variable contains less than two values.";"A variável de exposição contém menos de dois valores.";"";"Revisado"
"Epi.Core";"Epi.SharedStrings";"EXPOSURE_VALUES_TOO_MANY";"Exposure variable contains more than two values.";"A variável de exposição contém mais de dois valores.";"";"Revisado"
"Epi.Core";"Epi.SharedStrings";"FEATURE_NOT_YET_IMPLEMENTED";"This feature will be available in a future version of Epi Info";"Esta funcionalidade estará disponível em futura versão do Epi Info";"";""
"Epi.Core";"Epi.SharedStrings";"FIELD_CHECK_CODE";"&Field Check Code";"Código de Verificação do &Campo";"LONGO";"Revisado"
"Epi.Core";"Epi.SharedStrings";"FIELD_IS_REQUIRED";"{0}: This field is required";"{0}: Este campo é obrigatório";"";""
"Epi.Core";"Epi.SharedStrings";"FIELD_IS_REQUIRED_LONG";"{0} is a required field (page {1}). Please fill in this field before attempting to leave the record, save data, or close the form. ";"{0} é um campo obrigatório (página {1}). Preencha este campo antes de sair do registro, salvar os dados ou fechar o formulário. ";"";"Revisado"
"Epi.Core";"Epi.SharedStrings";"FIELD_NAME_BEGIN_NUMERIC";"Invalid field name: Field names cannot begin with numbers.";"Nome de campo inválido: os nomes de campos não podem começar com números.";"";"Revisado"
"Epi.Core";"Epi.SharedStrings";"FIELD_NAME_IS_RESERVED";"Specified field name is a reserved word. Please change the field name.";"Nome do campo especificado é uma palavra reservada. Por favor, altere o nome do campo.";"";""
"Epi.Core";"Epi.SharedStrings";"FIELD_NAME_TOO_LONG";"Invalid field name.  The maximum number of characters to be entered cannot exceed 64 characters.";"Nome de campo inválido. O número máximo de caracteres não pode exceder 64.";"";"Revisado"
"Epi.Core";"Epi.SharedStrings";"FIELDS";"Fields";"Fields";"";"Revisado"
"Epi.Core";"Epi.SharedStrings";"FILE_NOT_FOUND";"The following file was not found";"O seguinte arquivo não foi encontrado";"";""
"Epi.Core";"Epi.SharedStrings";"FILE_NOT_VALID";"The following is not a valid file";"O seguinte arquivo não é válido";"";""
"Epi.Core";"Epi.SharedStrings";"FONT";"Font";"Fonte";"";""
"Epi.Core";"Epi.SharedStrings";"FOREIGN_KEY";"Foreign Key";"Chave Estrangeira";"";"Revisado"
"Epi.Core";"Epi.SharedStrings";"FORMS";"Forms";"Forms";"";"Revisado"
"Epi.Core";"Epi.SharedStrings";"FRIENDLY_CONDITION_DATA_FILTER";"The value of {0} {1} {2}";"O valor de {0} {1} {2}";"";""
"Epi.Core";"Epi.SharedStrings";"FRIENDLY_CONDITION_DATA_FILTER_BETWEEN";"The value of {0} is between {1} and {2}";"O valor de {0} está entre {1} e {2}";"";"Revisado"
"Epi.Core";"Epi.SharedStrings";"FRIENDLY_OPERATOR_AND";"and";"e";"";""
"Epi.Core";"Epi.SharedStrings";"FRIENDLY_OPERATOR_BETWEEN";"is between";"está entre";"";""
"Epi.Core";"Epi.SharedStrings";"FRIENDLY_OPERATOR_EQUAL_TO";"is equal to";"é igual a";"";""
"Epi.Core";"Epi.SharedStrings";"FRIENDLY_OPERATOR_GREATER_THAN";"is greater than";"é maior que";"";""
"Epi.Core";"Epi.SharedStrings";"FRIENDLY_OPERATOR_GREATER_THAN_OR_EQUAL";"is greater than or equal to";"é maior ou igual a";"";""
"Epi.Core";"Epi.SharedStrings";"FRIENDLY_OPERATOR_IS_ANY_OF";"is any of";"é qualquer um de";"";"Revisado"
"Epi.Core";"Epi.SharedStrings";"FRIENDLY_OPERATOR_IS_NOT_ANY_OF";"is not any of";"não é nenhum de";"";"Revisado"
"Epi.Core";"Epi.SharedStrings";"FRIENDLY_OPERATOR_LESS_THAN";"is less than";"é menor que";"";""
"Epi.Core";"Epi.SharedStrings";"FRIENDLY_OPERATOR_LESS_THAN_OR_EQUAL";"is less than or equal to";"é menor ou igual a";"";""
"Epi.Core";"Epi.SharedStrings";"FRIENDLY_OPERATOR_LIKE";"is like";"é semelhante a";"LONGO";"Revisado"
"Epi.Core";"Epi.SharedStrings";"FRIENDLY_OPERATOR_MISSING";"is missing";"está ausente";"";"Revisado"
"Epi.Core";"Epi.SharedStrings";"FRIENDLY_OPERATOR_NOT_EQUAL_TO";"is not equal to";"não é igual a";"";""
"Epi.Core";"Epi.SharedStrings";"FRIENDLY_OPERATOR_NOT_MISSING";"is not missing";"não está ausente";"";"Revisado"
"Epi.Core";"Epi.SharedStrings";"FRIENDLY_OPERATOR_OR";"or";"ou";"";""
"Epi.Core";"Epi.SharedStrings";"FROM_TO_RANGE_CONFIRM";"You are about to print all the records. Are you sure?";"Você está prestes a imprimir todos os registros. Você tem certeza?";"";""
"Epi.Core";"Epi.SharedStrings";"FROM_TO_RANGE_ERROR_HEADER";"Range Error";"Erro de Intervalo";"";""
"Epi.Core";"Epi.SharedStrings";"FROM_TO_RANGE_INCORRECT";"From and To Range are incorrect. Please Correct.";"Os intervalos De e Até estão incorretos. Corrija-os.";"";"Revisado"
"Epi.Core";"Epi.SharedStrings";"GLOBAL_RECORD_ID";"GlobalRecordId";"GlobalRecordId";"";""
"Epi.Core";"Epi.SharedStrings";"GLOBAL_VARIABLE";"Global variable";"Variável global";"";"Revisado"
"Epi.Core";"Epi.SharedStrings";"GO_TO_RELATED_FORM";"&Go To Related Form";"&Ir para o Formulário Relacionado";"";"Revisado"
"Epi.Core";"Epi.SharedStrings";"GRID_CANNOT_BE_COPIED";"Grid cannot be copied";"A grade não pode ser copiada";"";"Revisado"
"Epi.Core";"Epi.SharedStrings";"GRIDTABLE_TITLE";"Output Grid (Read Only)";"Grade de Saída (Somente Leitura)";"";""
"Epi.Core";"Epi.SharedStrings";"HELPDESK_LOGIN";"The Epi Info™ Help Desk Customer Portal is hosted on Atlassian.net. Please create an account and Log In to submit an Epi Info™ Help Desk ticket.";"O Portal do Cliente do Suporte do Epi Info™ está hospedado no Atlassian.net. Crie uma conta e faça login para abrir um chamado de suporte do Epi Info™.";"";"Revisado"
"Epi.Core";"Epi.SharedStrings";"HISTORY";"History";"Histórico";"";"Revisado"
"Epi.Core";"Epi.SharedStrings";"IMPORT_ADD_GUIDS";"Adding unique record identifiers to {0}...";"Adicionando identificadores únicos de registro a {0}…";"";"Revisado"
"Epi.Core";"Epi.SharedStrings";"IMPORT_BAD_FIELD_DATA";"The project being imported contains invalid metadata for field {0} on page {1} in form {2}. The import process stopped. Please update the data then try the import again.";"O projeto que está sendo importado contém metadados inválidos para o campo {0} na página {1} do formulário {2}. O processo de importação foi interrompido. Atualize os dados e tente importar novamente.";"";"Revisado"
"Epi.Core";"Epi.SharedStrings";"IMPORT_COMPLETE";"Import complete processed {0} records";"Importação concluída: {0} registros processados";"";"Revisado"
"Epi.Core";"Epi.SharedStrings";"IMPORT_COMPLETED";"Import of project [{0}] completed. {1} out of {2} Views were imported successfully.";"Importação do projeto [{0}] concluída. {1} de {2} formulários foram importados com sucesso.";"";"Revisado"
"Epi.Core";"Epi.SharedStrings";"IMPORT_DATA_ALREADY_EXISTS";"The importer has detected that data already exist in the specified database. The following tables will be overwritten if the import process proceeds: {0}
    
Do you wish to proceed with the import and overwrite these tables? This action cannot be undone.";"O importador detectou que já existem dados no banco de dados especificado. As tabelas a seguir serão substituídas se a importação continuar: {0}

Deseja continuar a importação e substituir essas tabelas? Esta ação não pode ser desfeita.";"";"Revisado"
"Epi.Core";"Epi.SharedStrings";"IMPORT_DATA_APPEND_NONMATCHING";"Records with no matching ID fields will be appended.";"Registros sem campos de identificação correspondentes serão acrescentados.";"";"Revisado"
"Epi.Core";"Epi.SharedStrings";"IMPORT_DATA_CANCEL_IMPORT";"Cancelling the import process may cause partially updated or incomplete records. Cancel anyway?";"Cancelar o processo de importação pode deixar registros parcialmente atualizados ou incompletos. Cancelar mesmo assim?";"";"Revisado"
"Epi.Core";"Epi.SharedStrings";"IMPORT_DATA_CANCELLED";"Import cancelled.";"Importação cancelada.";"";"Revisado"
"Epi.Core";"Epi.SharedStrings";"IMPORT_DATA_COMPLETE";"Import complete.";"Importação concluída.";"";"Revisado"
"Epi.Core";"Epi.SharedStrings";"IMPORT_DATA_DEVICE_FILE_ERROR";"There was a problem opening the mobile sync file.";"Ocorreu um problema ao abrir o arquivo de sincronização móvel.";"";"Revisado"
"Epi.Core";"Epi.SharedStrings";"IMPORT_DATA_DEVICE_REQUESTED";"Request for phone sync file started by user:";"Solicitação de arquivo de sincronização do celular iniciada pelo usuário:";"";"Revisado"
"Epi.Core";"Epi.SharedStrings";"IMPORT_DATA_DEVICE_STARTED";"Import started for sync file:";"Importação iniciada para o arquivo de sincronização:";"";"Revisado"
"Epi.Core";"Epi.SharedStrings";"IMPORT_DATA_ERROR";"Error:";"Erro:";"";"Revisado"
"Epi.Core";"Epi.SharedStrings";"IMPORT_DATA_FAILED";"Import failed.";"Importação falhou.";"";"Revisado"
"Epi.Core";"Epi.SharedStrings";"IMPORT_DATA_GRID_PROCESSING_COMPLETE";"Import process complete for grid: {0}.";"Importação concluída para a grade: {0}.";"";"Revisado"
"Epi.Core";"Epi.SharedStrings";"IMPORT_DATA_IGNORE_MATCHING";"Records with matching ID fields will be ignored.";"Registros com campos de identificação correspondentes serão ignorados.";"";"Revisado"
"Epi.Core";"Epi.SharedStrings";"IMPORT_DATA_IGNORE_NONMATCHING";"Records with no matching ID fields will be ignored.";"Registros sem campos de identificação correspondentes serão ignorados.";"";"Revisado"
"Epi.Core";"Epi.SharedStrings";"IMPORT_DATA_PAGE_PROCESSING_COMPLETE";"Import process complete for page: {0}.";"Importação concluída para a página: {0}.";"";"Revisado"
"Epi.Core";"Epi.SharedStrings";"IMPORT_DATA_PROCESSING_GRID";"Processing records for grid: {0}.";"Processando registros da grade: {0}.";"";"Revisado"
"Epi.Core";"Epi.SharedStrings";"IMPORT_DATA_PROCESSING_RECS";"Processing records on base table.";"Processando registros da tabela base.";"";"Revisado"
"Epi.Core";"Epi.SharedStrings";"IMPORT_DATA_PROCESSING_RECS_PAGE";"Processing records on page: {0}; Total pages: {1}.";"Processando registros da página: {0}; total de páginas: {1}.";"";"Revisado"
"Epi.Core";"Epi.SharedStrings";"IMPORT_DATA_READY";"Loaded data import dialog. Ready.";"Diálogo de importação de dados carregado. Pronto.";"";"Revisado"
"Epi.Core";"Epi.SharedStrings";"IMPORT_DATA_RECS_INSERTED";"Records inserted: {0}";"Registros inseridos: {0}";"";"Revisado"
"Epi.Core";"Epi.SharedStrings";"IMPORT_DATA_RECS_UPDATED";"Records updated: {0}";"Registros atualizados: {0}";"";"Revisado"
"Epi.Core";"Epi.SharedStrings";"IMPORT_DATA_STARTED";"Import started for form:";"Importação iniciada para o formulário:";"";"Revisado"
"Epi.Core";"Epi.SharedStrings";"IMPORT_DATA_TIME_ELAPSED";"Time elapsed:";"Tempo decorrido:";"";"Revisado"
"Epi.Core";"Epi.SharedStrings";"IMPORT_DATA_UPDATE_MATCHING";"Records with matching ID fields will be updated.";"Registros com campos de identificação correspondentes serão atualizados.";"";"Revisado"
"Epi.Core";"Epi.SharedStrings";"IMPORT_DATA_WARNING";"Warning:";"Aviso:";"";"Revisado"
"Epi.Core";"Epi.SharedStrings";"IMPORT_DATA_WEB_REQUESTED";"Request for web data started by user:";"Solicitação de dados da web iniciada pelo usuário:";"";"Revisado"
"Epi.Core";"Epi.SharedStrings";"IMPORT_ERROR_BAD_DATE_DATA";"Error: The database being imported contains a bad or out-of-range date value in View [{0}]. The import process has been aborted. Please update the source data and try the import again.";"Erro: o banco de dados importado contém um valor de data inválido ou fora do intervalo no formulário [{0}]. O processo de importação foi cancelado. Atualize os dados de origem e tente importar novamente.";"";"Revisado"
"Epi.Core";"Epi.SharedStrings";"IMPORT_ERROR_BAD_METADATA_IN_FIELD";"Error: Import aborted due to bad metadata in field [{0}] in form [{1}]";"Erro: importação cancelada devido a metadados inválidos no campo [{0}] do formulário [{1}]";"";"Revisado"
"Epi.Core";"Epi.SharedStrings";"IMPORT_ERROR_CODETABLE_AS_FORM";"Import process stopped because a code table is set up as a form in this project. Code tables can be imported as standalone data tables only.";"Importação interrompida porque uma tabela de códigos está configurada como formulário neste projeto. Tabelas de códigos só podem ser importadas como tabelas de dados independentes.";"";"Revisado"
"Epi.Core";"Epi.SharedStrings";"IMPORT_ERROR_COMM_FAILED";"Communication with the web service failed.";"A comunicação com o serviço web falhou.";"";"Revisado"
"Epi.Core";"Epi.SharedStrings";"IMPORT_ERROR_COMM_INTERUPT";"Communication with web service interupted.  Import stopped.";"Comunicação com o serviço web interrompida. Importação interrompida.";"";"Revisado"
"Epi.Core";"Epi.SharedStrings";"IMPORT_ERROR_COUNT";"Errors were found while checking forms for similarity. Errors must be fixed before the importing. Errors found: {0}";"Foram encontrados erros ao verificar a semelhança entre os formulários. Os erros devem ser corrigidos antes da importação. Erros encontrados: {0}";"";"Revisado"
"Epi.Core";"Epi.SharedStrings";"IMPORT_ERROR_CREATE_DATA_TABLE";"Data cannot import until a data table exists.  Open this form in Form Designer.  Select Tools > Create Data Table from the menu.  Then try again to import the data.";"Os dados não podem ser importados até que exista uma tabela de dados. Abra este formulário no Designer de Formulários, selecione Ferramentas > Criar Tabela de Dados no menu e tente importar os dados novamente.";"";"Revisado"
"Epi.Core";"Epi.SharedStrings";"IMPORT_ERROR_DESTINATION_FIELD_NOT_FOUND";"Field is skipped during import because the source form does not have field: {0}";"O campo será ignorado na importação porque o formulário de origem não tem o campo: {0}";"";"Revisado"
"Epi.Core";"Epi.SharedStrings";"IMPORT_ERROR_DEVICE_INTERUPT";"Communication with device interupted.  Import stopped.";"Comunicação com o dispositivo interrompida. Importação interrompida.";"";"Revisado"
"Epi.Core";"Epi.SharedStrings";"IMPORT_ERROR_DEVICE_INVALID_FILE";"Invalid password or sync file.";"Senha ou arquivo de sincronização inválido.";"";"Revisado"
"Epi.Core";"Epi.SharedStrings";"IMPORT_ERROR_FIELD_TYPE_DIFFERS";"Field type in the source project does not equal the field type in the destination project for field: {0}";"O tipo do campo no projeto de origem é diferente do tipo do campo no projeto de destino para o campo: {0}";"";"Revisado"
"Epi.Core";"Epi.SharedStrings";"IMPORT_ERROR_FORM_FIELD_UNSUPPORTED";"Data for field was not imported because the field type is not supported. Field: {0}";"Os dados do campo não foram importados porque o tipo de campo não é compatível. Campo: {0}";"";"Revisado"
"Epi.Core";"Epi.SharedStrings";"IMPORT_ERROR_ID_INVALID";"GlobalRecordId field in the source project is invalid. GlobalRecordId must be a text column.";"O campo GlobalRecordId do projeto de origem é inválido. GlobalRecordId deve ser uma coluna de texto.";"";"Revisado"
"Epi.Core";"Epi.SharedStrings";"IMPORT_ERROR_ID_NOT_UNIQUE";"Import process stopped because GlobalRecordId field in the source form is not unique.";"Importação interrompida porque o campo GlobalRecordId do formulário de origem não é único.";"";"Revisado"
"Epi.Core";"Epi.SharedStrings";"IMPORT_ERROR_IMAGE_FIELD";"Image field is not supported during import and will be skipped. Field: {0} ";"Campos de imagem não são compatíveis com a importação e serão ignorados. Campo: {0} ";"";"Revisado"
"Epi.Core";"Epi.SharedStrings";"IMPORT_ERROR_INVALID_GRID_TYPE";"Not a valid field type for grid.";"Tipo de campo inválido para grade.";"";"Revisado"
"Epi.Core";"Epi.SharedStrings";"IMPORT_ERROR_INVALID_TYPE";"Not a supported field type.";"Tipo de campo não compatível.";"";"Revisado"
"Epi.Core";"Epi.SharedStrings";"IMPORT_ERROR_NO_DATA_TABLE";"The destination project does not have a data table for form: {0}";"O projeto de destino não tem uma tabela de dados para o formulário: {0}";"";"Revisado"
"Epi.Core";"Epi.SharedStrings";"IMPORT_ERROR_PAGE_COUNT_DIFFERS";"Import process stopped because the count of pages for each form in the source project does not equal the count of pages for each form in the destination project.";"Importação interrompida porque a quantidade de páginas de cada formulário do projeto de origem é diferente da quantidade de páginas de cada formulário do projeto de destino.";"";"Revisado"
"Epi.Core";"Epi.SharedStrings";"IMPORT_ERROR_PAGE_ID_NOT_UNIQUE";"Import process stopped because GlobalRecordId field is not unique on page: {0}";"Importação interrompida porque o campo GlobalRecordId não é único na página: {0}";"";"Revisado"
"Epi.Core";"Epi.SharedStrings";"IMPORT_ERROR_PROCESSING_VIEW";"Error: A null reference exception occurred while processing the View [{0}].";"Erro: ocorreu uma exceção de referência nula ao processar o formulário [{0}].";"";"Revisado"
"Epi.Core";"Epi.SharedStrings";"IMPORT_ERROR_RECSTATUS_INVALID";"RECSTATUS in the source project is invalid. RECSTATUS must be an integer column.";"RECSTATUS no projeto de origem é inválido. RECSTATUS deve ser uma coluna de números inteiros.";"";"Revisado"
"Epi.Core";"Epi.SharedStrings";"IMPORT_ERROR_RECSTATUS_INVALID_DATA";"Import process stopped because RECSTATUS column has invalid data.";"Importação interrompida porque a coluna RECSTATUS tem dados inválidos.";"";"Revisado"
"Epi.Core";"Epi.SharedStrings";"IMPORT_ERROR_RELATED_SOURCE";"Import process stopped because the source form is a related form.";"Importação interrompida porque o formulário de origem é um formulário relacionado.";"";"Revisado"
"Epi.Core";"Epi.SharedStrings";"IMPORT_ERROR_SOURCE_FIELD_NAME_INVALID";"Source form has a field with an invalid field name. Field: {0}";"O formulário de origem tem um campo com nome inválido. Campo: {0}";"";"Revisado"
"Epi.Core";"Epi.SharedStrings";"IMPORT_ERROR_SOURCE_FIELD_NAME_RESERVED";"Source form has a field with a field name that is a reserved word. Field: {0}";"O formulário de origem tem um campo cujo nome é uma palavra reservada. Campo: {0}";"";"Revisado"
"Epi.Core";"Epi.SharedStrings";"IMPORT_ERROR_SOURCE_FIELD_NOT_FOUND";"Field is skipped during import because the destination form does not have field: {0}";"O campo será ignorado na importação porque o formulário de destino não tem o campo: {0}";"";"Revisado"
"Epi.Core";"Epi.SharedStrings";"IMPORT_ERROR_SOURCE_VIEW_NULL";"Error: One of the View objects created from the source project is null. This is likely due to a corrupted project or corrupted metadata in the source project. The import has been aborted.";"Erro: um dos objetos de formulário criados a partir do projeto de origem é nulo. Isso provavelmente se deve a um projeto corrompido ou a metadados corrompidos no projeto de origem. A importação foi cancelada.";"";"Revisado"
"Epi.Core";"Epi.SharedStrings";"IMPORT_ERROR_TOO_DIFFERENT";"Import process stopped because too many differences were detected.";"Importação interrompida porque foram detectadas diferenças demais.";"";"Revisado"
"Epi.Core";"Epi.SharedStrings";"IMPORT_ERROR_WE_EXCEEDS_LENGTH";"Field data exceeds 255 characters and has been shortened for the following field and record:";"Os dados do campo excedem 255 caracteres e foram truncados para o seguinte campo e registro:";"";"Revisado"
"Epi.Core";"Epi.SharedStrings";"IMPORT_ERROR_WEB_SURVEY_FAILED";"Import from web survey failed.";"Importação do Web Survey falhou.";"";"Revisado"
"Epi.Core";"Epi.SharedStrings";"IMPORT_ERROR_WEB_SVC_NOTFOUND";"Web service information was not found.";"As informações do serviço web não foram encontradas.";"";"Revisado"
"Epi.Core";"Epi.SharedStrings";"IMPORT_LOG_NO_DATA_COLUMN";"Warning: Data for field {0} was not copied into {1}: No matching column was found in the collected data repository.";"Aviso: os dados do campo {0} não foram copiados para {1}: nenhuma coluna correspondente foi encontrada no repositório de dados coletados.";"";"Revisado"
"Epi.Core";"Epi.SharedStrings";"IMPORT_NO_VALID_VIEWS";"There are no valid Epi Info 2000 Views to import. The import process has been canceled.";"Não há formulários válidos do Epi Info 2000 para importar. O processo de importação foi cancelado.";"";"Revisado"
"Epi.Core";"Epi.SharedStrings";"IMPORT_NOTIFICATION_COLUMN_NOT_REMOVED_BUT_ATTEMPTED";"Notice: Table column [{0}] in [{1}] could not be deleted: {2}";"Observação: não foi possível excluir a coluna [{0}] da tabela [{1}]: {2}";"";"Revisado"
"Epi.Core";"Epi.SharedStrings";"IMPORT_NOTIFICATION_COLUMN_REMOVED_NO_MATCH";"Notice: The column [{0}] in table [{1}] has no matching field in metaFields. It has been removed from the table.";"Observação: a coluna [{0}] da tabela [{1}] não tem campo correspondente em metaFields. Ela foi removida da tabela.";"";"Revisado"
"Epi.Core";"Epi.SharedStrings";"IMPORT_NOTIFICATION_CONVERTING_VIEW_RELATIONS";"Converting Form Relations";"Convertendo relações entre formulários";"";"Revisado"
"Epi.Core";"Epi.SharedStrings";"IMPORT_NOTIFICATION_ELAPSED_TIME";"Time elapsed for import of project [{0}]: {1} seconds.";"Tempo decorrido na importação do projeto [{0}]: {1} segundos.";"";"Revisado"
"Epi.Core";"Epi.SharedStrings";"IMPORT_NOTIFICATION_IMAGE_UPDATE_END";"Finished updating image fields. {0} image fields processed in [{1}].";"Atualização dos campos de imagem concluída. {0} campos de imagem processados em [{1}].";"";"Revisado"
"Epi.Core";"Epi.SharedStrings";"IMPORT_NOTIFICATION_IMAGE_UPDATE_NONE";"No image fields found to update in [{0}].";"Não há campos de imagem para atualizar em [{0}].";"";""
"Epi.Core";"Epi.SharedStrings";"IMPORT_NOTIFICATION_IMAGE_UPDATE_START";"Started updating image fields in [{0}]...";"Iniciada a atualização dos campos de imagem em [{0}]…";"";""
"Epi.Core";"Epi.SharedStrings";"IMPORT_NOTIFICATION_PAGE_RENAME";"Warning: Page name [{0}] has been renamed to [{1}] to prevent an invalid page name and/or duplicate page names from being imported.";"Aviso: a página [{0}] foi renomeada para [{1}] para evitar a importação de nomes de página inválidos ou duplicados.";"";"Revisado"
"Epi.Core";"Epi.SharedStrings";"IMPORT_NOTIFICATION_UPDATE_GUIDS";"Updating foreign keys...";"Atualizando chaves estrangeiras…";"";"Revisado"
"Epi.Core";"Epi.SharedStrings";"IMPORT_NOTIFICATION_UPDATE_KEYS";"Updating foreign keys...";"Atualizando chaves estrangeiras…";"";"Revisado"
"Epi.Core";"Epi.SharedStrings";"IMPORT_NOTIFICATION_USER_WILL_NOT_OVERWRITE";"Notice: Import aborted by user [{0}] after being prompted to overwrite existing tables.";"Observação: importação cancelada pelo usuário [{0}] após a pergunta sobre substituir as tabelas existentes.";"";"Revisado"
"Epi.Core";"Epi.SharedStrings";"IMPORT_NOTIFICATION_USER_WILL_OVERWRITE";"Notice: Import continued by user [{0}] after being prompted to overwrite existing tables.";"Observação: importação continuada pelo usuário [{0}] após a pergunta sobre substituir as tabelas existentes.";"";"Revisado"
"Epi.Core";"Epi.SharedStrings";"IMPORT_NOTIFICATION_VIEW_SKIPPED_FIELD_LIMIT";"Notice: The View [{0}] has been skipped for processing during the import as it contains {1} fields; the field limit for imported Views with no data table where SQL Server is selected is 999.";"Observação: o formulário [{0}] foi ignorado no processamento da importação porque contém {1} campos; o limite de campos para formulários importados sem tabela de dados quando o SQL Server é selecionado é 999.";"";"Revisado"
"Epi.Core";"Epi.SharedStrings";"IMPORT_NOTIFICATION_VIEW_SKIPPED_NO_PAGES";"Notice: The View [{0}] has been skipped for processing during the import as it contains no pages.";"Observação: o formulário [{0}] foi ignorado no processamento da importação porque não contém páginas.";"";"Revisado"
"Epi.Core";"Epi.SharedStrings";"IMPORT_OVERWRITE_DATA";"Overwrite existing data tables";"Sobrescrever tabelas de dados existentes";"";""
"Epi.Core";"Epi.SharedStrings";"IMPORT_PREFIX_ERROR";"Error";"Erro";"";""
"Epi.Core";"Epi.SharedStrings";"IMPORT_PREFIX_NOTICE";"Notice";"Observação";"";"Revisado"
"Epi.Core";"Epi.SharedStrings";"IMPORT_PREFIX_WARNING";"Warning";"Aviso";"";""
"Epi.Core";"Epi.SharedStrings";"IMPORT_PROCESSED_ALL_GUIDS";"Processed a total of {0} unique record identifiers in {1}";"Processados {0} identificadores únicos de registro no total em {1}";"";"Revisado"
"Epi.Core";"Epi.SharedStrings";"IMPORT_PROCESSED_GUIDS";"Processed {0} of {1} unique record identifiers in {2}";"Processados {0} de {1} identificadores únicos de registro em {2}";"";"Revisado"
"Epi.Core";"Epi.SharedStrings";"IMPORT_PROCESSED_RECORDS";"Processed {0} records";"Foram processados {0} registros";"";""
"Epi.Core";"Epi.SharedStrings";"IMPORT_PROCESSED_RECORDS_BASE_TABLE";"Processed {0:n0} records on {1} base table";"Processados {0:n0} registros na tabela base {1}";"";"Revisado"
"Epi.Core";"Epi.SharedStrings";"IMPORT_SKIPPED_VIEWS";"The following Epi Info 2000 Views contained problems and will be skipped during the import process: {0}";"Os seguintes formulários do Epi Info 2000 apresentaram problemas e serão ignorados durante o processo de importação: {0}";"";"Revisado"
"Epi.Core";"Epi.SharedStrings";"IMPORT_WARNING_CHECKCODE";"Warning: This Epi Info 3.x project contained Check Code that has been imported. Please review and validate the new Check Code for proper Epi Info 7.x syntax using the Check Code Editor in the Form Designer module. Failure to validate the new Check Code and correct problems may lead to non-functional Check Code during data entry.";"Aviso: este projeto do Epi Info 3.x continha código de verificação (Check Code) que foi importado. Revise e valide o novo código de verificação quanto à sintaxe correta do Epi Info 7.x usando o Editor de Código de Verificação no módulo Designer de Formulários. Se o novo código de verificação não for validado e os problemas não forem corrigidos, ele poderá não funcionar durante a entrada de dados.";"GLOSS:CheckCode";"Revisado"
"Epi.Core";"Epi.SharedStrings";"IMPORT_WARNING_DELETE_COLUMN";"Warning: An exception occurred while trying to delete column [{0}] :  {1}";"Aviso: ocorreu uma exceção ao tentar excluir a coluna [{0}] :  {1}";"";"Revisado"
"Epi.Core";"Epi.SharedStrings";"IMPORT_WARNING_FIELD_LEADING_DIGIT";"Warning: Field {0} was not imported. Field names with leading digits are not allowed in Epi Info 7.";"Aviso: o campo {0} não foi importado. Nomes de campos que começam com dígito não são permitidos no Epi Info 7.";"";"Revisado"
"Epi.Core";"Epi.SharedStrings";"IMPORT_WARNING_GRID_NOT_SUPPORTED";"Warning: The grid field [{0}] was not imported. The importer does not support this field type.";"Aviso: o campo de grade [{0}] não foi importado. O importador não é compatível com este tipo de campo.";"";"Revisado"
"Epi.Core";"Epi.SharedStrings";"IMPORT_WARNING_MESSAGE";"The Import process may take anywhere from several minutes to an hour or more to complete depending on the number of records in the database, the amount and complexity of the forms contained inside the database, and the computer's processor speed.";"O processo de importação pode levar de alguns minutos até uma hora ou mais, dependendo do número de registros do banco de dados, da quantidade e complexidade dos formulários nele contidos e da velocidade do processador do computador.";"";"Revisado"
"Epi.Core";"Epi.SharedStrings";"IMPORT_WARNING_MIRROR_FIELD_NO_SOURCE";"Warning: The mirror field [{0}] in [{1}] was removed because its source field [{2}] does not exist.";"Aviso: o campo espelho [{0}] em [{1}] foi removido porque seu campo de origem [{2}] não existe.";"";"Revisado"
"Epi.Core";"Epi.SharedStrings";"IMPORT_WARNING_NO_IMAGE_COPIED";"Warning: The image at {0} referenced in [{1}] was not imported. ";"Aviso: a imagem em {0}, referenciada em [{1}], não foi importada. ";"";"Revisado"
"Epi.Core";"Epi.SharedStrings";"IMPORT_WARNING_RELATE_FIELD";"Warning: Error relating field [{0}] to related View [{1}]. The related View was not found in the destination project, likely because it contained errors and was skipped during the import procedure.";"Aviso: erro ao relacionar o campo [{0}] ao formulário relacionado [{1}]. O formulário relacionado não foi encontrado no projeto de destino, provavelmente porque continha erros e foi ignorado durante a importação.";"";"Revisado"
"Epi.Core";"Epi.SharedStrings";"IMPORT_WARNING_RELATED_TABLE_HAS_NO_FKEY";"Warning: The related table [{0}] (with parent table [{1}]) has no FKEY column. The FKEYs and GUIDs for [{2}] have not been updated. Any child forms for this table will also not have their FKEYs or GUIDs updated.";"Aviso: a tabela relacionada [{0}] (com a tabela pai [{1}]) não tem coluna FKEY. As FKEYs e os GUIDs de [{2}] não foram atualizados. Os formulários filhos desta tabela também não terão suas FKEYs ou GUIDs atualizados.";"";"Revisado"
"Epi.Core";"Epi.SharedStrings";"IMPORT_WARNING_RELATED_TABLE_NOT_PROCESSED";"Warning: There was a problem upgrading the related table [{0}]. No parent table was found. This table has been skipped for processing.";"Aviso: ocorreu um problema ao atualizar a tabela relacionada [{0}]. Nenhuma tabela pai foi encontrada. Esta tabela foi ignorada no processamento.";"";"Revisado"
"Epi.Core";"Epi.SharedStrings";"IMPORT_WARNING_TABLE_NAME";"Warning: Table name [{0}] already exists in the destination database. If the import proceeds past this point, this table may be overwritten.";"Aviso: o nome de tabela [{0}] já existe no banco de dados de destino. Se a importação continuar a partir deste ponto, esta tabela poderá ser substituída.";"";"Revisado"
"Epi.Core";"Epi.SharedStrings";"IMPORTING_PROJECT";"";"Importando projeto…";"";""
"Epi.Core";"Epi.SharedStrings";"INADEQUATE_PERMISSIONS_ACCESS";"You do not have adequate permissions to access this project. Please contact your database administrator or the author of this form.";"Você não tem permissões adequadas para acessar este projeto. Entre em contato com o administrador do banco de dados ou com o autor deste formulário.";"";"Revisado"
"Epi.Core";"Epi.SharedStrings";"INADEQUATE_PERMISSIONS_MODIFY";"You do not have adequate permissions to modify this project. The project has been opened in read-only mode.";"Você não tem permissões adequadas para modificar este projeto. O projeto foi aberto no modo somente leitura.";"";"Revisado"
"Epi.Core";"Epi.SharedStrings";"INFORMATION";"Information";"Informação";"";""
"Epi.Core";"Epi.SharedStrings";"INPUT_FORMAT";"Input Format:";"Formato de Entrada:";"";""
"Epi.Core";"Epi.SharedStrings";"INSERT_PAGE";"&Insert Page";"&Inserir Página";"";"Revisado"
"Epi.Core";"Epi.SharedStrings";"INSERTED_PAGE";"Inserted Page";"Página Inserida";"";""
"Epi.Core";"Epi.SharedStrings";"INSUFFICIENT_ARGUMENTS_SUPPLIED";"Insufficient arguments supplied";"Foram fornecidos argumentos insuficientes";"";""
"Epi.Core";"Epi.SharedStrings";"INVALID_CHARS_IN_FIELD_NAME";"The field name contains these invalid characters: {0}";"O nome do campo contém esses caracteres inválidos: {0}";"";""
"Epi.Core";"Epi.SharedStrings";"INVALID_CHARS_IN_VAR_NAME";"Invalid variable name; invalid characters: {0}";"Nome da variável inválido; caracteres inválidos: {0}";"";""
"Epi.Core";"Epi.SharedStrings";"INVALID_CHECKCODE";"The checkcode you have entered is invalid.";"O código de verificação que você digitou é inválido.";"";"Revisado"
"Epi.Core";"Epi.SharedStrings";"INVALID_CURRENT_PROJECT";"Invalid current project";"Projeto atual inválido";"";""
"Epi.Core";"Epi.SharedStrings";"INVALID_DATA_SOURCE";"Invalid data source";"Fonte de Dados Inválida";"";""
"Epi.Core";"Epi.SharedStrings";"INVALID_DATATABLE_NAME";"Invalid data table name: Data table names cannot contain spaces, non-alphanumeric characters or be in the Reserved Words List.  ";"Nome de tabela de dados inválido: os nomes de tabelas de dados não podem conter espaços nem caracteres não alfanuméricos, nem estar na lista de palavras reservadas.  ";"";"Revisado"
"Epi.Core";"Epi.SharedStrings";"INVALID_DATE_RANGE";"Invalid date: Please enter a date between {0} and {1}";"Data inválida: digite uma data entre {0} e {1}";"";"Revisado"
"Epi.Core";"Epi.SharedStrings";"INVALID_DROPDOWN_VALUE";"The value entered is invalid. Please click the drop-down arrow or press the down arrow key to see a list of valid choices.";"O valor digitado é inválido. Clique na seta da lista suspensa ou pressione a seta para baixo para ver uma lista de opções válidas.";"";"Revisado"
"Epi.Core";"Epi.SharedStrings";"INVALID_DROPDOWN_VALUE_CAPTION";"Invalid drop down value";"Valor inválido da lista suspensa";"";"Revisado"
"Epi.Core";"Epi.SharedStrings";"INVALID_EXPRESSION";"The expression {0} is not a valid comparison expression.";"A expressão {0} não é uma expressão de comparação válida.";"";"Revisado"
"Epi.Core";"Epi.SharedStrings";"INVALID_GROUP";"Not a valid group";"Não é um grupo válido";"";""
"Epi.Core";"Epi.SharedStrings";"INVALID_LOWER_DATE_RANGE";"Lower range entered is not a valid date.";"O limite inferior digitado não é uma data válida.";"";"Revisado"
"Epi.Core";"Epi.SharedStrings";"INVALID_MDB_FILE";"Not a valid MDB file ";"Não é um arquivo MDB válido ";"";"Revisado"
"Epi.Core";"Epi.SharedStrings";"INVALID_METADATA_DATABASE";"The Form Repository database must be different from the Collected Data Repository database.";"O banco de dados do repositório de formulários deve ser diferente do banco de dados do repositório de dados coletados.";"";"Revisado"
"Epi.Core";"Epi.SharedStrings";"INVALID_NOTFUTUREDATE";"Not Future Date: Please enter date less than or equal to Today's Date";"Data não futura: digite uma data anterior ou igual à data de hoje";"";"Revisado"
"Epi.Core";"Epi.SharedStrings";"INVALID_NUMBER_OPTIONS";"Number of options must be greater than 1.";"O número de opções deve ser maior que 1.";"";""
"Epi.Core";"Epi.SharedStrings";"INVALID_NUMBER_OPTIONS_EXCEED_MAX_COUNT";"The maximum number of options is {0}.";"O número máximo de opções é {0}.";"";""
"Epi.Core";"Epi.SharedStrings";"INVALID_NUMBER_RANGE";"Invalid number: Please enter a number between {0} and {1}";"Número inválido: digite um número entre {0} e {1}";"";"Revisado"
"Epi.Core";"Epi.SharedStrings";"INVALID_NUMERIC_PATTERN";"The numeric pattern is invalid.";"O padrão numérico é inválido.";"";""
"Epi.Core";"Epi.SharedStrings";"INVALID_PAGE_NAME";"The specified page name is invalid.";"O nome da página especificado é inválido.";"";""
"Epi.Core";"Epi.SharedStrings";"INVALID_PAGE_NAME_BLANK";"The specified page name is invalid. Page names must contain characters other than spaces.";"O nome de página especificado é inválido. Os nomes de página devem conter caracteres além de espaços.";"";"Revisado"
"Epi.Core";"Epi.SharedStrings";"INVALID_PAGE_NAME_DUPLICATE";"A page with this name already exists. Please choose another name for this page.";"Já existe uma página com este nome. Por favor, escolha outro nome para a página.";"";""
"Epi.Core";"Epi.SharedStrings";"INVALID_PAGE_NAME_IS_RESERVED";"Invalid page name;  reserved word.";"Nome de página inválido; palavra reservada.";"";"Revisado"
"Epi.Core";"Epi.SharedStrings";"INVALID_PARAMETER_WAS_SUPPLIED";"Invalid parameters were supplied for the method";"Parâmetros inválidos foram fornecidos a este método";"";""
"Epi.Core";"Epi.SharedStrings";"INVALID_PROGRAM_FILE";"Please select an EpiInfo 7 project (prj) or a PGM file.";"Selecione um projeto (prj) do Epi Info 7 ou um arquivo PGM.";"";"Revisado"
"Epi.Core";"Epi.SharedStrings";"INVALID_PROJECT_FILE";"Invalid project file";"Arquivo de projeto inválido";"";"Revisado"
"Epi.Core";"Epi.SharedStrings";"INVALID_PROJECT_LOCATION";"Invalid project location: The project location entered is not valid. Please enter a valid location.";"Local do projeto inválido: o local do projeto informado não é válido. Informe um local válido.";"";"Revisado"
"Epi.Core";"Epi.SharedStrings";"INVALID_PROJECT_LOCATION_TITLE";"Invalid project location";"Local do projeto inválido";"";"Revisado"
"Epi.Core";"Epi.SharedStrings";"INVALID_PROJECT_NAME";"Invalid project name:  Project names cannot contain spaces or non-alphanumeric characters, other than underscores. Please enter a valid project name.";"Nome do projeto inválido: nomes de projeto não podem conter espaços ou caracteres não alfanuméricos, exceto sublinhados. Digite um nome de projeto válido.";"";"Revisado"
"Epi.Core";"Epi.SharedStrings";"INVALID_PROJECT_NAME_DUPLICATE";"Invalid project name:  A project with this name already exists. Please enter a different name for this project.";"Nome de projeto inválido: já existe um projeto com esse nome. Informe um nome diferente para este projeto.";"";"Revisado"
"Epi.Core";"Epi.SharedStrings";"INVALID_PROJECT_NAME_RESERVED_WORD";"Invalid project name:  The name specified for this Project is a reserved word. Please enter a different name for this project.";"Nome de projeto inválido: o nome especificado para este projeto é uma palavra reservada. Informe um nome diferente para este projeto.";"";"Revisado"
"Epi.Core";"Epi.SharedStrings";"INVALID_PROJECT_NAME_TOO_LONG";"Invalid project name:  A project's name cannot consist of more than 64 characters. Please enter a shorter name for this project.";"Nome do projeto inválido: nomes de projeto não podem exceder 64 caracteres. Digite um nome mais curto.";"";"Revisado"
"Epi.Core";"Epi.SharedStrings";"INVALID_PROJECT_NAME_TOO_SHORT";"Invalid project name:  A project's name cannot consist of less than 4 characters. Please enter a longer name for this project.";"Nome de projeto inválido: o nome de um projeto não pode ter menos de 4 caracteres. Informe um nome mais longo para este projeto.";"";"Revisado"
"Epi.Core";"Epi.SharedStrings";"INVALID_PROMPT_TEXT";"Invalid prompt text.  The maximum number of characters to be entered cannot exceed 2047 characters.";"Texto de rótulo inválido. O número máximo de caracteres não pode exceder 2047.";"";"Revisado"
"Epi.Core";"Epi.SharedStrings";"INVALID_SEARCH_QUERY";"The search query for the field '{0}' is invalid. Please check the syntax of the search query and its parameters.";"A consulta de pesquisa do campo '{0}' é inválida. Verifique a sintaxe da consulta de pesquisa e seus parâmetros.";"";"Revisado"
"Epi.Core";"Epi.SharedStrings";"INVALID_SEARCH_QUERY_CHECKBOX";"The search query for the checkbox field '{0}' is invalid. Please ensure that the search parameters consist of either (+) or (-) when searching on this field type.";"A consulta de pesquisa do campo de caixa de seleção '{0}' é inválida. Verifique se os parâmetros de pesquisa são (+) ou (-) ao pesquisar neste tipo de campo.";"";"Revisado"
"Epi.Core";"Epi.SharedStrings";"INVALID_SEARCH_QUERY_DATE";"The search query for the date field '{0}' is invalid. Please ensure that the search parameters consist of dates when searching on this field type.";"A consulta de pesquisa do campo de data '{0}' é inválida. Verifique se os parâmetros de pesquisa são datas ao pesquisar neste tipo de campo.";"";"Revisado"
"Epi.Core";"Epi.SharedStrings";"INVALID_SEARCH_QUERY_NUMERIC";"The search query for the numeric field '{0}' is invalid. Please ensure that numeric parameters are used when searching on this field type.";"A consulta de pesquisa do campo numérico '{0}' é inválida. Verifique se estão sendo usados parâmetros numéricos ao pesquisar neste tipo de campo.";"";"Revisado"
"Epi.Core";"Epi.SharedStrings";"INVALID_SEARCH_QUERY_YESNO";"The search query for the Yes/No field '{0}' is invalid. Please ensure that the search parameters consist of (+), (-), or (.) when searching on this field type.";"A consulta de pesquisa do campo Sim/Não '{0}' é inválida. Verifique se os parâmetros de pesquisa são (+), (-) ou (.) ao pesquisar neste tipo de campo.";"";"Revisado"
"Epi.Core";"Epi.SharedStrings";"INVALID_STARTING_UNIQUE_ID";"Invalid starting unique Id:  The starting unique ID must be numeric.";"ID único inicial inválido: o ID único inicial deve ser numérico.";"";"Revisado"
"Epi.Core";"Epi.SharedStrings";"INVALID_TEMPLATE_FILE";"The selected file is not a valid Epi Info template.";"O arquivo selecionado não é um modelo válido do Epi Info.";"";"Revisado"
"Epi.Core";"Epi.SharedStrings";"INVALID_UPPER_DATE_RANGE";"Upper range entered is not a valid date.";"O limite superior digitado não é uma data válida.";"";"Revisado"
"Epi.Core";"Epi.SharedStrings";"INVALID_VIEW_ID";"Invalid form Id";"ID de formulário inválido";"";"Revisado"
"Epi.Core";"Epi.SharedStrings";"INVALID_VIEW_NAME";"Invalid form name:  Form names cannot contain spaces or non-alphanumeric characters.  Please enter a valid form name.";"Nome de formulário inválido: os nomes de formulário não podem conter espaços nem caracteres não alfanuméricos. Digite um nome de formulário válido.";"";"Revisado"
"Epi.Core";"Epi.SharedStrings";"INVALID_VIEW_NAME_DUPLICATE";"Invalid form name:  A form with this name already exists. Please enter a different name for this form.";"Nome de formulário inválido: já existe um formulário com esse nome. Digite um nome diferente para este formulário.";"";"Revisado"
"Epi.Core";"Epi.SharedStrings";"INVALID_VIEW_NAME_DUPLICATE_PREFIX";"A form with that name but without the numbers at the end already existes in this project. This would cause a conflict with the data tables because each data table is named as the name of the form plus the id of the page.";"Já existe neste projeto um formulário com esse nome, sem os números no final. Isso causaria conflito com as tabelas de dados, pois cada tabela de dados recebe o nome do formulário mais o ID da página.";"";"Revisado"
"Epi.Core";"Epi.SharedStrings";"INVALID_VIEW_NAME_RESERVED_WORD";"Invalid form name:  The name specified for this form is a reserved word. Please enter a different name for this form.";"Nome de formulário inválido: o nome do formulário é uma palavra reservada. Digite um nome válido.";"";"Revisado"
"Epi.Core";"Epi.SharedStrings";"INVALID_VIEW_NAME_TOO_LONG";"Invalid form name:  A form's name cannot consist of more than 40 characters. Please enter a shorter name for this form.";"Nome de formulário inválido: o nome de um formulário não pode ter mais de 40 caracteres. Digite um nome mais curto para este formulário.";"";"Revisado"
"Epi.Core";"Epi.SharedStrings";"INVALID_YES_NO_VALUE";"Invalid value:  The value entered is not a valid value for this {0}/{1} field.  Please enter or select a valid value.";"Valor inválido: o valor digitado não é válido para este campo {0}/{1}. Digite ou selecione um valor válido.";"";"Revisado"
"Epi.Core";"Epi.SharedStrings";"INVALID_YES_NO_VALUE_CAPTION";"Invalid {0}/{1} Value";"Valor {0}/{1} inválido";"";"Revisado"
"Epi.Core";"Epi.SharedStrings";"KMSURV_CENSORED";"Censored";"Censurado";"";""
"Epi.Core";"Epi.SharedStrings";"KMSURV_CUMFAILURES";"Cum. Failures";"Falhas acum.";"";"Revisado"
"Epi.Core";"Epi.SharedStrings";"KMSURV_FAILURES";"Failures";"Falhas";"";"Revisado"
"Epi.Core";"Epi.SharedStrings";"KMSURV_RISK";"At Risk";"Em risco";"";"Revisado"
"Epi.Core";"Epi.SharedStrings";"KMSURV_SURVIVALPROB";"Obs. Surv. Prob.";"Prob. de sobrevida obs.";"";"Revisado"
"Epi.Core";"Epi.SharedStrings";"LANGUAGE_READY";"Translation file is ready for use.";"O arquivo de tradução está pronto para uso.";"";"Revisado"
"Epi.Core";"Epi.SharedStrings";"LANGUAGE_REMOVAL_FAIL";"Unable to remove the selected language. The language files may currently be in use.";"Não foi possível remover o idioma selecionado. Os arquivos de idioma podem estar em uso.";"";"Revisado"
"Epi.Core";"Epi.SharedStrings";"LAST";"Last";"Último";"";"Revisado"
"Epi.Core";"Epi.SharedStrings";"LINKED_RECS_CANT_CREATE";"Unable to create link";"Não foi possível criar o vínculo";"";"Revisado"
"Epi.Core";"Epi.SharedStrings";"LINKED_RECS_EMPTY";"Empty Social Network";"Rede social vazia";"";"Revisado"
"Epi.Core";"Epi.SharedStrings";"LINKED_RECS_FIRST_SAVE";"Please save the current record prior to adding links.";"Salve o registro atual antes de adicionar vínculos.";"";"Revisado"
"Epi.Core";"Epi.SharedStrings";"LINKED_RECS_NONE_LINKED";"There are no records linked to the current record.";"Não há registros vinculados ao registro atual.";"";"Revisado"
"Epi.Core";"Epi.SharedStrings";"LINKED_RECS_PREVIEW";"Record preview:";"Pré-visualização do registro:";"LONGO";"Revisado"
"Epi.Core";"Epi.SharedStrings";"LOADING_MODULE";"Loading module ...";"Carregando módulo…";"";""
"Epi.Core";"Epi.SharedStrings";"LOADING_PROJECT";"Loading project ...";"Carregando projeto…";"";""
"Epi.Core";"Epi.SharedStrings";"LOWER_RANGE_GREATER_THAN_UPPER_RANGE";"The lower range is greater than the upper range.";"O limite inferior é maior que o limite superior.";"";"Revisado"
"Epi.Core";"Epi.SharedStrings";"MAKE_SAME_HEIGHT_MAX";"Make Same Height (Use Maximum)";"Igualar Altura (Usar o Máximo)";"";"Revisado"
"Epi.Core";"Epi.SharedStrings";"MAKE_SAME_HEIGHT_MIN";"Make Same Height (Use Minimum)";"Igualar Altura (Usar o Mínimo)";"";"Revisado"
"Epi.Core";"Epi.SharedStrings";"MAKE_SAME_SIZE_MAX";"Make Same Size (Use Maximum)";"Igualar Tamanho (Usar o Máximo)";"";"Revisado"
"Epi.Core";"Epi.SharedStrings";"MAKE_SAME_SIZE_MIN";"Make Same Size (Use Minimum)";"Igualar Tamanho (Usar o Mínimo)";"";"Revisado"
"Epi.Core";"Epi.SharedStrings";"MAKE_SAME_WIDTH_MAX";"Make Same Width (Use Maximum)";"Igualar Largura (Usar o Máximo)";"";"Revisado"
"Epi.Core";"Epi.SharedStrings";"MAKE_SAME_WIDTH_MIN";"Make Same Width (Use Minimum)";"Igualar Largura (Usar o Mínimo)";"";"Revisado"
"Epi.Core";"Epi.SharedStrings";"MAKE_VIEW";"Form Designer";"Designer de Formulários";"";""
"Epi.Core";"Epi.SharedStrings";"MAKE_VIEW_WINDOW_TITLE";"Form Designer";"Epi Info 7 - Designer de Formulários";"LONGO";"Revisado"
"Epi.Core";"Epi.SharedStrings";"MAP_ERROR_CRYPTOGRAPHY";"There was a problem referencing an external cryptography DLL.";"Ocorreu um problema ao referenciar uma DLL de criptografia externa.";"";"Revisado"
"Epi.Core";"Epi.SharedStrings";"MAP_LEGEND";"Map Legend";"Legenda do Mapa";"";"Revisado"
"Epi.Core";"Epi.SharedStrings";"MASK";"Mask";"Máscara";"";""
"Epi.Core";"Epi.SharedStrings";"MAX_NONE_MASK_DIGITS_EXCEEDED";"Mask digit of type None cannot exceed 40 digits. Please make smaller.";"A máscara do tipo None não pode exceder 40 dígitos. Reduza o tamanho.";"";"Revisado"
"Epi.Core";"Epi.SharedStrings";"MAX_PAGES_REACHED";"Maximum Pages Reached";"Máximo de Páginas Atingido";"";"Revisado"
"Epi.Core";"Epi.SharedStrings";"MAXIMIZE";"Maximize";"Maximizar";"";""
"Epi.Core";"Epi.SharedStrings";"MAXIMUM_NUMBER_PAGES";"The maximum number of pages allowed to be added to a form is 150.  The limit has been reached.";"O número máximo de páginas que podem ser adicionadas a um formulário é 150. O limite foi atingido.";"";"Revisado"
"Epi.Core";"Epi.SharedStrings";"MENU";"Menu";"Menu";"";""
"Epi.Core";"Epi.SharedStrings";"METADATA_DATABASE_INFORMATION_REQUIRED";"Metadata database information is required.";"As informações do banco de dados de metadados são obrigatórias.";"";"Revisado"
"Epi.Core";"Epi.SharedStrings";"METADATA_PREFIX";"meta";"meta";"";""
"Epi.Core";"Epi.SharedStrings";"MISSING_PROJECT_NAME";"Please enter a name for the project.";"Digite um nome para o projeto.";"";"Revisado"
"Epi.Core";"Epi.SharedStrings";"MISSING_VIEW_NAME";"Please enter a name for the form.";"Digite um nome para o formulário.";"";"Revisado"
"Epi.Core";"Epi.SharedStrings";"MOBILE_FORM_COPIED";"Form has been copied to your Android device. Please disconnect the device from your PC to begin data collection.";"O formulário foi copiado para o seu dispositivo Android. Desconecte o dispositivo do PC para iniciar a coleta de dados.";"";"Revisado"
"Epi.Core";"Epi.SharedStrings";"MOBILE_FORM_COPY_TITLE";"Form Copied";"Formulário Copiado";"";""
"Epi.Core";"Epi.SharedStrings";"MOBILE_NO_DEVICES";"No devices were found.";"Nenhum dispositivo foi encontrado.";"";""
"Epi.Core";"Epi.SharedStrings";"MOBILE_NO_EI_EXT_FOUND";"Epi Info Companion for Android was not detected.  Please ensure that the app is installed on your Android device and that the device is connected to your PC in ""USB Storage"" or ""Media Device"" mode.";"O Epi Info Companion para Android não foi detectado. Verifique se o aplicativo está instalado no dispositivo Android e se o dispositivo está conectado ao PC no modo ""Armazenamento USB"" ou ""Dispositivo de mídia"".";"";"Revisado"
"Epi.Core";"Epi.SharedStrings";"MODIFICATION_NOT_PERMITTED";"Modification of this field is not permitted.";"Este campo não pode ser modificado.";"";""
"Epi.Core";"Epi.SharedStrings";"MODULE_NOT_LOADED";"Module could not be loaded.";"Não foi possível carregar o módulo.";"";"Revisado"
"Epi.Core";"Epi.SharedStrings";"MS_ACCESS_FILES";"Microsoft Access Files";"Arquivos do Microsoft Access";"";"Revisado"
"Epi.Core";"Epi.SharedStrings";"MUST_SELECT_CENSORED";"Select a censored variable and a value for uncensored.";"Selecione uma variável censurada e um valor para os não censurados.";"";"Revisado"
"Epi.Core";"Epi.SharedStrings";"MUST_SELECT_EXPOSURE";"Select an exposure variable.";"Selecione uma variável de exposição.";"";""
"Epi.Core";"Epi.SharedStrings";"MUST_SELECT_GRAPH_VAR";"Select a variable to graph.";"Selecione uma variável para o gráfico.";"";"Revisado"
"Epi.Core";"Epi.SharedStrings";"MUST_SELECT_GROUP";"Select a test group variable.";"Selecione uma variável de grupo de teste.";"";"Revisado"
"Epi.Core";"Epi.SharedStrings";"MUST_SELECT_GROUP_OR_PREDICTOR";"Select a group variable or at least one predictor variable.";"Selecione uma variável de grupo ou pelo menos uma variável preditora.";"";"Revisado"
"Epi.Core";"Epi.SharedStrings";"MUST_SELECT_OUTCOME";"Select an outcome variable.";"Selecione uma variável de desfecho.";"";"Revisado"
"Epi.Core";"Epi.SharedStrings";"MUST_SELECT_PSU";"Select a primary sampling unit variable.";"Selecione uma variável de unidade primária de amostragem.";"";"Revisado"
"Epi.Core";"Epi.SharedStrings";"MUST_SELECT_TERMS";"Select at least one term.";"Selecione ao menos um termo.";"";"Revisado"
"Epi.Core";"Epi.SharedStrings";"MUST_SELECT_TIME_VAR";"Select a time variable.";"Selecione uma variável de tempo.";"";""
"Epi.Core";"Epi.SharedStrings";"MUST_SELECT_UNCENSORED_VALUE";"Select a Value for Uncensored that represents the uncensored subjects.";"Selecione um valor para não censurados que represente os indivíduos não censurados.";"";"Revisado"
"Epi.Core";"Epi.SharedStrings";"MYSQL_DATABASE";"MySQL Database";"Banco de Dados MySQL";"";"Revisado"
"Epi.Core";"Epi.SharedStrings";"MYSQL_DATABASE_INFO";"Epi.Data.MySQL.MySQLDBFactory, Epi.Data.MySQL";"Epi.Data.MySQL.MySQLDBFactory, Epi.Data.MySQL";"";""
"Epi.Core";"Epi.SharedStrings";"NAME";"Name";"Nome";"";""
"Epi.Core";"Epi.SharedStrings";"NEW_FIELD";"New Field";"Novo Campo";"";""
"Epi.Core";"Epi.SharedStrings";"NEW_GROUP_FIELD";"New Group Field";"Novo Campo de Grupo";"";""
"Epi.Core";"Epi.SharedStrings";"NEW_PAGE";"New Page";"Nova Página";"";"Revisado"
"Epi.Core";"Epi.SharedStrings";"NEW_PROGRAM";"New Program";"Novo Programa";"";""
"Epi.Core";"Epi.SharedStrings";"NEW_RECORD";"New Record";"Novo Registro";"";""
"Epi.Core";"Epi.SharedStrings";"NEXT";"Next";"Próximo";"";""
"Epi.Core";"Epi.SharedStrings";"NO_AGGREGATE_SPECIFIED";"At least one aggregate must be specified.";"Deve ser especificada pelo menos uma agregação.";"";""
"Epi.Core";"Epi.SharedStrings";"NO_ASSIGN_EXPRESSION";"No assign expression has been entered.";"Nenhuma expressão de atribuição foi especificada.";"";""
"Epi.Core";"Epi.SharedStrings";"NO_ASSIGN_VAR";"No assign variable has been chosen.";"Nenhuma variável de atribuição foi escolhida.";"";""
"Epi.Core";"Epi.SharedStrings";"NO_COLUMNS_FOR_SELECT_QUERY";"No columns specified for SELECT";"Nenhuma coluna especificada para SELECT";"";"Revisado"
"Epi.Core";"Epi.SharedStrings";"NO_COMMAND";"There are no commands to run.  Enter a command in the program editor.";"Não existem comandos para executar. Digite um comando no editor do programa.";"";"Revisado"
"Epi.Core";"Epi.SharedStrings";"NO_CURRENT_PROJECT";"You must first open a project.";"Você deve primeiro abrir um projeto.";"";""
"Epi.Core";"Epi.SharedStrings";"NO_DATA_SOURCE";"No data source has been read.";"Nenhuma fonte de dados foi lida.";"";"Revisado"
"Epi.Core";"Epi.SharedStrings";"NO_DEFINE_VAR";"No variable to define has been specified.";"Nenhuma variável a definir foi especificada.";"";"Revisado"
"Epi.Core";"Epi.SharedStrings";"NO_DELETE_CRITERIA";"No delete criteria have been specified.";"Nenhum critério de exclusão foi especificado.";"";"Revisado"
"Epi.Core";"Epi.SharedStrings";"NO_DIALOG_FORMAT";"Dialog format must be selected.";"Selecione o formato do diálogo.";"";"Revisado"
"Epi.Core";"Epi.SharedStrings";"NO_FILENAME";"A filename must be provided.";"É necessário informar um nome de arquivo.";"";"Revisado"
"Epi.Core";"Epi.SharedStrings";"NO_FILENAME_COMMAND";"Filename or command is required.";"O nome do arquivo ou o comando é obrigatório.";"";"Revisado"
"Epi.Core";"Epi.SharedStrings";"NO_FILES_SELECTED";"No files have been specified.";"Nenhum arquivo foi especificado.";"";""
"Epi.Core";"Epi.SharedStrings";"NO_INPUT_VARIABLE";"Input variable must be selected.";"Selecione a variável de entrada.";"";"Revisado"
"Epi.Core";"Epi.SharedStrings";"NO_LINKED_FIELD_SELECTED";"No field to link has been selected.";"Nenhum campo selecionado para vincular.";"";"Revisado"
"Epi.Core";"Epi.SharedStrings";"NO_MATCHVAR";"Select a match variable for matched analysis.";"Selecione uma variável de pareamento para a análise pareada.";"";"Revisado"
"Epi.Core";"Epi.SharedStrings";"NO_PROGRAM";"Select a program.";"Selecione um programa.";"";""
"Epi.Core";"Epi.SharedStrings";"NO_RADIO_BUTTON_SELECTED";"No radio button selected.";"Nenhum botão de opção foi selecionado.";"";""
"Epi.Core";"Epi.SharedStrings";"NO_RECODE_VARIABLE";"No recode variable has been selected.";"Nenhuma variável de recodificação foi selecionada.";"";""
"Epi.Core";"Epi.SharedStrings";"NO_RECODINGS_DESIGNATED";"No recodings have been designated.";"Nenhuma recodificação foi definida.";"";"Revisado"
"Epi.Core";"Epi.SharedStrings";"NO_RECORDS_SELECTED";"No records match the selection criteria.";"Não há registros com esse critério de seleção.";"";""
"Epi.Core";"Epi.SharedStrings";"NO_RELATE_KEYS";"You must select the keys to use to relate the  tables.";"Selecione as chaves a usar para relacionar as tabelas.";"";"Revisado"
"Epi.Core";"Epi.SharedStrings";"NO_SAVED_PGM";"No saved program in selected project.";"Nenhum programa salvo no projeto especificado.";"";""
"Epi.Core";"Epi.SharedStrings";"NO_SEARCH_TEXT";"No text to search.";"Não existe texto para procurar.";"";""
"Epi.Core";"Epi.SharedStrings";"NO_SELECTION_TO_ALIGN";"Please select the Text Fields to for alignment, Hold down MOUSE Button; Drag mouse to select";"Selecione os campos de texto para alinhar: mantenha o botão do mouse pressionado e arraste para selecionar.";"PONTUACAO";"Revisado"
"Epi.Core";"Epi.SharedStrings";"NO_SELECTION_TO_COPY";"There is no selection to copy.";"Nada selecionado para cópia.";"";""
"Epi.Core";"Epi.SharedStrings";"NO_SHOW_VARIABLE";"Variable to show must be selected.";"Selecione a variável a ser exibida.";"";"Revisado"
"Epi.Core";"Epi.SharedStrings";"NO_SORT_VARIABLES_SELECTED";"No variables are selected.";"Nenhuma variável selecionada.";"";"Revisado"
"Epi.Core";"Epi.SharedStrings";"NO_TABLE_SELECTED";"No table has been selected.";"Nenhuma tabela foi selecionada.";"";"Revisado"
"Epi.Core";"Epi.SharedStrings";"NO_TEXT_VALUE";"A text value must be specified.";"Deve ser especificado um valor de texto.";"";""
"Epi.Core";"Epi.SharedStrings";"NO_UNDELETE_CRITERIA";"No undelete criteria have been specified.";"Nenhum critério para restaurar registros foi especificado.";"";"Revisado"
"Epi.Core";"Epi.SharedStrings";"NO_VARS_SELECTED";"No variable(s) selected";"Variável(is) não selecionada(s)";"";""
"Epi.Core";"Epi.SharedStrings";"NO_VIEW_SELECTED";"No form has been selected.";"Nenhum formulário selecionado.";"";""
"Epi.Core";"Epi.SharedStrings";"NOT_A_NUMBER";"Not a number.";"Não é um número.";"";"Revisado"
"Epi.Core";"Epi.SharedStrings";"NOT_VALID_ENUM_TYPE";"Not a valid enum type:";"Não é um tipo de enumeração válido:";"";""
"Epi.Core";"Epi.SharedStrings";"NOT_VALID_IN_DATA_ENTRY_MODE";"Not valid in data entry mode.";"Não é válida no modo de entrada de dados.";"";""
"Epi.Core";"Epi.SharedStrings";"NOT_VALID_IN_FORM_DESIGN_MODE";"Not valid in form design mode.";"Não é válida no modo design de formulários.";"";""
"Epi.Core";"Epi.SharedStrings";"NUMBER_OF_RECORDS_AFFECTED";"Number of records affected";"Número de registros afetados";"";""
"Epi.Core";"Epi.SharedStrings";"NUMBER_RECORDS_DELETED";"Number of records deleted: {0}";"Número de registros excluídos: {0}";"";"Revisado"
"Epi.Core";"Epi.SharedStrings";"NUMBER_RECORDS_UNDELETED";"Number of records undeleted: {0}";"Número de registros restaurados: {0}";"";"Revisado"
"Epi.Core";"Epi.SharedStrings";"OPEN";"Open";"Abrir";"";""
"Epi.Core";"Epi.SharedStrings";"OPEN_CONTAINING_FOLDER";"Open Containing Folder";"Abrir Local do Arquivo";"";"Revisado"
"Epi.Core";"Epi.SharedStrings";"OPEN_PROGRAM";"Open Program";"Abrir Programa";"";""
"Epi.Core";"Epi.SharedStrings";"OPENING_PAGE";"Opening page...";"Abrindo página…";"";"Revisado"
"Epi.Core";"Epi.SharedStrings";"OPENING_PROJECT";"Opening project.";"Abrindo projeto.";"";"Revisado"
"Epi.Core";"Epi.SharedStrings";"OPENING_VIEW";"Opening form";"Abrindo formulário";"";""
"Epi.Core";"Epi.SharedStrings";"OUT_OF";"out of";"de";"";"Revisado"
"Epi.Core";"Epi.SharedStrings";"OUT_OF_MEMORY";"Out of memory";"Memória insuficiente";"";"Revisado"
"Epi.Core";"Epi.SharedStrings";"OUTCOME_VALUES_TOO_FEW";"Outcome variable contains less than two values.";"A variável de desfecho contém menos de dois valores.";"";"Revisado"
"Epi.Core";"Epi.SharedStrings";"OUTCOME_VALUES_TOO_MANY";"Outcome variable contains more than two values.";"A variável de desfecho contém mais de dois valores.";"";"Revisado"
"Epi.Core";"Epi.SharedStrings";"OUTPUT_TABLE_NAME_COMMAND";"OutTable";"OutTable";"";""
"Epi.Core";"Epi.SharedStrings";"OUTPUT_TABLE_NOT_SPECIFIED";"An output table must be specified.";"Uma tabela de saída deve ser especificada.";"";"Revisado"
"Epi.Core";"Epi.SharedStrings";"PAGE_CHECK_CODE";"Page Check Code";"Código de Verificação da Página";"LONGO";"Revisado"
"Epi.Core";"Epi.SharedStrings";"PAGE_NAME";"Page Name: {0}";"Nome da Página: {0}";"";""
"Epi.Core";"Epi.SharedStrings";"PAGE_NOT_SELECTED";"Page Not Selected";"Página Não Selecionada";"";""
"Epi.Core";"Epi.SharedStrings";"PAGES";"Pages";"Pages";"";"Revisado"
"Epi.Core";"Epi.SharedStrings";"PASTE";"Paste";"Colar";"";""
"Epi.Core";"Epi.SharedStrings";"PATTERN_RESTRICTS_ENTRY_OF_LOWER_RANGE";"The pattern restricts entry of a numbers at the lower range.";"O padrão restringe a entrada de um número no limite inferior.";"";"Revisado"
"Epi.Core";"Epi.SharedStrings";"PATTERN_RESTRICTS_ENTRY_OF_UPPER_RANGE";"The pattern restricts entry of a numbers at the upper range.";"O padrão restringe a entrada de um número no limite superior.";"";"Revisado"
"Epi.Core";"Epi.SharedStrings";"PE_CHECKBOX_NODE";"Checkbox";"Caixa de Seleção";"LONGO";""
"Epi.Core";"Epi.SharedStrings";"PE_CODES_NODE";"Codes";"Códigos";"";""
"Epi.Core";"Epi.SharedStrings";"PE_COMMAND_BUTTON_NODE";"Command Button";"Botão de Comando";"";""
"Epi.Core";"Epi.SharedStrings";"PE_COMMENT_LEGAL_NODE";"Comment Legal";"Código-descrição";"";""
"Epi.Core";"Epi.SharedStrings";"PE_DATE_NODE";"Date";"Data";"";""
"Epi.Core";"Epi.SharedStrings";"PE_DATETIME_NODE";"Date/Time ";"Data/Hora ";"";"Revisado"
"Epi.Core";"Epi.SharedStrings";"PE_FIELDS_NODE";"Fields";"Campos";"";""
"Epi.Core";"Epi.SharedStrings";"PE_GRID_NODE";"Grid";"Grade";"";""
"Epi.Core";"Epi.SharedStrings";"PE_GROUP_NODE";"Group";"Grupo";"";""
"Epi.Core";"Epi.SharedStrings";"PE_GUID_NODE";"Unique Identifier";"Identificador Único";"";""
"Epi.Core";"Epi.SharedStrings";"PE_IMAGE_NODE";"Image";"Imagem";"";""
"Epi.Core";"Epi.SharedStrings";"PE_LABEL_NODE";"Label/Title";"Rótulo/Título";"";"Revisado"
"Epi.Core";"Epi.SharedStrings";"PE_LEGAL_VALUE_NODE";"Legal Values";"Valores Legais";"";""
"Epi.Core";"Epi.SharedStrings";"PE_MIRROR_NODE";"Mirror";"Espelho";"";""
"Epi.Core";"Epi.SharedStrings";"PE_MULTI_LINE_NODE";"Multiline";"Multilinha";"";""
"Epi.Core";"Epi.SharedStrings";"PE_NUMBER_NODE";"Number";"Número";"";""
"Epi.Core";"Epi.SharedStrings";"PE_OPTION_NODE";"Option";"Opção";"";"Revisado"
"Epi.Core";"Epi.SharedStrings";"PE_PHONE_NODE";"Phone Number";"Número de Telefone";"";""
"Epi.Core";"Epi.SharedStrings";"PE_RELATE_NODE";"Relate";"Relacionar";"";"Revisado"
"Epi.Core";"Epi.SharedStrings";"PE_SINGLE_LINE_NODE";"Text";"Texto";"";""
"Epi.Core";"Epi.SharedStrings";"PE_TEMPLATES";"Templates";"Modelos";"";"Revisado"
"Epi.Core";"Epi.SharedStrings";"PE_TIME_NODE";"Time";"Hora";"";""
"Epi.Core";"Epi.SharedStrings";"PE_UPPER_CASE_NODE";"Text (Uppercase)";"Texto (Maiúsculas)";"";""
"Epi.Core";"Epi.SharedStrings";"PE_YESNO_NODE";"Yes/No";"Sim/Não";"";""
"Epi.Core";"Epi.SharedStrings";"PERMANENT_VARIABLE";"Permanent variable";"Variável Permanente";"";""
"Epi.Core";"Epi.SharedStrings";"PLEASE_WAIT";"Please Wait ...";"Aguarde…";"";"Revisado"
"Epi.Core";"Epi.SharedStrings";"PLEASE_WAIT_FIELD_BEING_CREATED";"Please wait while the field is created ...";"Aguarde enquanto o campo é criado…";"";"Revisado"
"Epi.Core";"Epi.SharedStrings";"PREVIOUS";"Previous";"Anterior";"";"Revisado"
"Epi.Core";"Epi.SharedStrings";"PRINT";"Print";"Imprimir";"";""
"Epi.Core";"Epi.SharedStrings";"PROGRAM_EDITOR";"Program Editor";"Editor de Programas";"";""
"Epi.Core";"Epi.SharedStrings";"PROGRAM_EDITOR_EMPTY";"The program editor contains no commands to execute.  Please enter commands.";"O editor de programas não contém comandos para executar. Digite os comandos.";"";"Revisado"
"Epi.Core";"Epi.SharedStrings";"PROGRAM_FILE";"Program File";"Arquivo de Programa";"";""
"Epi.Core";"Epi.SharedStrings";"PROJECT_ALREADY_EXISTS";"The project file {0} already exists. Do you want to overwrite?";"O arquivo de projeto {0} já existe. Deseja sobrescrevê-lo?";"";""
"Epi.Core";"Epi.SharedStrings";"PROJECT_ALREADY_EXISTS_TITLE";"Project already exists";"O projeto já existe";"";""
"Epi.Core";"Epi.SharedStrings";"PROJECT_FILE";"Project File";"Arquivo de Projeto";"";""
"Epi.Core";"Epi.SharedStrings";"PROJECT_FILE_CORRUPT";"Project file is corrupted";"Arquivo de projeto corrompido.";"";""
"Epi.Core";"Epi.SharedStrings";"PROJECT_FILE_CREATED";"Project file created successfully.";"Arquivo de projeto criado com sucesso.";"";""
"Epi.Core";"Epi.SharedStrings";"PROJECT_FILE_NOT_CREATED";"Project file was not created.";"O arquivo de projeto não foi criado.";"";""
"Epi.Core";"Epi.SharedStrings";"PROJECT_LOCATION_REQUIRED";"A project location is required";"É necessário informar o local do projeto";"";"Revisado"
"Epi.Core";"Epi.SharedStrings";"PROJECT_NAME_BEGIN_INVALID";"Invalid project name: Project names cannot begin with numbers or non-alphanumeric characters.";"Nome de projeto inválido: os nomes de projeto não podem começar com números nem caracteres não alfanuméricos.";"";"Revisado"
"Epi.Core";"Epi.SharedStrings";"PROJECT_NAME_BEGIN_NUMERIC";"Invalid project name: Project names cannot begin with numbers.";"Nome de projeto inválido: os nomes de projeto não podem começar com números.";"";"Revisado"
"Epi.Core";"Epi.SharedStrings";"PROJECT_NAME_MISSING";"Invalid project name: Project names cannot be blank.";"Nome de projeto inválido: os nomes de projeto não podem ficar em branco.";"";"Revisado"
"Epi.Core";"Epi.SharedStrings";"PROJECT_NAME_TOO_LONG";"Invalid project name:  The maximum number of characters to be entered must not exceed 64 characters.";"Nome de projeto inválido: o número máximo de caracteres não deve exceder 64.";"";"Revisado"
"Epi.Core";"Epi.SharedStrings";"PROJECT_NAME_TOO_LONG_AND_INVALID_CHARACTERS";"Invalid project name:  The maximum number of characters to be entered must not exceed 64 characters and cannot contain non-alphanumeric characters.";"Nome de projeto inválido: o número máximo de caracteres é 64 e não são permitidos caracteres não alfanuméricos.";"";"Revisado"
"Epi.Core";"Epi.SharedStrings";"PROJECT_SCHEMA_OUT_OF_DATE";"Project schema out of date";"Esquema do projeto desatualizado";"";"Revisado"
"Epi.Core";"Epi.SharedStrings";"PROJECTS";"Projects";"Projects";"";"Revisado"
"Epi.Core";"Epi.SharedStrings";"PROPERTIES";"&Properties";"&Propriedades";"";"Revisado"
"Epi.Core";"Epi.SharedStrings";"QUESTION";"Question";"Pergunta";"";""
"Epi.Core";"Epi.SharedStrings";"QUICK_SAVE_PROJECT_AS_TEMPLATE";"&Quick Save Project as Template";"Salvamento &Rápido do Projeto como Modelo";"";"Revisado"
"Epi.Core";"Epi.SharedStrings";"READY";"Ready";"Pronto";"";""
"Epi.Core";"Epi.SharedStrings";"REC_STATUS";"Record status";"Status do Registro";"";""
"Epi.Core";"Epi.SharedStrings";"RECORD_COUNT";"Record Count";"Contagem de Registros";"";"Revisado"
"Epi.Core";"Epi.SharedStrings";"RECORD_SORT";"Sort";"Ordenar";"";""
"Epi.Core";"Epi.SharedStrings";"RECORDS_COPIED";"records copied";"registros copiados";"";""
"Epi.Core";"Epi.SharedStrings";"RELEASE_DATE";"Release date";"Data de Lançamento";"";"Revisado"
"Epi.Core";"Epi.SharedStrings";"RENAME";"Rename";"Renomear";"";""
"Epi.Core";"Epi.SharedStrings";"RENAME_DATA_TABLE_NAME";"The data table name will be renamed to: ";"O nome da tabela de dados será alterado para: ";"";"Revisado"
"Epi.Core";"Epi.SharedStrings";"RENAME_PAGE";"&Rename Page";"&Renomear Página";"";"Revisado"
"Epi.Core";"Epi.SharedStrings";"RENAME_PROJECT_NAME";"The project name will be renamed to: ";"O nome do projeto será alterado para: ";"";"Revisado"
"Epi.Core";"Epi.SharedStrings";"RENAME_VIEW_NAME";"Invalid form name:  Form names cannot contain spaces or be in the Reserved Words List nor contain non-alphanumeric characters.  The form name will be changed to: ";"Nome de formulário inválido: os nomes de formulário não podem conter espaços, constar na lista de palavras reservadas nem conter caracteres não alfanuméricos. O nome do formulário será alterado para: ";"";"Revisado"
"Epi.Core";"Epi.SharedStrings";"RESERVED_WORD";"{0} is a reserved word.";"{0} é uma palavra reservada.";"";""
"Epi.Core";"Epi.SharedStrings";"RESERVED_WORD_ERROR";"The following is a reserved word. Reserved words can't be used for naming fields, forms and pages.";"Esta é uma palavra reservada. Palavras reservadas não podem ser usadas para nomear campos, formulários e páginas.";"";"Revisado"
"Epi.Core";"Epi.SharedStrings";"RESERVED_WORD_INVALID_USE";"Invalid use of reserved word";"Uso incorreto de palavra reservada";"";""
"Epi.Core";"Epi.SharedStrings";"RESTORE_CONFIGURATION_Q";"Configuration is invalid or out of date. Would you like to restore default Configuration?";"A configuração é inválida ou está desatualizada. Deseja restaurar a configuração padrão?";"";"Revisado"
"Epi.Core";"Epi.SharedStrings";"RIGHT_CLICK_FOR_OPTIONS";"Right click  for more options.";"Clique com o botão direito para ver mais opções.";"";"Revisado"
"Epi.Core";"Epi.SharedStrings";"ROW_WORD";"row";"linha";"";""
"Epi.Core";"Epi.SharedStrings";"SAVE";"Save";"Salvar";"";""
"Epi.Core";"Epi.SharedStrings";"SAVE_AS_TEMPLATE";"Save Selection as Template";"Salvar Seleção como Modelo";"";""
"Epi.Core";"Epi.SharedStrings";"SAVE_CHANGES_TO_RECORD";"Do you want to save changes to this record?";"Deseja salvar as alterações neste registro?";"";"Revisado"
"Epi.Core";"Epi.SharedStrings";"SAVE_FORM_AS_TEMPLATE";"Save Form as &Template";"Salvar Formulário como &Modelo";"";"Revisado"
"Epi.Core";"Epi.SharedStrings";"SAVE_PAGE_AS_TEMPLATE";"Save Page as &Template";"Salvar Página como &Modelo";"";"Revisado"
"Epi.Core";"Epi.SharedStrings";"SAVE_PROGRAM";"Save Program";"Salvar Programa";"";""
"Epi.Core";"Epi.SharedStrings";"SAVE_PROJECT_AS_TEMPLATE";"Save Project as &Template";"Salvar Projeto como &Modelo";"";"Revisado"
"Epi.Core";"Epi.SharedStrings";"SEARCH_LIMIT_EXCEEDED";"A search is limited to six fields.";"A busca está limitada a seis campos.";"";""
"Epi.Core";"Epi.SharedStrings";"SEARCH_RECORDS_NOT_FOUND";"No records matching the specified search criteria were found.";"Não há registros com esse critério de busca.";"";""
"Epi.Core";"Epi.SharedStrings";"SELECT_DATA_SOURCE";"Select a data source.";"Selecione a fonte de dados.";"";""
"Epi.Core";"Epi.SharedStrings";"SELECT_DATABASE";"Select a database.";"Selecione um banco de dados.";"";""
"Epi.Core";"Epi.SharedStrings";"SELECT_DATABASE_TYPE";"Select a database type.";"Selecione um tipo de banco de dados.";"";"Revisado"
"Epi.Core";"Epi.SharedStrings";"SELECT_EXCLUSION_VARIABLES";"Select a variable to exclude.";"Selecione uma variável para excluir.";"";""
"Epi.Core";"Epi.SharedStrings";"SELECT_PROGRAM";"Select a program from the list.";"Selecione um programa da lista.";"";""
"Epi.Core";"Epi.SharedStrings";"SELECT_PROJECT";"Select a project.";"Selecione um projeto.";"";""
"Epi.Core";"Epi.SharedStrings";"SELECT_VARIABLE";"Select a variable to analyze.";"Selecione uma variável para ser analisada.";"";""
"Epi.Core";"Epi.SharedStrings";"SELECTION_EVALUATION_ERROR";"There was a problem evaluating the selection criteria. Modify the condition(s) and try again.";"Houve um problema ao avaliar os critérios de seleção. Modifique a(s) condição(ões) e tente novamente.";"";"Revisado"
"Epi.Core";"Epi.SharedStrings";"SELECTION_SYNTAX_ERROR";"A syntax error was detected in the selection criteria. Modify the condition(s) and try again.";"Foi detectado um erro de sintaxe nos critérios de seleção. Modifique os critérios e tente novamente.";"";""
"Epi.Core";"Epi.SharedStrings";"SEPARATE_COMMENT_LEGAL_WITH_HYPEN";"Please separate comment from legal value with a hypen (-)";"Por favor, separe o comentário do valor legal com um hífen (-)";"";""
"Epi.Core";"Epi.SharedStrings";"SHOW_TAB_ORDER";"Show Tab Order";"Mostrar Ordem de Tabulação";"LONGO";""
"Epi.Core";"Epi.SharedStrings";"SOURCE_PROJECT_CONTAINS_ERRORS";"The source project has some fatal errors. Please refer to application logs for details.";"O projeto de origem tem alguns erros fatais. Consulte os logs do aplicativo para mais detalhes.";"";"Revisado"
"Epi.Core";"Epi.SharedStrings";"SOURCE_TABLE_NOT_SET";"Source table not set";"Tabela de origem não definida";"";"Revisado"
"Epi.Core";"Epi.SharedStrings";"SPECIFY_DATAFORMAT";"Please specify a data format.";"Especifique um formato de dados.";"";""
"Epi.Core";"Epi.SharedStrings";"SPECIFY_DATASOURCE";"Please specify a data source.";"Especifique uma fonte de dados.";"";""
"Epi.Core";"Epi.SharedStrings";"SPECIFY_PROJECT";"Please specify a project.";"Especifique um projeto.";"";""
"Epi.Core";"Epi.SharedStrings";"SPECIFY_TABLE_OR_VIEW";"Please select a table or form from the list.";"Selecione uma tabela ou formulário da lista.";"";""
"Epi.Core";"Epi.SharedStrings";"SPECIFY_VIEW";"Please select a form.";"Selecione um formulário.";"";"Revisado"
"Epi.Core";"Epi.SharedStrings";"SPECIFY_VIEW_TO_ADD_PAGE";"Please select a form to add a page to.";"Selecione um formulário ao qual adicionar uma página.";"";"Revisado"
"Epi.Core";"Epi.SharedStrings";"STANDARD_VARIABLE";"Standard variable";"Variável Padrão";"";""
"Epi.Core";"Epi.SharedStrings";"START_END_BY_EMPTY";"Start, End and By value must be specified.";"É necessário especificar os valores de início, fim e incremento.";"";"Revisado"
"Epi.Core";"Epi.SharedStrings";"START_FIELD_DROP";"Start field drop...";"Começar no campo…";"";""
"Epi.Core";"Epi.SharedStrings";"START_NEW_TAB_ORDER";"Start New Tab Order";"Iniciar Nova Ordem de Tabulação";"";""
"Epi.Core";"Epi.SharedStrings";"TAB_CLICK_TO_SET_INDEX";"Click to set the index and then click the next tab.";"Clique para definir o índice e depois clique na próxima tabulação.";"";"Revisado"
"Epi.Core";"Epi.SharedStrings";"TAB_DISABLE";"Disable tab";"Desativar tabulação";"";"Revisado"
"Epi.Core";"Epi.SharedStrings";"TAB_ENABLE";"Enable tab";"Ativar tabulação";"";"Revisado"
"Epi.Core";"Epi.SharedStrings";"TAB_ORDER_SET_FIELD_TO_TAB";"Setting the following field and tab index:  Field: {0}; Tab {1}";"Definindo o seguinte campo e índice de tabulação:  Campo: {0}; Tab {1}";"";"Revisado"
"Epi.Core";"Epi.SharedStrings";"TAB_SET_FIRST";"Set as first tab";"Definir como primeira tabulação";"LONGO";"Revisado"
"Epi.Core";"Epi.SharedStrings";"TAB_START_SETTING_ORDER";"Start setting the tab order...";"Começando a definir a ordem de tabulação…";"";"Revisado"
"Epi.Core";"Epi.SharedStrings";"TABLE_DELETE_ASK";"Do you really want to delete this table";"Você realmente deseja excluir esta tabela?";"";"Revisado"
"Epi.Core";"Epi.SharedStrings";"TABLE_EXISTS_OUTPUT";"Overwrite the existing output table?";"Sobrescrever a tabela de saída existente?";"";""
"Epi.Core";"Epi.SharedStrings";"TABLE_HAS_VIEW";"You can't delete this table because there is an Epi form associated with it.";"Você não pode excluir esta tabela, porque há um formulário Epi associado a ela.";"";""
"Epi.Core";"Epi.SharedStrings";"TABLE_HAS_VIEWS";"You can't delete this table because there are couple Epi forms associated with it.";"Você não pode excluir esta tabela, porque existem formulários Epi associados a ela.";"";""
"Epi.Core";"Epi.SharedStrings";"TABLE_NOT_FOUND";"Table not found";"Tabela não encontrada";"";"Revisado"
"Epi.Core";"Epi.SharedStrings";"TABLES_CHI_SQUARE_NOT_VALID";"An expected value is < 5. Chi-squared may not be a valid test.";"Um valor esperado é < 5. O qui-quadrado pode não ser um teste válido.";"";"Revisado"
"Epi.Core";"Epi.SharedStrings";"TABS";"Tabs";"Tabulação";"";""
"Epi.Core";"Epi.SharedStrings";"TEMPLATE_CANNOT_READ_FILE";"Cannot read file from disk.  Make sure it is a valid Epi Info template file.";"Não é possível ler o arquivo. Certifique-se de que é um arquivo de modelo Epi Info válido.";"";""
"Epi.Core";"Epi.SharedStrings";"TEMPLATE_FIELDS_OVERLAP";"Fields will overlap";"Os campos vão se sobrepor";"";"Revisado"
"Epi.Core";"Epi.SharedStrings";"TEMPLATE_FIELDS_OVERLAP_CONFIRM";"The fields will overlap. Do you really want to drop this template?";"Os campos vão se sobrepor. Deseja realmente soltar este modelo aqui?";"";"Revisado"
"Epi.Core";"Epi.SharedStrings";"TEMPLATE_GET_ALREADY_EXISTS";"A template already exists with this name: ";"Já existe um modelo com este nome: ";"";"Revisado"
"Epi.Core";"Epi.SharedStrings";"TEMPLATE_GET_CANCEL";"Click Cancel to exit without getting the template.";"Clique em Cancelar para sair sem receber o modelo.";"";""
"Epi.Core";"Epi.SharedStrings";"TEMPLATE_GET_NO_OVERWRITE";"Click No to overwrite the existing template.";"Clique em Não para substituir o modelo existente.";"";""
"Epi.Core";"Epi.SharedStrings";"TEMPLATE_GET_RENAME_TEMPLATE";"Do you want to rename the template you are getting?";"Deseja renomear o modelo que você está recebendo?";"";"Revisado"
"Epi.Core";"Epi.SharedStrings";"TEMPLATE_GET_TITLE";"Replace Existing Template?";"Substituir o Modelo Existente?";"";""
"Epi.Core";"Epi.SharedStrings";"TEMPLATE_GET_YES_RENAME";"Click Yes to use this name instead:";"Clique em Sim para usar este nome:";"";"Revisado"
"Epi.Core";"Epi.SharedStrings";"TOKEN_EXCEPTION";"Invalid token ({0}) found in checkcode";"Token inválido ({0}) encontrado no código de verificação";"";""
"Epi.Core";"Epi.SharedStrings";"TOTAL";"TOTAL";"TOTAL";"";""
"Epi.Core";"Epi.SharedStrings";"TOTAL_IN_CAPS";"TOTAL";"TOTAL";"";""
"Epi.Core";"Epi.SharedStrings";"TWO_BY_TWO_VALUES_TOO_FEW";"There is too little data to compute the 2x2 table.";"Há poucos dados para calcular a tabela 2x2.";"";"Revisado"
"Epi.Core";"Epi.SharedStrings";"TYPE";"Type";"Tipo";"";""
"Epi.Core";"Epi.SharedStrings";"UNABLE_CONNECT_TO_DATABASE";"Unable to connect to database";"Não é possível conectar ao banco de dados.";"PONTUACAO";""
"Epi.Core";"Epi.SharedStrings";"UNABLE_CREATE_2X2";"Unable to create '2x2' table.";"Não foi possível criar a tabela '2x2'.";"";"Revisado"
"Epi.Core";"Epi.SharedStrings";"UNABLE_CREATE_DATABASE";"Unable to create database";"Não é possível criar um banco de dados";"";""
"Epi.Core";"Epi.SharedStrings";"UNABLE_CREATE_GRAPH";"Unable to create graph. No values found to graph.";"Não foi possível criar o gráfico. Nenhum valor encontrado para o gráfico.";"";"Revisado"
"Epi.Core";"Epi.SharedStrings";"UNABLE_READ_PGM";"Unable to read .PGM.";"Não é possível ler .PGM";"";""
"Epi.Core";"Epi.SharedStrings";"UNABLE_TO_INITIALIZE_PROJECT";"Unable to initialize the project.";"Não foi possível inicializar o projeto.";"";"Revisado"
"Epi.Core";"Epi.SharedStrings";"UNABLE_WRITE_PGM";"Unable to write .PGM";"Não é possível gravar .PGM";"";""
"Epi.Core";"Epi.SharedStrings";"UNDEFINED";"Undefined";"Indefinido";"";""
"Epi.Core";"Epi.SharedStrings";"UNEXPECTED_TOKEN";"Unexpected Token";"Token inesperado";"";""
"Epi.Core";"Epi.SharedStrings";"UNIQUE_KEY";"Unique key";"Chave Única";"";""
"Epi.Core";"Epi.SharedStrings";"UNIQUE_RECORD_ID";"UniqueRecordId";"UniqueRecordId";"";""
"Epi.Core";"Epi.SharedStrings";"UNIQUE_ROW_ID";"UniqueRowId";"UniqueRowId";"";"Revisado"
"Epi.Core";"Epi.SharedStrings";"UNIQUEIDENTIFIER";"Unique Identifier";"Identificador Único";"";""
"Epi.Core";"Epi.SharedStrings";"UPDATE_TITLE";"Output Grid (Updateable)";"Grade de Saída (Atualizável)";"";""
"Epi.Core";"Epi.SharedStrings";"UPGRADING_PROJECT";"Upgrading project...";"Atualizando projeto…";"";"Revisado"
"Epi.Core";"Epi.SharedStrings";"UPPER_DATE_RANGE_IS_LOWER";"Upper date range should be greater than lower date range.";"O intervalo superior de datas deve ser maior que o intervalo inferior.";"";"Revisado"
"Epi.Core";"Epi.SharedStrings";"UPPER_NUMBER_RANGE_IS_LOWER";"Upper number range should be greater than lower number range.";"O intervalo numérico superior deve ser maior que o intervalo numérico inferior.";"";"Revisado"
"Epi.Core";"Epi.SharedStrings";"VALIDATING_SOURCE_PROJECT";"Validating source project ...";"Validando projeto de origem…";"";"Revisado"
"Epi.Core";"Epi.SharedStrings";"VALUE_NOT_IN_RANGE";"Value is not in the given range. Minimum Range: {0}  Maximum Range: {1}";"O valor está fora do intervalo permitido. Mínimo: {0}  Máximo: {1}";"";"Revisado"
"Epi.Core";"Epi.SharedStrings";"VAR_NAME_IS_RESERVED";"Invalid variable name;  reserved word.";"Nome de variável inválido; palavra reservada.";"";"Revisado"
"Epi.Core";"Epi.SharedStrings";"VARIABLE_ALREADY_DEFINED";"Variable already defined: {0}";"A variável já está definida: {0}";"";"Revisado"
"Epi.Core";"Epi.SharedStrings";"VARIABLE_NOT_EXIST";"The variable does not exist.";"A variável não existe.";"";"Revisado"
"Epi.Core";"Epi.SharedStrings";"VERSION_NUMBER";"Version number";"Número da Versão";"";""
"Epi.Core";"Epi.SharedStrings";"VIEW_CHECK_CODE";"View &Check Code";"Exibir &Código de Verificação";"LONGO";"Revisado"
"Epi.Core";"Epi.SharedStrings";"VIEW_NAME_BEGIN_INVALID";"Invalid form name: Form names cannot begin with numbers or non-alphanumeric characters.";"Nome de formulário inválido: nomes de formulário não podem começar com números ou caracteres não alfanuméricos.";"";"Revisado"
"Epi.Core";"Epi.SharedStrings";"VIEW_NAME_BEGIN_NUMERIC";"Invalid form name: Form names cannot begin with numbers.";"Nome de formulário inválido: nomes de formulário não podem começar com números.";"";"Revisado"
"Epi.Core";"Epi.SharedStrings";"VIEW_NAME_MISSING";"Invalid form name: Form names cannot be blank.";"Nome de formulário inválido: nomes de formulário não podem estar em branco.";"";"Revisado"
"Epi.Core";"Epi.SharedStrings";"VIEW_NAME_TOO_LONG_AND_INVALID_CHARACTERS";"Invalid form name: The maximum number of characters to be entered must not exceed 64 characters and cannot contain blanks or non-alphanumeric characters.";"Nome de formulário inválido: o número máximo de caracteres não deve exceder 64 e não pode conter espaços em branco ou caracteres não alfanuméricos.";"";"Revisado"
"Epi.Core";"Epi.SharedStrings";"VIEW_NOT_FOUND";"View not found";"Formulário não encontrado";"";"Revisado"
"Epi.Core";"Epi.SharedStrings";"VIEW_VARIABLE";"Form variable";"Variável de Formulário";"";""
"Epi.Core";"Epi.SharedStrings";"VOCABULARY_FIELDS";"Vocabulary Fields";"Campos de Vocabulário";"";""
"Epi.Core";"Epi.SharedStrings";"WARING_RadioButton_Caption_Missing";"Please input all option names.";"Digite os nomes de todas as opções.";"";"Revisado"
"Epi.Core";"Epi.SharedStrings";"WARING_VIEW_NAME_MISSING";"Form Name missing";"Nome do Formulário Ausente";"";"Revisado"
"Epi.Core";"Epi.SharedStrings";"WARNING";"Warning";"Aviso";"";""
"Epi.Core";"Epi.SharedStrings";"WARNING_ADD_RELATE_CONDITION";"Add relate condition please.";"Adicione a condição de relacionamento.";"";"Revisado"
"Epi.Core";"Epi.SharedStrings";"WARNING_ADD_RELATED_VIEW_NAME";"Add Related Form name please.";"Adicione o nome do formulário relacionado.";"";"Revisado"
"Epi.Core";"Epi.SharedStrings";"WARNING_APPLICATION_RUNNING";"Epi Info is already running. Please close all open modules and try again.";"O Epi Info já está em execução. Feche todos os módulos abertos e tente novamente.";"";"Revisado"
"Epi.Core";"Epi.SharedStrings";"WARNING_CANNOT_CONNECT_TO_COLLECTED_DATA_DATABASE";"Unable to connect to collected data database.";"Não é possível conectar ao repositório de dados coletados.";"";"Revisado"
"Epi.Core";"Epi.SharedStrings";"WARNING_CANNOT_CONNECT_TO_METADATA_DATABASE";"Unable to connect to metadata database.";"Não é possível conectar ao banco de dados de metadados.";"";""
"Epi.Core";"Epi.SharedStrings";"WARNING_CANNOT_DELETE_PRIMARY_PAGE";"Primary page cannot be deleted.";"Não é possível excluir a página primária.";"";""
"Epi.Core";"Epi.SharedStrings";"WARNING_CANNOT_DELETE_PRIMARY_VIEW";"Your project must contain at least one form";"O projeto deve conter ao menos um formulário.";"PONTUACAO";""
"Epi.Core";"Epi.SharedStrings";"WARNING_CANNOT_DELETE_THIS_PAGE";"Could not delete page in the database";"Não foi possível excluir a página no banco de dados";"";"Revisado"
"Epi.Core";"Epi.SharedStrings";"WARNING_CANNOT_OPEN_PROGRAM";"Can't open PGM. Please create a PGM to open.";"Não foi possível abrir o PGM. Crie um PGM para abrir.";"";"Revisado"
"Epi.Core";"Epi.SharedStrings";"WARNING_CANNOT_SAVE_BLANK_PGM";"Can't save blank PGM";"Não é possível salvar um PGM em branco";"LONGO";"Revisado"
"Epi.Core";"Epi.SharedStrings";"WARNING_CANNOT_SET_COLLECTED_DATA_TEXT";"Unable to set collected data text.";"Não é possível definir o texto de dados coletados.";"";""
"Epi.Core";"Epi.SharedStrings";"WARNING_CANNOT_SYNCHRONIZE";"There was an error synchronizing the field descriptions made in Form Designer with the data table used in Enter/Analysis.";"Houve um erro ao sincronizar as descrições de campo feitas no Designer de Formulários com a tabela de dados usada no módulo Inserir Dados/Análise.";"";"Revisado"
"Epi.Core";"Epi.SharedStrings";"WARNING_CANNOT_SYNCHRONIZE_ACCESSS";"There was an error synchronizing the field descriptions made in Form Designer with the data table used in  Enter/Analysis. Check to make sure that Microsoft Access does not have the .mdb file opened.";"Houve um erro ao sincronizar as descrições de campo feitas no Designer de Formulários com a tabela de dados usada no módulo Inserir Dados/Análise. Verifique se o Microsoft Access não está com o arquivo .mdb aberto.";"";"Revisado"
"Epi.Core";"Epi.SharedStrings";"WARNING_CHILD_VIEW_NOT_SET";"The selected Related View button is not currently associated with a view. The button can be assigned a child view by changing the properties of the button in the Form Designer tool.";"O botão de formulário relacionado selecionado não está associado a um formulário no momento. É possível atribuir um formulário filho alterando as propriedades do botão na ferramenta Designer de Formulários.";"";"Revisado"
"Epi.Core";"Epi.SharedStrings";"WARNING_COMMAND_SYNTAX_ERROR";"Command syntax error";"Erro de Sintaxe";"";""
"Epi.Core";"Epi.SharedStrings";"WARNING_DELETE_PARENT_VIEW";"This form contains a related form field. Please delete the related forms before deleting this form.";"Este formulário contém um campo de formulário relacionado. Exclua os formulários relacionados antes de excluir este formulário.";"";"Revisado"
"Epi.Core";"Epi.SharedStrings";"WARNING_DELETE_RELATED_VIEW";"Deleting this form will remove the associated related form fields from the parent form. Are you sure you want to delete this form?";"Excluir este formulário removerá do formulário pai os campos de formulário relacionado associados. Tem certeza de que deseja excluir este formulário?";"";"Revisado"
"Epi.Core";"Epi.SharedStrings";"WARNING_DELETE_VIEW_ERROR";"Error during deleting this form in the database";"Erro ao excluir este formulário no banco de dados";"";"Revisado"
"Epi.Core";"Epi.SharedStrings";"WARNING_HIGH_CENSOR_VAL_COUNT";"There are more than two values for the censored variable.";"Existem mais de dois valores para a variável censurada.";"";""
"Epi.Core";"Epi.SharedStrings";"WARNING_MUST_CREATE_TEXT_FIRST";"You must create a text field to link to before creating a Codes field.";"Você deve criar um campo de texto para vincular antes de criar um campo de códigos.";"";"Revisado"
"Epi.Core";"Epi.SharedStrings";"WARNING_Not_FOR_GLOBAL_PERM_VARS";"This feature is not for Permanent and Global Variables";"Este recurso não se aplica a variáveis permanentes e globais";"";"Revisado"
"Epi.Core";"Epi.SharedStrings";"WARNING_OKAY_TO_CLEAR_CLIPBOARD_CAPTION";"Okay to Clear Clipboard?";"Limpar a área de transferência?";"";"Revisado"
"Epi.Core";"Epi.SharedStrings";"WARNING_OKAY_TO_CLEAR_CLIPBOARD_MESSAGE";"You have fields on the clipboard from a cut command that possibly contain data. By continuing with this action, the data corresponding to the cut fields will be lost. Continue?";"Você tem campos na área de transferência de um comando recortar que possivelmente contêm dados. Se continuar com esta ação, os dados correspondentes aos campos recortados serão perdidos. Continuar?";"";"Revisado"
"Epi.Core";"Epi.SharedStrings";"WARNING_PROJECT_MAY_ALREADY_EXIST";"An Epi Info 7 project may already exist in the specified database. Continuing the project creation process will cause the project's metadata to be overwritten.
    
Do you wish to proceed with the creation of the project and overwrite any existing project metadata? This action cannot be undone.";"Um projeto do Epi Info 7 pode já existir no banco de dados especificado. Continuar o processo de criação do projeto fará com que os metadados do projeto sejam sobrescritos.

Deseja prosseguir com a criação do projeto e sobrescrever os metadados de projeto existentes? Esta ação não pode ser desfeita.";"";"Revisado"
"Epi.Core";"Epi.SharedStrings";"WARNING_PROJECT_MAY_ALREADY_EXIST_SHORT";"Overwrite existing Epi Info 7 project metadata";"Sobrescrever os metadados existentes do projeto Epi Info 7";"";"Revisado"
"Epi.Core";"Epi.SharedStrings";"WARNING_RECODE_GROUP_OVERSIZE";"Recode cannot handle over 105 groups.";"A recodificação não consegue lidar com mais de 105 grupos.";"";"Revisado"
"Epi.Core";"Epi.SharedStrings";"WARNING_UNEXPECTED_TOKEN";"Unexpected token: {0}";"Token inesperado: {0}";"";"Revisado"
"Epi.Core";"Epi.SharedStrings";"WARNING_VARIABLE_NOT_DEFINED";"Warning--Variable not defined:";"Aviso--Variável não definida:";"";"Revisado"
"Epi.Core";"Epi.SharedStrings";"WEBENTER_EMAIL_FORMAT";"Email address must include the @ symbol followed by the domain name as in someone@someplace.com.";"O endereço de e-mail deve incluir o símbolo @ seguido do nome do domínio, como em alguem@algumlugar.com.";"";"Revisado"
"Epi.Core";"Epi.SharedStrings";"WEBENTER_EMAIL_REQUIRED";"Email address is required.";"O endereço de e-mail é obrigatório.";"";"Revisado"
"Epi.Core";"Epi.SharedStrings";"WEBENTER_FORMID";"Form ID needed to access the form.";"O ID do formulário é necessário para acessar o formulário.";"";"Revisado"
"Epi.Core";"Epi.SharedStrings";"WEBENTER_INVALID_LOGIN";"Credentials not valid. Verify email address and password and try again.";"Credenciais inválidas. Verifique o endereço de e-mail e a senha e tente novamente.";"";"Revisado"
"Epi.Core";"Epi.SharedStrings";"WEBENTER_LOGIN_AGAIN";"Email address or password is not valid. Verify log in information and try again.";"O endereço de e-mail ou a senha não é válido. Verifique as informações de login e tente novamente.";"";"Revisado"
"Epi.Core";"Epi.SharedStrings";"WEBENTER_PW_REQUIRED";"Password is required.";"A senha é obrigatória.";"";"Revisado"
"Epi.Core";"Epi.SharedStrings";"WEBENTER_URLTOLOGIN";"URL to log in to Epi Info Cloud Data Capture.";"URL para fazer login no Epi Info Cloud Data Capture.";"";"Revisado"
"Epi.Core";"Epi.SharedStrings";"WEBFORM_DEPARTMENT";"Your Department Name";"Nome do seu departamento";"";"Revisado"
"Epi.Core";"Epi.SharedStrings";"WEBFORM_EXITTEXT";"Add a 'Thank You' or other closing message for the survey.";"Adicione uma mensagem de agradecimento ou outra mensagem de encerramento para a pesquisa.";"";"Revisado"
"Epi.Core";"Epi.SharedStrings";"WEBFORM_FUTUREDATE";"Survey closing date must be a future date.";"A data de encerramento da pesquisa deve ser uma data futura.";"";"Revisado"
"Epi.Core";"Epi.SharedStrings";"WEBFORM_GIVETITLE";"Please give your survey a title.";"Dê um título à sua pesquisa.";"";"Revisado"
"Epi.Core";"Epi.SharedStrings";"WEBFORM_INTRODUCTIONTEXT";"Write an introduction to your survey here.";"Escreva aqui uma introdução para a sua pesquisa.";"";"Revisado"
"Epi.Core";"Epi.SharedStrings";"WEBFORM_MENU_PUB_WEB";"Publish Form to Web Survey";"Publicar Formulário no Web Survey";"";"Revisado"
"Epi.Core";"Epi.SharedStrings";"WEBFORM_MENU_PUB_WEBENTER";"Publish Form to Cloud Data Capture";"Publicar Formulário no Cloud Data Capture";"";"Revisado"
"Epi.Core";"Epi.SharedStrings";"WEBFORM_MENU_REPUB_WEB";"Republish Form to Web Survey";"Republicar Formulário no Web Survey";"";"Revisado"
"Epi.Core";"Epi.SharedStrings";"WEBFORM_MENU_REPUB_WEBENTER";"Republish Form to Cloud Data Capture";"Republicar Formulário no Cloud Data Capture";"";"Revisado"
"Epi.Core";"Epi.SharedStrings";"WEBFORM_ORG_KEY_REPUBLISH";"The organization key is required for security purposes before you can republish this survey.";"A chave da organização é necessária, por segurança, antes que você possa republicar esta pesquisa.";"";"Revisado"
"Epi.Core";"Epi.SharedStrings";"WEBFORM_ORG_KEY_SUCCESSFUL";"The organization key has been successfully submitted!";"A chave da organização foi enviada com sucesso!";"";"Revisado"
"Epi.Core";"Epi.SharedStrings";"WEBFORM_ORGANIZATION";"Your Organization Name (optional)";"Nome da sua organização (opcional)";"";"Revisado"
"Epi.Core";"Epi.SharedStrings";"WEBFORM_ORGANIZATION_KEY";"A valid organization key must be supplied.";"Uma chave de organização válida deve ser fornecida.";"";""
"Epi.Core";"Epi.SharedStrings";"WEBFORM_PUBWOEXIT";"You haven't added a closing message. Publish anyway?";"Você não adicionou uma mensagem de encerramento. Publicar mesmo assim?";"";"Revisado"
"Epi.Core";"Epi.SharedStrings";"WEBFORM_SECURITYTOKEN";"Security Token required for importing data:";"Token de segurança necessário para importar dados:";"";"Revisado"
"Epi.Core";"Epi.SharedStrings";"WEBFORM_STARTDATE";"Survey Start Date {0} cannot be greater than Closing Date {1}";"A data de início da pesquisa {0} não pode ser posterior à data de encerramento {1}";"";"Revisado"
"Epi.Core";"Epi.SharedStrings";"WEBFORM_SUCCESS";"Your survey published successfully.";"Sua pesquisa foi publicada com sucesso.";"";"Revisado"
"Epi.Core";"Epi.SharedStrings";"WEBFORM_SURVEYID";"Your Survey ID (optional)";"ID da sua pesquisa (opcional)";"";"Revisado"
"Epi.Core";"Epi.SharedStrings";"WEBFORM_SURVEYKEY";"Survey Key needed to access the survey:";"Chave da pesquisa necessária para acessar a pesquisa:";"";"Revisado"
"Epi.Core";"Epi.SharedStrings";"WEBFORM_TITLE";"Give Your Survey a Title (required)";"Dê um título à sua pesquisa (obrigatório)";"";"Revisado"
"Epi.Core";"Epi.SharedStrings";"WEBFORM_URLTOSEND";"URL to send to respondents:";"URL a ser enviada aos respondentes:";"";"Revisado"
"Epi.Core";"Epi.SharedStrings";"WEBSURVEY_MODE_DRAFT";"Survey mode updated to DRAFT.";"Modo da pesquisa atualizado para RASCUNHO.";"";"Revisado"
"Epi.Core";"Epi.SharedStrings";"WEBSURVEY_MODE_FINAL";"Survey mode updated to FINAL.";"Modo da pesquisa atualizado para FINAL.";"";"Revisado"
"Epi.Core";"Epi.SharedStrings";"WEBSURVEY_PING_ERROR";"Error: Ping not successful.";"Erro: falha no ping.";"";"Revisado"
"Epi.Core";"Epi.SharedStrings";"WEBSURVEY_PING_SUCCESS";"Ping was successful.";"O ping foi bem-sucedido.";"";"Revisado"
"Epi.Core";"Epi.SharedStrings";"WEBSURVEY_SETTINGS_INVALID";"One or more settings are invalid. Enter the correct settings and try again.";"Uma ou mais configurações são inválidas. Informe as configurações corretas e tente novamente.";"";"Revisado"
"Epi.Core";"Epi.SharedStrings";"WEBSURVEY_UPDATE_SUCCESS";"Form update successful.";"Formulário atualizado com sucesso.";"";"Revisado"
"Epi.Core";"Epi.SharedStrings";"WORD_ALL";"ALL";"ALL";"";"Revisado"
"Epi.Core";"Epi.SharedStrings";"XML";"XML";"XML";"";""
"Epi.Data.MySQL";"Epi.Data.MySQL.Forms.ConnectionStringDialog";"$this.Text";"Database Connection";"Conexão com o banco de dados";"";"Revisado"
"Epi.Data.MySQL";"Epi.Data.MySQL.Forms.ConnectionStringDialog";"btnCancel.Text";"Cancel";"Cancelar";"";""
"Epi.Data.MySQL";"Epi.Data.MySQL.Forms.ConnectionStringDialog";"btnOK.Text";"OK";"OK";"";"Revisado"
"Epi.Data.MySQL";"Epi.Data.MySQL.Forms.ConnectionStringDialog";"cmbServerName.Text";"localhost";"localhost";"NAO_TRADUZIDO";""
"Epi.Data.MySQL";"Epi.Data.MySQL.Forms.ConnectionStringDialog";"label1.Text";"Port:";"Porta:";"";"Revisado"
"Epi.Data.MySQL";"Epi.Data.MySQL.Forms.ConnectionStringDialog";"lblDatabaseName.Text";"&Database name:";"Nome do &banco de dados:";"";"Revisado"
"Epi.Data.MySQL";"Epi.Data.MySQL.Forms.ConnectionStringDialog";"lblInstructions.Text";"Enter information to connect to a MySQL database.";"Informe os dados para conectar a um banco de dados MySQL.";"";"Revisado"
"Epi.Data.MySQL";"Epi.Data.MySQL.Forms.ConnectionStringDialog";"lblPassword.Text";"Password:";"Senha:";"";""
"Epi.Data.MySQL";"Epi.Data.MySQL.Forms.ConnectionStringDialog";"lblServerName.Text";"&Server name:";"Nome do &servidor:";"";"Revisado"
"Epi.Data.MySQL";"Epi.Data.MySQL.Forms.ConnectionStringDialog";"lblUserName.Text";"Username:";"Nome de usuário:";"";""
"Epi.Data.PostgreSQL";"Epi.Data.PostgreSQL.Forms.ConnectionStringDialog";"$this.Text";"Database Connection";"Conexão com o banco de dados";"";"Revisado"
"Epi.Data.PostgreSQL";"Epi.Data.PostgreSQL.Forms.ConnectionStringDialog";"btnCancel.Text";"Cancel";"Cancelar";"";"Revisado"
"Epi.Data.PostgreSQL";"Epi.Data.PostgreSQL.Forms.ConnectionStringDialog";"btnOK.Text";"OK";"OK";"";""
"Epi.Data.PostgreSQL";"Epi.Data.PostgreSQL.Forms.ConnectionStringDialog";"cmbServerName.Text";"localhost";"localhost";"NAO_TRADUZIDO";""
"Epi.Data.PostgreSQL";"Epi.Data.PostgreSQL.Forms.ConnectionStringDialog";"label1.Text";"Port:";"Porta:";"";"Revisado"
"Epi.Data.PostgreSQL";"Epi.Data.PostgreSQL.Forms.ConnectionStringDialog";"lblDatabaseName.Text";"&Database name:";"Nome do &banco de dados:";"";"Revisado"
"Epi.Data.PostgreSQL";"Epi.Data.PostgreSQL.Forms.ConnectionStringDialog";"lblInstructions.Text";"Enter information to connect to a PostgreSQL database.";"Informe os dados para conectar a um banco de dados PostgreSQL.";"";"Revisado"
"Epi.Data.PostgreSQL";"Epi.Data.PostgreSQL.Forms.ConnectionStringDialog";"lblPassword.Text";"Password:";"Senha:";"";"Revisado"
"Epi.Data.PostgreSQL";"Epi.Data.PostgreSQL.Forms.ConnectionStringDialog";"lblServerName.Text";"&Server name:";"Nome do &servidor:";"";"Revisado"
"Epi.Data.PostgreSQL";"Epi.Data.PostgreSQL.Forms.ConnectionStringDialog";"lblUserName.Text";"Username:";"Nome de usuário:";"";"Revisado"
"Epi.Data.SqlServer";"Epi.Data.SqlServer.Forms.ConnectionStringDialog";"$this.Text";"Database Connection";"Conexão com o banco de dados";"";"Revisado"
"Epi.Data.SqlServer";"Epi.Data.SqlServer.Forms.ConnectionStringDialog";"btnCancel.Text";"Cancel";"Cancelar";"";""
"Epi.Data.SqlServer";"Epi.Data.SqlServer.Forms.ConnectionStringDialog";"btnOK.Text";"OK";"OK";"";"Revisado"
"Epi.Data.SqlServer";"Epi.Data.SqlServer.Forms.ConnectionStringDialog";"btnTest.Text";"Test";"Testar";"";"Revisado"
"Epi.Data.SqlServer";"Epi.Data.SqlServer.Forms.ConnectionStringDialog";"groupBoxAuthentication.Text";"Authentication";"Autenticação";"";""
"Epi.Data.SqlServer";"Epi.Data.SqlServer.Forms.ConnectionStringDialog";"lblDatabaseName.Text";"&Database name:";"Nome do &banco de dados:";"";"Revisado"
"Epi.Data.SqlServer";"Epi.Data.SqlServer.Forms.ConnectionStringDialog";"lblInstructions.Text";"Enter information to connect to the selected data source.";"Informe os dados para conectar à fonte de dados selecionada.";"";"Revisado"
"Epi.Data.SqlServer";"Epi.Data.SqlServer.Forms.ConnectionStringDialog";"lblPassword.Text";"&Password:";"&Senha:";"";"Revisado"
"Epi.Data.SqlServer";"Epi.Data.SqlServer.Forms.ConnectionStringDialog";"lblServerName.Text";"&Server name:";"Nome do ser&vidor:";"";"Revisado"
"Epi.Data.SqlServer";"Epi.Data.SqlServer.Forms.ConnectionStringDialog";"lblUserName.Text";"&Login:";"&Login:";"NAO_TRADUZIDO";"Revisado"
"Epi.Data.SqlServer";"Epi.Data.SqlServer.Forms.ConnectionStringDialog";"rdbSqlAuthentication.Text";"Use SQL Server Authentication";"Usar a autenticação do SQL Server";"";"Revisado"
"Epi.Data.SqlServer";"Epi.Data.SqlServer.Forms.ConnectionStringDialog";"rdbWindowsAuthentication.Text";"Use Windows Authentication";"Usar Autenticação do Windows";"";""
"Epi.ImportExport";"Epi.ImportExport.ImportExportSharedStrings";"CODE";"Code";"Código";"";""
"Epi.ImportExport";"Epi.ImportExport.ImportExportSharedStrings";"COLLECTED_DATA_COPY_END";"Collected data repository copy created successfully.";"A cópia do repositório de dados coletados foi criada com sucesso.";"";"Revisado"
"Epi.ImportExport";"Epi.ImportExport.ImportExportSharedStrings";"COLLECTED_DATA_COPY_START";"Creating copy of collected data repository...";"Criando cópia do repositório de dados coletados…";"";"Revisado"
"Epi.ImportExport";"Epi.ImportExport.ImportExportSharedStrings";"COLUMN_DATA_REMOVAL_END";"All data removed from the specified columns.";"Todos os dados das colunas especificadas foram removidos.";"";"Revisado"
"Epi.ImportExport";"Epi.ImportExport.ImportExportSharedStrings";"COLUMN_DATA_REMOVAL_END_WITH_WARNING";"Warning: Some column data was not removed.";"Aviso: alguns dados de coluna não foram removidos.";"";"Revisado"
"Epi.ImportExport";"Epi.ImportExport.ImportExportSharedStrings";"COLUMN_DATA_REMOVAL_FAIL";"Warning: The program was unable to remove the data in column [{0}] located in table [{1}]. This data will be present in the encrypted package that is created.";"Aviso: não foi possível remover os dados da coluna [{0}] da tabela [{1}]. Esses dados estarão presentes no pacote criptografado que será criado.";"";"Revisado"
"Epi.ImportExport";"Epi.ImportExport.ImportExportSharedStrings";"COLUMN_DATA_REMOVAL_START";"Attempting to remove data from specified columns...";"Tentando remover os dados das colunas especificadas…";"";"Revisado"
"Epi.ImportExport";"Epi.ImportExport.ImportExportSharedStrings";"COLUMN_DATA_REMOVAL_SUCCESS";"Data in column [{0}] in table [{1}] was removed successfully.";"Os dados da coluna [{0}] da tabela [{1}] foram removidos com sucesso.";"";"Revisado"
"Epi.ImportExport";"Epi.ImportExport.ImportExportSharedStrings";"CONDITION_ALREADY_ADDED";"This condition has already been added.";"Esta condição já foi adicionada.";"";"Revisado"
"Epi.ImportExport";"Epi.ImportExport.ImportExportSharedStrings";"CREATED_DATA_TABLE_FOR_FORM";"Created data table for form [{0}].";"Tabela de dados criada para o formulário [{0}].";"";"Revisado"
"Epi.ImportExport";"Epi.ImportExport.ImportExportSharedStrings";"CREATED_DATA_TABLE_FOR_FORM_VERBOSE";"The packager detected that form {0} did not have a data table; one has been created for it in the data package.";"O empacotador detectou que o formulário {0} não tinha tabela de dados e criou uma no pacote de dados.";"";"Revisado"
"Epi.ImportExport";"Epi.ImportExport.ImportExportSharedStrings";"ERROR";"Error";"Erro";"";""
"Epi.ImportExport";"Epi.ImportExport.ImportExportSharedStrings";"ERROR_CODE_TABLE_PROJECT_IMPORT_NOT_ALLOWED";"Cannot currently import lists from projects.";"No momento, não é possível importar listas de projetos.";"";"Revisado"
"Epi.ImportExport";"Epi.ImportExport.ImportExportSharedStrings";"ERROR_CODE_TABLE_QUERY_IMPORT_NOT_ALLOWED";"Cannot currently import lists from SQL queries.";"No momento, não é possível importar listas de consultas SQL.";"";"Revisado"
"Epi.ImportExport";"Epi.ImportExport.ImportExportSharedStrings";"ERROR_DESCENDANT_FIELD_MISMATCH_DEST";"The field type for {0} in the destination descendant form {1} doesn't match the field type in the source form. The import has been halted.";"O tipo do campo {0} no formulário descendente de destino {1} não corresponde ao tipo do campo no formulário de origem. A importação foi interrompida.";"";"Revisado"
"Epi.ImportExport";"Epi.ImportExport.ImportExportSharedStrings";"ERROR_DESCENDANT_FIELD_NOT_FOUND";"The field {0} was not found in the destination descendant form {1}. It will be skipped during the import.";"O campo {0} não foi encontrado no formulário descendente de destino {1}. Ele será ignorado durante a importação.";"";"Revisado"
"Epi.ImportExport";"Epi.ImportExport.ImportExportSharedStrings";"ERROR_DESCENDANT_FIELD_NOT_FOUND_SOURCE";"The field {0} was not found in the source descendant form {1}. It will be skipped during the import.";"O campo {0} não foi encontrado no formulário descendente de origem {1}. Ele será ignorado durante a importação.";"";"Revisado"
"Epi.ImportExport";"Epi.ImportExport.ImportExportSharedStrings";"ERROR_DESCENDANT_FIELD_PAGE_ORDER_MISMATCH";"The field {0} on descendant form {1} in the source data is on a page with a mismatched page order relative to its corresponding destination field. Please ensure that the two fields appear on the same page and that the page ordering of the two forms are the same. The import has been halted.";"O campo {0} do formulário descendente {1}, nos dados de origem, está em uma página com ordem diferente da do campo de destino correspondente. Verifique se os dois campos aparecem na mesma página e se a ordem das páginas dos dois formulários é a mesma. A importação foi interrompida.";"";"Revisado"
"Epi.ImportExport";"Epi.ImportExport.ImportExportSharedStrings";"ERROR_DESCENDANT_FORM_NAMES_DIFFER";"The form names are different for a descendant form in the form hierarchy. Please ensure all descendant forms are named the same in both the source and the destination. The import has been halted.";"Os nomes dos formulários descendentes na hierarquia são diferentes. Verifique se todos os formulários descendentes têm o mesmo nome na origem e no destino. A importação foi interrompida.";"";"Revisado"
"Epi.ImportExport";"Epi.ImportExport.ImportExportSharedStrings";"ERROR_DESCENDANT_FORM_TABLE_NAMES_DIFFER";"The form data table names are different for descendant forms {0}. The import has been halted.";"Os nomes das tabelas de dados dos formulários descendentes {0} são diferentes. A importação foi interrompida.";"";"Revisado"
"Epi.ImportExport";"Epi.ImportExport.ImportExportSharedStrings";"ERROR_DESCENDANT_IMAGE_FIELD";"The field {0} on descendant form {1} is an image field. Image fields are not supported for importing and will be skipped.";"O campo {0} do formulário descendente {1} é um campo de imagem. Campos de imagem não são compatíveis com a importação e serão ignorados.";"";"Revisado"
"Epi.ImportExport";"Epi.ImportExport.ImportExportSharedStrings";"ERROR_DESCENDANT_PAGE_COUNT_DIFFERENT";"The number of pages on descendant forms {0} is different between the source and destination. This is not supported. The import has been halted.";"O número de páginas dos formulários descendentes {0} é diferente entre a origem e o destino. Isso não é permitido. A importação foi interrompida.";"";"Revisado"
"Epi.ImportExport";"Epi.ImportExport.ImportExportSharedStrings";"ERROR_DIRECTORY_DOESNT_EXIST";"The selected package directory does not exist.";"O diretório de pacotes selecionado não existe.";"";"Revisado"
"Epi.ImportExport";"Epi.ImportExport.ImportExportSharedStrings";"ERROR_EXPORT_CANNOT_OVERWRITE_FORM_TABLE";"Cannot overwrite a table that is associated with Epi Info 7 form data.";"Não é possível sobrescrever uma tabela associada a dados de formulário do Epi Info 7.";"";"Revisado"
"Epi.ImportExport";"Epi.ImportExport.ImportExportSharedStrings";"ERROR_EXPORT_CANNOT_OVERWRITE_META";"Cannot overwrite a metadata table.";"Não é possível sobrescrever uma tabela de metadados.";"";""
"Epi.ImportExport";"Epi.ImportExport.ImportExportSharedStrings";"ERROR_EXPORT_CANNOT_USE_EXISTING_FORM_NAME";"Cannot use a table name that matches a form name or may become a page table name.";"Não é possível usar um nome de tabela igual ao nome de um formulário ou que possa se tornar o nome de uma tabela de página.";"";"Revisado"
"Epi.ImportExport";"Epi.ImportExport.ImportExportSharedStrings";"ERROR_FIELD_MISMATCH_DEST";"The field type for {0} in the destination form doesn't match the field type in the source form. The import has been halted.";"O tipo do campo {0} no formulário de destino não corresponde ao tipo do campo no formulário de origem. A importação foi interrompida.";"";"Revisado"
"Epi.ImportExport";"Epi.ImportExport.ImportExportSharedStrings";"ERROR_FIELD_NAME_INVALID";"The field name for {0} in the source form is invalid.";"O nome do campo {0} no formulário de origem é inválido.";"";"Revisado"
"Epi.ImportExport";"Epi.ImportExport.ImportExportSharedStrings";"ERROR_FIELD_NAME_RESERVED_WORD";"The field name for {0} in the source form is a reserved word. The import has been halted.";"O nome do campo {0} no formulário de origem é uma palavra reservada. A importação foi interrompida.";"";"Revisado"
"Epi.ImportExport";"Epi.ImportExport.ImportExportSharedStrings";"ERROR_FIELD_NOT_FOUND";"The field {0} was not found in the destination form. It will be skipped during the import.";"O campo {0} não foi encontrado no formulário de destino. Ele será ignorado durante a importação.";"";"Revisado"
"Epi.ImportExport";"Epi.ImportExport.ImportExportSharedStrings";"ERROR_FIELD_NOT_FOUND_SOURCE";"The field {0} was not found in the source form. It will be skipped during the import.";"O campo {0} não foi encontrado no formulário de origem. Ele será ignorado durante a importação.";"";"Revisado"
"Epi.ImportExport";"Epi.ImportExport.ImportExportSharedStrings";"ERROR_FIELD_PAGE_ORDER_MISMATCH";"The field {0} in the source data is on a page with a mismatched page order relative to its corresponding destination field. Please ensure that the two fields appear on the same page and that the page ordering of the two forms are the same. The import has been halted.";"O campo {0} dos dados de origem está em uma página com ordem diferente da do campo de destino correspondente. Verifique se os dois campos aparecem na mesma página e se a ordem das páginas dos dois formulários é a mesma. A importação foi interrompida.";"";"Revisado"
"Epi.ImportExport";"Epi.ImportExport.ImportExportSharedStrings";"ERROR_FORM_NAMES_DIFFER";"The form names are different. The import has been halted.";"Os nomes dos formulários são diferentes. A importação foi interrompida.";"";"Revisado"
"Epi.ImportExport";"Epi.ImportExport.ImportExportSharedStrings";"ERROR_FORM_NOT_DESCENDENT";"The view for which GUIDs are being populated is not a descendant of anything.";"O formulário para o qual os GUIDs estão sendo preenchidos não é descendente de nenhum outro.";"";"Revisado"
"Epi.ImportExport";"Epi.ImportExport.ImportExportSharedStrings";"ERROR_FORM_TABLE_NAMES_DIFFER";"The form data table names are different. The import has been halted.";"Os nomes das tabelas de dados dos formulários são diferentes. A importação foi interrompida.";"";"Revisado"
"Epi.ImportExport";"Epi.ImportExport.ImportExportSharedStrings";"ERROR_GRID_COLUMN";"Error: The data type for grid column {0} is not recognized as valid.";"Erro: o tipo de dados da coluna de grade {0} não é reconhecido como válido.";"";"Revisado"
"Epi.ImportExport";"Epi.ImportExport.ImportExportSharedStrings";"ERROR_GRID_COLUMN_MISMATCH";"Column data type mismatch found for grid field {0} in column {1}. Expected type is {2}, but found {3}.";"Tipo de dados incompatível na coluna {1} do campo de grade {0}. O tipo esperado é {2}, mas foi encontrado {3}.";"";"Revisado"
"Epi.ImportExport";"Epi.ImportExport.ImportExportSharedStrings";"ERROR_GRID_COLUMN_MISSING";"Grid column {0} in grid field {1} was not found in the data package.";"A coluna de grade {0} do campo de grade {1} não foi encontrada no pacote de dados.";"";"Revisado"
"Epi.ImportExport";"Epi.ImportExport.ImportExportSharedStrings";"ERROR_IMAGE_FIELD";"The field {0} is an image field. Image fields are not supported for importing and will be skipped.";"O campo {0} é um campo de imagem. Campos de imagem não são compatíveis com a importação e serão ignorados.";"";"Revisado"
"Epi.ImportExport";"Epi.ImportExport.ImportExportSharedStrings";"ERROR_INIT_VECTOR_LENGTH";"The specified initialization vector value is not 16 characters long.";"O vetor de inicialização especificado não tem 16 caracteres.";"";"Revisado"
"Epi.ImportExport";"Epi.ImportExport.ImportExportSharedStrings";"ERROR_INVALID_SELECT_QUERY";"The SQL statement for this Select Query is invalid. Select queries must start with the SELECT keyword.";"A instrução SQL desta consulta de seleção é inválida. As consultas de seleção devem começar com a palavra-chave SELECT.";"";"Revisado"
"Epi.ImportExport";"Epi.ImportExport.ImportExportSharedStrings";"ERROR_ITERATIONS_COUNT";"The specified number of iterations is invalid.";"O número de iterações especificado é inválido.";"";"Revisado"
"Epi.ImportExport";"Epi.ImportExport.ImportExportSharedStrings";"ERROR_KEY_INVALID";"One or more keys is invalid.";"Uma ou mais chaves são inválidas.";"";"Revisado"
"Epi.ImportExport";"Epi.ImportExport.ImportExportSharedStrings";"ERROR_NO_ENDPOINT";"No web survey endpoint address has been specified. Enter the endpoint address using the Epi Info 7 Options menu.";"Nenhum endereço de endpoint do Web Survey foi informado. Informe o endereço do endpoint no menu Opções do Epi Info 7.";"";"Revisado"
"Epi.ImportExport";"Epi.ImportExport.ImportExportSharedStrings";"ERROR_NO_FORM";"A form within the given project has not been specified for packaging.";"Nenhum formulário do projeto foi especificado para o empacotamento.";"";"Revisado"
"Epi.ImportExport";"Epi.ImportExport.ImportExportSharedStrings";"ERROR_NO_ORG_KEY";"No organization key specified.";"Nenhuma chave da organização foi informada.";"";"Revisado"
"Epi.ImportExport";"Epi.ImportExport.ImportExportSharedStrings";"ERROR_NO_PACKAGE";"No project has been specified for packaging.";"Nenhum projeto foi especificado para o empacotamento.";"";"Revisado"
"Epi.ImportExport";"Epi.ImportExport.ImportExportSharedStrings";"ERROR_NO_PACKAGE_SELECTED";"A data package has not been selected.";"Nenhum pacote de dados foi selecionado.";"";"Revisado"
"Epi.ImportExport";"Epi.ImportExport.ImportExportSharedStrings";"ERROR_NO_PATH";"No file path specified.";"Nenhum caminho de arquivo foi informado.";"";"Revisado"
"Epi.ImportExport";"Epi.ImportExport.ImportExportSharedStrings";"ERROR_NO_SECURITY_TOKEN";"No security token specified.";"Nenhum token de segurança foi informado.";"";"Revisado"
"Epi.ImportExport";"Epi.ImportExport.ImportExportSharedStrings";"ERROR_NO_SURV_KEY";"No web survey key specified.";"Nenhuma chave do Web Survey foi informada.";"";"Revisado"
"Epi.ImportExport";"Epi.ImportExport.ImportExportSharedStrings";"ERROR_OUT_OF_MEMORY_CODE_TABLE";"Out of memory - the code table being read is likely too long.";"Memória insuficiente: a tabela de códigos que está sendo lida provavelmente é longa demais.";"";"Revisado"
"Epi.ImportExport";"Epi.ImportExport.ImportExportSharedStrings";"ERROR_PACKAGE_DOESNT_EXIST";"The selected package file does not exist.";"O arquivo de pacote selecionado não existe.";"";"Revisado"
"Epi.ImportExport";"Epi.ImportExport.ImportExportSharedStrings";"ERROR_PACKAGE_NAME_HAS_INVALID_CHARACTER";"The package name contains an invalid character: {0}";"O nome do pacote contém um caractere inválido: {0}";"";""
"Epi.ImportExport";"Epi.ImportExport.ImportExportSharedStrings";"ERROR_PACKAGE_PATH_DOESNT_EXIST";"The specified package path does not exist.";"O caminho de pacote especificado não existe.";"";"Revisado"
"Epi.ImportExport";"Epi.ImportExport.ImportExportSharedStrings";"ERROR_PACKAGER_CHECK_CODE_TABLE_FORM";"A code table reference is set up as a form in this project. Code tables may only be implemented as standalone data tables for data packaging purposes. The packaging cannot proceed.";"Uma referência a tabela de códigos está configurada como formulário neste projeto. Para o empacotamento, as tabelas de códigos só podem ser implementadas como tabelas de dados independentes. Não é possível continuar o empacotamento.";"";"Revisado"
"Epi.ImportExport";"Epi.ImportExport.ImportExportSharedStrings";"ERROR_PACKAGER_CHECK_GUID_NOT_UNIQUE";"The GlobalRecordId field in the source form is not unique. The packaging cannot proceed.";"O campo GlobalRecordId do formulário de origem não é único. Não é possível continuar o empacotamento.";"";"Revisado"
"Epi.ImportExport";"Epi.ImportExport.ImportExportSharedStrings";"ERROR_PACKAGER_CHECK_GUID_NOT_UNIQUE_PAGE";"The GlobalRecordId field on page {0} is not unique. The packaging cannot proceed.";"O campo GlobalRecordId da página {0} não é único. Não é possível continuar o empacotamento.";"";"Revisado"
"Epi.ImportExport";"Epi.ImportExport.ImportExportSharedStrings";"ERROR_PACKAGER_CHECK_INVALID_GUID_COLUMN";"The GlobalRecordId field in the source project is invalid. It must be implemented as a text column.";"O campo GlobalRecordId do projeto de origem é inválido. Ele deve ser implementado como uma coluna de texto.";"";"Revisado"
"Epi.ImportExport";"Epi.ImportExport.ImportExportSharedStrings";"ERROR_PACKAGER_CHECK_INVALID_RECSTATUS_COLUMN";"The RecStatus field in the source project is invalid. It must be implemented as an integer column.";"O campo RecStatus do projeto de origem é inválido. Ele deve ser implementado como uma coluna de números inteiros.";"";"Revisado"
"Epi.ImportExport";"Epi.ImportExport.ImportExportSharedStrings";"ERROR_PACKAGER_CHECK_INVALID_UNIQUEKEY_COLUMN";"The UniqueKey field in the source project is invalid. It must be implemented as an integer autonumber column.";"O campo UniqueKey do projeto de origem é inválido. Ele deve ser implementado como uma coluna de números inteiros com numeração automática.";"";"Revisado"
"Epi.ImportExport";"Epi.ImportExport.ImportExportSharedStrings";"ERROR_PACKAGER_CHECK_RECSTATUS_VALUES_INVALID";"There are invalid values present in the RECSTATUS column. The packaging cannot proceed.";"Há valores inválidos na coluna RECSTATUS. Não é possível continuar o empacotamento.";"";"Revisado"
"Epi.ImportExport";"Epi.ImportExport.ImportExportSharedStrings";"ERROR_PACKAGER_CHECK_RELATED_FORM";"The packaging cannot proceed because the source form is a related form.";"Não é possível continuar o empacotamento porque o formulário de origem é um formulário relacionado.";"";"Revisado"
"Epi.ImportExport";"Epi.ImportExport.ImportExportSharedStrings";"ERROR_PACKAGER_CUSTKEYS_WITH_RELATED";"Custom keys cannot be used when the source form contains child forms.";"Chaves personalizadas não podem ser usadas quando o formulário de origem contém formulários filhos.";"";"Revisado"
"Epi.ImportExport";"Epi.ImportExport.ImportExportSharedStrings";"ERROR_PACKAGER_CUSTOM_MATCH_NOT_USED";"Custom match key will not be used.";"A chave de correspondência personalizada não será usada.";"";"Revisado"
"Epi.ImportExport";"Epi.ImportExport.ImportExportSharedStrings";"ERROR_PACKAGER_MATCH_NOT_FOUND";"Match key not found in this form: {0}  ";"Chave de correspondência não encontrada neste formulário: {0}  ";"";"Revisado"
"Epi.ImportExport";"Epi.ImportExport.ImportExportSharedStrings";"ERROR_PACKAGER_SELECT_CONDITION_COULD_NOT_BE_ADDED";"The condition could not be added. Please check the inputs and try again.";"Não foi possível adicionar a condição. Verifique os dados informados e tente novamente.";"";"Revisado"
"Epi.ImportExport";"Epi.ImportExport.ImportExportSharedStrings";"ERROR_PAGE_COUNT_DIFFERENT";"The number of pages on both forms is different. This is not supported. The import has been halted.";"O número de páginas dos dois formulários é diferente. Isso não é permitido. A importação foi interrompida.";"";"Revisado"
"Epi.ImportExport";"Epi.ImportExport.ImportExportSharedStrings";"ERROR_PASSWORDS_DONT_MATCH";"The passwords do not match. Please try again.";"As senhas não coincidem. Tente novamente.";"";"Revisado"
"Epi.ImportExport";"Epi.ImportExport.ImportExportSharedStrings";"ERROR_PROJECT_DOESNT_EXIST";"The specified project file does not exist.";"O arquivo de projeto especificado não existe.";"";"Revisado"
"Epi.ImportExport";"Epi.ImportExport.ImportExportSharedStrings";"ERROR_SALT_LENGTH";"The specified salt value is not 32 characters long.";"O valor de salt especificado não tem 32 caracteres.";"";"Revisado"
"Epi.ImportExport";"Epi.ImportExport.ImportExportSharedStrings";"ERROR_SAME_FOLDER";"The data package should not be placed in the same folder as the source project.";"O pacote de dados não deve ser colocado na mesma pasta do projeto de origem.";"";"Revisado"
"Epi.ImportExport";"Epi.ImportExport.ImportExportSharedStrings";"ERROR_SPECIFY_PACKAGE_NAME";"No package name has been specified.";"Nenhum nome de pacote foi especificado.";"";"Revisado"
"Epi.ImportExport";"Epi.ImportExport.ImportExportSharedStrings";"ERROR_SPECIFY_PACKAGE_PATH";"No package path has been specified.";"Nenhum caminho de pacote foi especificado.";"";"Revisado"
"Epi.ImportExport";"Epi.ImportExport.ImportExportSharedStrings";"ERROR_TABLE_TO_FORM_FIELD_NAME_BLANK";"The field name for {0} cannot be blank.";"O nome do campo {0} não pode ficar em branco.";"";"Revisado"
"Epi.ImportExport";"Epi.ImportExport.ImportExportSharedStrings";"ERROR_TABLE_TO_FORM_FIELD_NAME_INVALID";"The field name for {0} is invalid: {1}";"O nome do campo {0} é inválido: {1}";"";"Revisado"
"Epi.ImportExport";"Epi.ImportExport.ImportExportSharedStrings";"ERROR_TABLE_TO_FORM_PAGE_BLANK";"Page number for field {0} is blank.";"O número da página do campo {0} está em branco.";"";"Revisado"
"Epi.ImportExport";"Epi.ImportExport.ImportExportSharedStrings";"ERROR_TABLE_TO_FORM_PAGE_LESS_THAN_ZERO";"Page number for field {0} cannot be less than or equal to zero.";"O número da página do campo {0} não pode ser menor ou igual a zero.";"";"Revisado"
"Epi.ImportExport";"Epi.ImportExport.ImportExportSharedStrings";"ERROR_TABLE_TO_FORM_PROMPT_255";"The prompt for {0} cannot be greater than 255 characters.";"O rótulo do campo {0} não pode ter mais de 255 caracteres.";"";"Revisado"
"Epi.ImportExport";"Epi.ImportExport.ImportExportSharedStrings";"ERROR_TABLE_TO_FORM_PROMPT_BLANK";"The prompt for {0} cannot be blank.";"O rótulo do campo {0} não pode ficar em branco.";"";"Revisado"
"Epi.ImportExport";"Epi.ImportExport.ImportExportSharedStrings";"ERROR_TABLE_TO_FORM_TAB_BLANK";"Tab index for field {0} is blank.";"O índice de tabulação do campo {0} está em branco.";"";"Revisado"
"Epi.ImportExport";"Epi.ImportExport.ImportExportSharedStrings";"ERROR_TABLE_TO_FORM_TAB_LESS_THAN_ZERO";"Tab index for field {0} cannot be less than zero.";"O índice de tabulação do campo {0} não pode ser menor que zero.";"";"Revisado"
"Epi.ImportExport";"Epi.ImportExport.ImportExportSharedStrings";"ERROR_TOO_MANY_DIFFERENCES";"Too many differences between the source data and the destination data were detected. The import process has been halted.";"Foram detectadas diferenças demais entre os dados de origem e os de destino. O processo de importação foi interrompido.";"";"Revisado"
"Epi.ImportExport";"Epi.ImportExport.ImportExportSharedStrings";"ERROR_WITH_MESSAGE";"Error: {0}";"Erro: {0}";"";""
"Epi.ImportExport";"Epi.ImportExport.ImportExportSharedStrings";"FORM_COPY_START";"Copying the selected form and associated data...";"Copiando o formulário selecionado e os dados associados…";"";""
"Epi.ImportExport";"Epi.ImportExport.ImportExportSharedStrings";"GRID_COLUMN_DATA_REMOVAL_FAIL";"Warning: The program was unable to remove the data in grid column [{0}] located in grid [{1}]. This data will be present in the encrypted package that is created.";"Aviso: não foi possível remover os dados da coluna de grade [{0}] da grade [{1}]. Esses dados estarão presentes no pacote criptografado que será criado.";"";"Revisado"
"Epi.ImportExport";"Epi.ImportExport.ImportExportSharedStrings";"GRID_COLUMN_DATA_REMOVAL_SUCCESS";"Data in grid column [{0}] in grid [{1}] was removed successfully.";"Os dados da coluna de grade [{0}] da grade [{1}] foram removidos com sucesso.";"";"Revisado"
"Epi.ImportExport";"Epi.ImportExport.ImportExportSharedStrings";"IMPORT_CANCELLED";"Import cancelled.";"Importação cancelada.";"";"Revisado"
"Epi.ImportExport";"Epi.ImportExport.ImportExportSharedStrings";"IMPORT_CHECK_DESCENDANT_FORM_END";"Done checking descendant form {0} for similarity.";"Verificação de similaridade do formulário descendente {0} concluída.";"";"Revisado"
"Epi.ImportExport";"Epi.ImportExport.ImportExportSharedStrings";"IMPORT_CHECK_DESCENDANT_FORM_START";"Starting similarity check on descendant form {0}...";"Iniciando a verificação de similaridade do formulário descendente {0}…";"";"Revisado"
"Epi.ImportExport";"Epi.ImportExport.ImportExportSharedStrings";"IMPORT_CHECK_FORM_END";"Done checking parent form {0} for similarity.";"Verificação de similaridade do formulário pai {0} concluída.";"";"Revisado"
"Epi.ImportExport";"Epi.ImportExport.ImportExportSharedStrings";"IMPORT_CHECK_FORM_START";"Starting similarity check on parent form {0}...";"Iniciando a verificação de similaridade do formulário pai {0}…";"";"Revisado"
"Epi.ImportExport";"Epi.ImportExport.ImportExportSharedStrings";"IMPORT_CHECK_GRID_END";"Done checking grid field {0} for similarity.";"Verificação de similaridade do campo de grade {0} concluída.";"";"Revisado"
"Epi.ImportExport";"Epi.ImportExport.ImportExportSharedStrings";"IMPORT_CHECK_GRID_START";"Starting similarity check on grid field {0}...";"Iniciando a verificação de similaridade do campo de grade {0}…";"";"Revisado"
"Epi.ImportExport";"Epi.ImportExport.ImportExportSharedStrings";"IMPORT_DATA_APPEND_NONMATCHING";"Records with no matching ID fields will be appended.";"Os registros sem campos de identificação correspondentes serão acrescentados.";"";"Revisado"
"Epi.ImportExport";"Epi.ImportExport.ImportExportSharedStrings";"IMPORT_DATA_IGNORE_MATCHING";"Records with matching ID fields will be ignored.";"Os registros com campos de identificação correspondentes serão ignorados.";"";"Revisado"
"Epi.ImportExport";"Epi.ImportExport.ImportExportSharedStrings";"IMPORT_DATA_IGNORE_NONMATCHING";"Records with no matching ID fields will be ignored.";"Os registros sem campos de identificação correspondentes serão ignorados.";"";"Revisado"
"Epi.ImportExport";"Epi.ImportExport.ImportExportSharedStrings";"IMPORT_DATA_UPDATE_MATCHING";"Records with matching ID fields will be updated.";"Os registros com campos de identificação correspondentes serão atualizados.";"";"Revisado"
"Epi.ImportExport";"Epi.ImportExport.ImportExportSharedStrings";"IMPORT_FAIL_DECRYPT";"Error: Import FAILED. The package was unable to be decrypted. Check to make sure the password is correct and try again.";"Erro: FALHA na importação. Não foi possível descriptografar o pacote. Verifique se a senha está correta e tente novamente.";"";"Revisado"
"Epi.ImportExport";"Epi.ImportExport.ImportExportSharedStrings";"IMPORT_FAIL_EXCEPTION";"Error: Import FAILED. {0}";"Erro: FALHA na importação. {0}";"";"Revisado"
"Epi.ImportExport";"Epi.ImportExport.ImportExportSharedStrings";"IMPORT_GRID_APPENDED";"On grid '{0}', {1} record(s) inserted.";"Na grade '{0}', {1} registro(s) inserido(s).";"";"Revisado"
"Epi.ImportExport";"Epi.ImportExport.ImportExportSharedStrings";"IMPORT_GRID_UPDATED";"On grid '{0}', {1} record(s) updated.";"Na grade '{0}', {1} registro(s) atualizado(s).";"";"Revisado"
"Epi.ImportExport";"Epi.ImportExport.ImportExportSharedStrings";"IMPORT_GRID_UPDATED_AND_APPENDED";"On grid '{0}', {1} record(s) inserted and {2} record(s) updated.";"Na grade '{0}', {1} registro(s) inserido(s) e {2} registro(s) atualizado(s).";"";"Revisado"
"Epi.ImportExport";"Epi.ImportExport.ImportExportSharedStrings";"IMPORT_PAGE_APPENDED";"On page '{0}', {1} record(s) inserted.";"Na página '{0}', {1} registro(s) inserido(s).";"";""
"Epi.ImportExport";"Epi.ImportExport.ImportExportSharedStrings";"IMPORT_PAGE_UPDATED";"On page '{0}', {1} record(s) updated.";"Na página '{0}', {1} registro(s) atualizado(s).";"";""
"Epi.ImportExport";"Epi.ImportExport.ImportExportSharedStrings";"IMPORT_PAGE_UPDATED_AND_APPENDED";"On page '{0}', {1} record(s) inserted and {2} record(s) updated.";"Na página '{0}', {1} registro(s) inserido(s) e {2} registro(s) atualizado(s).";"";"Revisado"
"Epi.ImportExport";"Epi.ImportExport.ImportExportSharedStrings";"IMPORT_SUCCESS";"Import complete. Time elapsed: {0}";"Importação concluída. Tempo decorrido: {0}";"";"Revisado"
"Epi.ImportExport";"Epi.ImportExport.ImportExportSharedStrings";"IMPORT_TABLE_APPENDED";"On table '{0}', {1} record(s) inserted.";"Na tabela '{0}', {1} registro(s) inserido(s).";"";""
"Epi.ImportExport";"Epi.ImportExport.ImportExportSharedStrings";"IMPORT_TABLE_UPDATED";"On table '{0}', {1} record(s) updated.";"Na tabela '{0}', {1} registro(s) atualizado(s).";"";""
"Epi.ImportExport";"Epi.ImportExport.ImportExportSharedStrings";"IMPORT_TABLE_UPDATED_AND_APPENDED";"On table '{0}', {1} record(s) inserted and {2} record(s) updated.";"Na tabela '{0}', {1} registro(s) inserido(s) e {2} registro(s) atualizado(s).";"";""
"Epi.ImportExport";"Epi.ImportExport.ImportExportSharedStrings";"IMPORT_TYPE_APPEND_ONLY";"Records with no matching ID fields will be appended. Records with matching ID fields will be ignored.";"Os registros sem campos de identificação correspondentes serão acrescentados. Os registros com campos de identificação correspondentes serão ignorados.";"";"Revisado"
"Epi.ImportExport";"Epi.ImportExport.ImportExportSharedStrings";"IMPORT_TYPE_UPDATE_AND_APPEND";"Records with matching ID fields will be updated and unmatched records will be appended.";"Os registros com campos de identificação correspondentes serão atualizados e os registros sem correspondência serão acrescentados.";"";"Revisado"
"Epi.ImportExport";"Epi.ImportExport.ImportExportSharedStrings";"IMPORT_TYPE_UPDATE_ONLY";"Records with matching ID fields will be updated. Unmatched records will be ignored.";"Os registros com campos de identificação correspondentes serão atualizados. Os registros sem correspondência serão ignorados.";"";"Revisado"
"Epi.ImportExport";"Epi.ImportExport.ImportExportSharedStrings";"MESSAGE";"Message";"Mensagem";"";""
"Epi.ImportExport";"Epi.ImportExport.ImportExportSharedStrings";"ORPHAN_GRID_ROW_REMOVAL_END";"{0} orphan grid records removed across all grids on all forms.";"{0} registros órfãos de grade removidos de todas as grades de todos os formulários.";"";"Revisado"
"Epi.ImportExport";"Epi.ImportExport.ImportExportSharedStrings";"ORPHAN_GRID_ROW_REMOVAL_START";"Removing orphaned records in grid {0}...";"Removendo registros órfãos da grade {0}…";"";"Revisado"
"Epi.ImportExport";"Epi.ImportExport.ImportExportSharedStrings";"ORPHAN_ROW_REMOVAL_END";"{0} orphan records removed across all forms.";"{0} registros órfãos removidos de todos os formulários.";"";"Revisado"
"Epi.ImportExport";"Epi.ImportExport.ImportExportSharedStrings";"ORPHAN_ROW_REMOVAL_START";"Removing orphaned records in form {0}...";"Removendo registros órfãos do formulário {0}…";"";"Revisado"
"Epi.ImportExport";"Epi.ImportExport.ImportExportSharedStrings";"PACKAGE_COMPRESSION_END";"Project compressed successfully.";"Projeto compactado com sucesso.";"";"Revisado"
"Epi.ImportExport";"Epi.ImportExport.ImportExportSharedStrings";"PACKAGE_COMPRESSION_FAIL";"Project compression failed. Aborting.";"Projeto: falha na compactação. Cancelando.";"";"Revisado"
"Epi.ImportExport";"Epi.ImportExport.ImportExportSharedStrings";"PACKAGE_COMPRESSION_START";"Compressing project...";"Compactando o projeto…";"";"Revisado"
"Epi.ImportExport";"Epi.ImportExport.ImportExportSharedStrings";"PACKAGE_DECRYPTION_END";"Project package decryption successful.";"Projeto: pacote descriptografado com sucesso.";"";"Revisado"
"Epi.ImportExport";"Epi.ImportExport.ImportExportSharedStrings";"PACKAGE_DECRYPTION_END_N_OF_N";"Package {0} of {1}: Decryption successful.";"Pacote {0} de {1}: descriptografado com sucesso.";"";"Revisado"
"Epi.ImportExport";"Epi.ImportExport.ImportExportSharedStrings";"PACKAGE_DECRYPTION_START";"Decrypting project package...";"Descriptografando o pacote do projeto…";"";"Revisado"
"Epi.ImportExport";"Epi.ImportExport.ImportExportSharedStrings";"PACKAGE_DECRYPTION_START_N_OF_N";"Package {0} of {1}: Decrypting package...";"Pacote {0} de {1}: descriptografando o pacote…";"";"Revisado"
"Epi.ImportExport";"Epi.ImportExport.ImportExportSharedStrings";"PACKAGE_ENCRYPTION_END";"Project package encryption successful.";"Projeto: pacote criptografado com sucesso.";"";"Revisado"
"Epi.ImportExport";"Epi.ImportExport.ImportExportSharedStrings";"PACKAGE_ENCRYPTION_START";"Encrypting project package...";"Criptografando o pacote do projeto…";"";"Revisado"
"Epi.ImportExport";"Epi.ImportExport.ImportExportSharedStrings";"PACKAGE_ENDED";"Package creation complete. Time elapsed: {0}";"Criação do pacote concluída. Tempo decorrido: {0}";"";"Revisado"
"Epi.ImportExport";"Epi.ImportExport.ImportExportSharedStrings";"PACKAGE_FAILED";"Error: Package creation FAILED. Time elapsed: {0}";"Erro: FALHA na criação do pacote. Tempo decorrido: {0}";"";"Revisado"
"Epi.ImportExport";"Epi.ImportExport.ImportExportSharedStrings";"PACKAGE_FAILED_EXCEPTION";"Error: Package creation FAILED. {0}";"Erro: FALHA na criação do pacote. {0}";"";"Revisado"
"Epi.ImportExport";"Epi.ImportExport.ImportExportSharedStrings";"PACKAGE_STARTED";"Package creation initiated by user {0}.";"Criação do pacote iniciada pelo usuário {0}.";"";"Revisado"
"Epi.ImportExport";"Epi.ImportExport.ImportExportSharedStrings";"PRJ_FILE_COPY_END";"PRJ file copy successful.";"Arquivo PRJ copiado com sucesso.";"";"Revisado"
"Epi.ImportExport";"Epi.ImportExport.ImportExportSharedStrings";"PRJ_FILE_COPY_START";"Creating PRJ file copy...";"Criando cópia do arquivo PRJ…";"";"Revisado"
"Epi.ImportExport";"Epi.ImportExport.ImportExportSharedStrings";"PROCESSING_BASE_TABLE";"Processing records on base table...";"Processando os registros da tabela base…";"";"Revisado"
"Epi.ImportExport";"Epi.ImportExport.ImportExportSharedStrings";"PROCESSING_GRID";"Processing records for grid {0}...";"Processando os registros da grade {0}…";"";"Revisado"
"Epi.ImportExport";"Epi.ImportExport.ImportExportSharedStrings";"PROCESSING_PAGE";"Processing records on page {0} of {1}...";"Processando os registros da página {0} de {1}…";"";"Revisado"
"Epi.ImportExport";"Epi.ImportExport.ImportExportSharedStrings";"PROJECT_PACKAGE_CREATED_BY_USER";"Project package [{0}] created in {1} by user [{2}].";"Projeto: pacote [{0}] criado em {1} pelo usuário [{2}].";"";"Revisado"
"Epi.ImportExport";"Epi.ImportExport.ImportExportSharedStrings";"READY";"Ready.";"Pronto.";"";""
"Epi.ImportExport";"Epi.ImportExport.ImportExportSharedStrings";"ROW_FILTERS_END";"Row filters applied. Row count has been reduced to {0} from {1} records matching the specified criteria.";"Filtros de linha aplicados. O número de linhas foi reduzido para {0} de {1} registros que atendem aos critérios especificados.";"";"Revisado"
"Epi.ImportExport";"Epi.ImportExport.ImportExportSharedStrings";"ROW_FILTERS_IN_EFFECT";"Row filters in effect. {0} records match the specified criteria.";"Filtros de linha ativos. {0} registros atendem aos critérios especificados.";"";""
"Epi.ImportExport";"Epi.ImportExport.ImportExportSharedStrings";"ROW_FILTERS_START";"Applying row filters...";"Aplicando filtros de linha…";"";"Revisado"
"Epi.ImportExport";"Epi.ImportExport.ImportExportSharedStrings";"SCRIPT_FILTERS";"Loaded the following filters from package script: ";"Filtros carregados do script do pacote: ";"";"Revisado"
"Epi.ImportExport";"Epi.ImportExport.ImportExportSharedStrings";"SCRIPT_LOADED";"Package script loaded from {0}";"Script do pacote carregado de {0}";"";"Revisado"
"Epi.ImportExport";"Epi.ImportExport.ImportExportSharedStrings";"SCRIPT_SAVED";"Package script saved.";"Script do pacote salvo.";"";"Revisado"
"Epi.ImportExport";"Epi.ImportExport.ImportExportSharedStrings";"SELECT_EDP_FILE";"Select an encrypted data package";"Selecione um pacote de dados criptografado";"";"Revisado"
"Epi.ImportExport";"Epi.ImportExport.ImportExportSharedStrings";"SETTING_UP_METADATA_END";"Completed setting up metadata in destination project.";"Configuração dos metadados no projeto de destino concluída.";"";"Revisado"
"Epi.ImportExport";"Epi.ImportExport.ImportExportSharedStrings";"SETTING_UP_METADATA_START";"Setting up metadata in destination project...";"Configurando os metadados no projeto de destino…";"";"Revisado"
"Epi.ImportExport";"Epi.ImportExport.ImportExportSharedStrings";"START_BATCH_IMPORT";"Import initiated for {0} data packages in {1}.";"Importação iniciada para {0} pacotes de dados em {1}.";"";"Revisado"
"Epi.ImportExport";"Epi.ImportExport.ImportExportSharedStrings";"START_SINGLE_IMPORT";"Import initiated for data package {0}.";"Importação iniciada para o pacote de dados {0}.";"";""
"Epi.ImportExport";"Epi.ImportExport.ImportExportSharedStrings";"TABLE_DATA_DELETION_FAIL";"Warning: {0} of {1} records removed from table {2}";"Aviso: {0} de {1} registros removidos da tabela {2}";"";"Revisado"
"Epi.ImportExport";"Epi.ImportExport.ImportExportSharedStrings";"TABLE_DATA_DELETION_SUCCESS";"All data removed from table [{0}].";"Todos os dados foram removidos da tabela [{0}].";"";"Revisado"
"Epi.ImportExport";"Epi.ImportExport.ImportExportSharedStrings";"TYPE";"Type";"Tipo";"";""
"Epi.ImportExport";"Epi.ImportExport.ImportExportSharedStrings";"UNPACKAGE_PROBLEM_CHECK_ERROR_E3013";"Field type mismatch for field {0} in form {1}. The data package has recorded the field's type as {2}; the form has implemented the field as type {3}. ";"Tipo de campo incompatível para o campo {0} no formulário {1}. O pacote de dados registrou o tipo do campo como {2}; o formulário implementou o campo como tipo {3}. ";"";"Revisado"
"Epi.ImportExport";"Epi.ImportExport.ImportExportSharedStrings";"UNPACKAGE_PROBLEM_CHECK_ERROR_E3014";"Field {0} is included in the data package but does not exist in the form {1}. No data for this field will be imported.";"O campo {0} está incluído no pacote de dados, mas não existe no formulário {1}. Nenhum dado desse campo será importado.";"";"Revisado"
"Epi.ImportExport";"Epi.ImportExport.ImportExportSharedStrings";"UNPACKAGE_PROBLEM_CHECK_ERROR_E3015";"Field {0} exists on form {1} but is not included in the data package. No data for this field will be imported.";"O campo {0} existe no formulário {1}, mas não está incluído no pacote de dados. Nenhum dado desse campo será importado.";"";"Revisado"
"Epi.ImportExport";"Epi.ImportExport.ImportExportSharedStrings";"UNPACKAGE_PROBLEM_CHECK_ERROR_E4000";"An exception was generated. Message: {0}";"Ocorreu uma exceção. Mensagem: {0}";"";"Revisado"
"Epi.ImportExport";"Epi.ImportExport.ImportExportSharedStrings";"UNRECOGNIZED_FIELD_TYPE";"Not a recognized field type.";"Tipo de campo não reconhecido.";"";""
"Epi.ImportExport";"Epi.ImportExport.ImportExportSharedStrings";"UPGRADE_ERRORS_DETECTED";"Serious errors were detected in the Epi Info 3.5.x project {0}. The upgrade process cannot proceed.";"Foram detectados erros graves no projeto {0} do Epi Info 3.5.x. O processo de atualização não pode continuar.";"";"Revisado"
"Epi.ImportExport";"Epi.ImportExport.ImportExportSharedStrings";"UPGRADE_NO_PROBLEMS_DETECTED";"No problems were detected in {0}. Click the Next button to proceed.";"Nenhum problema foi detectado em {0}. Clique no botão Avançar para continuar.";"";"Revisado"
"Epi.ImportExport";"Epi.ImportExport.ImportExportSharedStrings";"UPGRADE_PROBLEM_CHECK_ERROR_E1000";"A view in this project has no name.";"Um formulário deste projeto não tem nome.";"";"Revisado"
"Epi.ImportExport";"Epi.ImportExport.ImportExportSharedStrings";"UPGRADE_PROBLEM_CHECK_ERROR_E1002";"The data table for view {0} is missing the UniqueKey column.";"A tabela de dados do formulário {0} não tem a coluna UniqueKey.";"";"Revisado"
"Epi.ImportExport";"Epi.ImportExport.ImportExportSharedStrings";"UPGRADE_PROBLEM_CHECK_ERROR_E1003";"The data table for view {0} is missing the RECSTATUS column.";"A tabela de dados do formulário {0} não tem a coluna RECSTATUS.";"";"Revisado"
"Epi.ImportExport";"Epi.ImportExport.ImportExportSharedStrings";"UPGRADE_PROBLEM_CHECK_ERROR_E1004";"The data table for view {0} contains an invalid UniqueKey column type. Expected type is System.Int32.";"A tabela de dados do formulário {0} tem uma coluna UniqueKey de tipo inválido. O tipo esperado é System.Int32.";"";"Revisado"
"Epi.ImportExport";"Epi.ImportExport.ImportExportSharedStrings";"UPGRADE_PROBLEM_CHECK_ERROR_E1005";"The data table for view {0} contains null values in the UniqueKey field.";"A tabela de dados do formulário {0} contém valores nulos no campo UniqueKey.";"";"Revisado"
"Epi.ImportExport";"Epi.ImportExport.ImportExportSharedStrings";"UPGRADE_PROBLEM_CHECK_ERROR_E1006";"The data table for view {0} contains an invalid RECSTATUS column type. Expected type is System.Int16 or System.Byte.";"A tabela de dados do formulário {0} tem uma coluna RECSTATUS de tipo inválido. O tipo esperado é System.Int16 ou System.Byte.";"";"Revisado"
"Epi.ImportExport";"Epi.ImportExport.ImportExportSharedStrings";"UPGRADE_PROBLEM_CHECK_ERROR_E1007";"The data table for view {0} contains invalid values in the RECSTATUS field. Valid values are either 1 or 0.";"A tabela de dados do formulário {0} contém valores inválidos no campo RECSTATUS. Os valores válidos são 1 ou 0.";"";"Revisado"
"Epi.ImportExport";"Epi.ImportExport.ImportExportSharedStrings";"UPGRADE_PROBLEM_CHECK_ERROR_E1008";"The data table for view {0} has a table name of {1}. This table name is a reserved word in Epi Info 7.";"A tabela de dados do formulário {0} tem o nome {1}. Esse nome de tabela é uma palavra reservada no Epi Info 7.";"";"Revisado"
"Epi.ImportExport";"Epi.ImportExport.ImportExportSharedStrings";"UPGRADE_PROBLEM_CHECK_ERROR_E1009";"One of the data tables for view {0} has an empty table name.";"Uma das tabelas de dados do formulário {0} tem nome de tabela vazio.";"";"Revisado"
"Epi.ImportExport";"Epi.ImportExport.ImportExportSharedStrings";"UPGRADE_PROBLEM_CHECK_ERROR_E1010";"The data table {0} for view {1} is missing.";"A tabela de dados {0} do formulário {1} não existe.";"";"Revisado"
"Epi.ImportExport";"Epi.ImportExport.ImportExportSharedStrings";"UPGRADE_PROBLEM_CHECK_ERROR_E1011";"The data table {0} for view {1} is missing the UniqueKey column.";"A tabela de dados {0} do formulário {1} não tem a coluna UniqueKey.";"";"Revisado"
"Epi.ImportExport";"Epi.ImportExport.ImportExportSharedStrings";"UPGRADE_PROBLEM_CHECK_ERROR_E1012";"The data table {0} for view {1} contains an invalid UniqueKey column type. Expected type is System.Int32.";"A tabela de dados {0} do formulário {1} tem uma coluna UniqueKey de tipo inválido. O tipo esperado é System.Int32.";"";"Revisado"
"Epi.ImportExport";"Epi.ImportExport.ImportExportSharedStrings";"UPGRADE_PROBLEM_CHECK_ERROR_E1013";"The data table {0} for view {1} contains null values in the UniqueKey field.";"A tabela de dados {0} do formulário {1} contém valores nulos no campo UniqueKey.";"";"Revisado"
"Epi.ImportExport";"Epi.ImportExport.ImportExportSharedStrings";"UPGRADE_PROBLEM_CHECK_ERROR_E1014";"Row count mismatch between tables in view {0}.";"Número de linhas incompatível entre as tabelas do formulário {0}.";"";"Revisado"
"Epi.ImportExport";"Epi.ImportExport.ImportExportSharedStrings";"UPGRADE_PROBLEM_CHECK_ERROR_E1015";"The view {0} does not contain a GENERAL reference in the metadata. This may not be a valid Epi Info 3.5.x project.";"O formulário {0} não contém uma referência GENERAL nos metadados. Este pode não ser um projeto válido do Epi Info 3.5.x.";"";"Revisado"
"Epi.ImportExport";"Epi.ImportExport.ImportExportSharedStrings";"UPGRADE_PROBLEM_CHECK_ERROR_E1016";"The view {0} contains two or more GENERAL references in the metadata. This may not be a valid Epi Info 3.5.x project.";"O formulário {0} contém duas ou mais referências GENERAL nos metadados. Este pode não ser um projeto válido do Epi Info 3.5.x.";"";"Revisado"
"Epi.ImportExport";"Epi.ImportExport.ImportExportSharedStrings";"UPGRADE_PROBLEM_CHECK_ERROR_E1017";"The view {0} contains duplicate DATA references for the GENERAL row in the metadata. This view is likely corrupted.";"O formulário {0} contém referências DATA duplicadas para a linha GENERAL nos metadados. Provavelmente este formulário está corrompido.";"";"Revisado"
"Epi.ImportExport";"Epi.ImportExport.ImportExportSharedStrings";"UPGRADE_PROBLEM_CHECK_ERROR_E1018";"The view {0} contains a reference for {1} in the GENERAL row, but the corresponding row is missing in the metadata. This view is likely corrupted.";"O formulário {0} contém uma referência a {1} na linha GENERAL, mas a linha correspondente não existe nos metadados. Provavelmente este formulário está corrompido.";"";"Revisado"
"Epi.ImportExport";"Epi.ImportExport.ImportExportSharedStrings";"UPGRADE_PROBLEM_CHECK_ERROR_E1019";"The view {0} has wide tables, but does not contain more than one DATA reference in the metadata. The view may be corrupted.";"O formulário {0} tem tabelas largas (wide tables), mas não contém mais de uma referência DATA nos metadados. O formulário pode estar corrompido.";"";"Revisado"
"Epi.ImportExport";"Epi.ImportExport.ImportExportSharedStrings";"UPGRADE_PROBLEM_CHECK_ERROR_E1020";"This project contains no views.";"Este projeto não contém formulários.";"";"Revisado"
"Epi.ImportExport";"Epi.ImportExport.ImportExportSharedStrings";"UPGRADE_PROBLEM_CHECK_ERROR_E1021";"The view {0} does not start with the 'view' prefix.";"O formulário {0} não começa com o prefixo 'view'.";"";"Revisado"
"Epi.ImportExport";"Epi.ImportExport.ImportExportSharedStrings";"UPGRADE_PROBLEM_CHECK_ERROR_E1022";"The view {0} contains a space in its name.";"O formulário {0} contém um espaço no nome.";"";"Revisado"
"Epi.ImportExport";"Epi.ImportExport.ImportExportSharedStrings";"UPGRADE_PROBLEM_CHECK_ERROR_E1023";"View {0} contains a SOURCE reference called {1} that points to a code table, but the code table name is empty.";"O formulário {0} contém uma referência SOURCE chamada {1} que aponta para uma tabela de códigos, mas o nome da tabela de códigos está vazio.";"";"Revisado"
"Epi.ImportExport";"Epi.ImportExport.ImportExportSharedStrings";"UPGRADE_PROBLEM_CHECK_ERROR_E1024";"View {0} contains a SOURCE reference called {1} that points to a code table called {2}, but {3} does not exist.";"O formulário {0} contém uma referência SOURCE chamada {1} que aponta para uma tabela de códigos chamada {2}, mas {3} não existe.";"";"Revisado"
"Epi.ImportExport";"Epi.ImportExport.ImportExportSharedStrings";"UPGRADE_PROBLEM_CHECK_ERROR_E1030";"View {0} is missing the PageNumber column.";"O formulário {0} não tem a coluna PageNumber.";"";"Revisado"
"Epi.ImportExport";"Epi.ImportExport.ImportExportSharedStrings";"UPGRADE_PROBLEM_CHECK_ERROR_E1031";"PageNumber column in view {0} is implemented as {1}.";"A coluna PageNumber do formulário {0} está implementada como {1}.";"";"Revisado"
"Epi.ImportExport";"Epi.ImportExport.ImportExportSharedStrings";"UPGRADE_PROBLEM_CHECK_ERROR_E1032";"View {0} is missing the Name column.";"O formulário {0} não tem a coluna Name.";"";"Revisado"
"Epi.ImportExport";"Epi.ImportExport.ImportExportSharedStrings";"UPGRADE_PROBLEM_CHECK_ERROR_E1033";"Name column in view {0} is implemented as {1}.";"A coluna Name do formulário {0} está implementada como {1}.";"";"Revisado"
"Epi.ImportExport";"Epi.ImportExport.ImportExportSharedStrings";"UPGRADE_PROBLEM_CHECK_ERROR_E1034";"View {0} is missing the Prompt column.";"O formulário {0} não tem a coluna Prompt.";"";"Revisado"
"Epi.ImportExport";"Epi.ImportExport.ImportExportSharedStrings";"UPGRADE_PROBLEM_CHECK_ERROR_E1035";"Prompt column in view {0} is implemented as {1}.";"A coluna Prompt do formulário {0} está implementada como {1}.";"";"Revisado"
"Epi.ImportExport";"Epi.ImportExport.ImportExportSharedStrings";"UPGRADE_PROBLEM_CHECK_ERROR_E1036";"View {0} is missing the Type column.";"O formulário {0} não tem a coluna Type.";"";"Revisado"
"Epi.ImportExport";"Epi.ImportExport.ImportExportSharedStrings";"UPGRADE_PROBLEM_CHECK_ERROR_E1037";"Type column in view {0} is implemented as {1}.";"A coluna Type do formulário {0} está implementada como {1}.";"";"Revisado"
"Epi.ImportExport";"Epi.ImportExport.ImportExportSharedStrings";"UPGRADE_PROBLEM_CHECK_ERROR_E1070";"View {0} is missing the Database column.";"O formulário {0} não tem a coluna Database.";"";"Revisado"
"Epi.ImportExport";"Epi.ImportExport.ImportExportSharedStrings";"UPGRADE_PROBLEM_CHECK_ERROR_E1071";"Database column in view {0} is implemented as {1}.";"A coluna Database do formulário {0} está implementada como {1}.";"";"Revisado"
"Epi.ImportExport";"Epi.ImportExport.ImportExportSharedStrings";"UPGRADE_PROBLEM_CHECK_ERROR_E1072";"View {0} is missing the Datafield column.";"O formulário {0} não tem a coluna Datafield.";"";"Revisado"
"Epi.ImportExport";"Epi.ImportExport.ImportExportSharedStrings";"UPGRADE_PROBLEM_CHECK_ERROR_E1073";"Datafield column in view {0} is implemented as {1}.";"A coluna Datafield do formulário {0} está implementada como {1}.";"";"Revisado"
"Epi.ImportExport";"Epi.ImportExport.ImportExportSharedStrings";"UPGRADE_PROBLEM_CHECK_ERROR_E1074";"View {0} is missing the Datatable column.";"O formulário {0} não tem a coluna Datatable.";"";"Revisado"
"Epi.ImportExport";"Epi.ImportExport.ImportExportSharedStrings";"UPGRADE_PROBLEM_CHECK_ERROR_E1075";"Datatable column in view {0} is implemented as {1}.";"A coluna Datatable do formulário {0} está implementada como {1}.";"";"Revisado"
"Epi.ImportExport";"Epi.ImportExport.ImportExportSharedStrings";"UPGRADE_PROBLEM_CHECK_ERROR_E2000";"Duplicate RELATE buttons found in view {0}. Relate button field name: {1}.";"Botões RELATE duplicados encontrados no formulário {0}. Nome do campo do botão Relate: {1}.";"";"Revisado"
"Epi.ImportExport";"Epi.ImportExport.ImportExportSharedStrings";"UPGRADE_PROBLEM_CHECK_ERROR_E2001";"The related view reference {0} in view {1} is not pointing to a related view.";"A referência de formulário relacionado {0} no formulário {1} não aponta para um formulário relacionado.";"";"Revisado"
"Epi.ImportExport";"Epi.ImportExport.ImportExportSharedStrings";"UPGRADE_PROBLEM_CHECK_ERROR_E2002";"The related view reference {0} in view {1} is referencing a view that does not exist.";"A referência de formulário relacionado {0} no formulário {1} aponta para um formulário que não existe.";"";"Revisado"
"Epi.ImportExport";"Epi.ImportExport.ImportExportSharedStrings";"UPGRADE_PROBLEM_CHECK_ERROR_E2003";"The view {0} contains a RELVIEW reference to the view {1} but this view lacks an FKEY column and thus is not a valid related view.";"O formulário {0} contém uma referência RELVIEW ao formulário {1}, mas este não tem a coluna FKEY e, portanto, não é um formulário relacionado válido.";"";"Revisado"
"Epi.ImportExport";"Epi.ImportExport.ImportExportSharedStrings";"UPGRADE_PROBLEM_CHECK_ERROR_E2004";"The view {0} is a related view, but contains empty (NULL) values for one or more of its foreign keys.";"O formulário {0} é um formulário relacionado, mas contém valores vazios (NULL) em uma ou mais de suas chaves estrangeiras.";"";"Revisado"
"Epi.ImportExport";"Epi.ImportExport.ImportExportSharedStrings";"UPGRADE_PROBLEM_CHECK_ERROR_E3000";"The field {0} in view {1} contains an invalid leading character in its name.";"O campo {0} do formulário {1} contém um caractere inicial inválido no nome.";"";"Revisado"
"Epi.ImportExport";"Epi.ImportExport.ImportExportSharedStrings";"UPGRADE_PROBLEM_CHECK_ERROR_E3001";"The field {0} in view {1} contains one or more spaces.";"O campo {0} do formulário {1} contém um ou mais espaços.";"";"Revisado"
"Epi.ImportExport";"Epi.ImportExport.ImportExportSharedStrings";"UPGRADE_PROBLEM_CHECK_ERROR_E3002";"The field {0} in view {1} has no corresponding column in the data table.";"O campo {0} do formulário {1} não tem coluna correspondente na tabela de dados.";"";"Revisado"
"Epi.ImportExport";"Epi.ImportExport.ImportExportSharedStrings";"UPGRADE_PROBLEM_CHECK_ERROR_E3003";"The mirror field {0} in view {1} is mirroring itself.";"O campo espelho {0} do formulário {1} espelha a si mesmo.";"";"Revisado"
"Epi.ImportExport";"Epi.ImportExport.ImportExportSharedStrings";"UPGRADE_PROBLEM_CHECK_ERROR_E3004";"The field {0} in view {1} is a CODES field that uses another view's data table for its list of values. This is unsupported in the project upgrader.";"O campo {0} do formulário {1} é um campo CODES que usa a tabela de dados de outro formulário como lista de valores. Isso não é compatível com o atualizador de projetos.";"";"Revisado"
"Epi.ImportExport";"Epi.ImportExport.ImportExportSharedStrings";"UPGRADE_PROBLEM_CHECK_ERROR_E3005";"The field {0} in view {1} is a checkbox but is implemented in the data table as {2}. Expected: System.Boolean.";"O campo {0} do formulário {1} é uma caixa de seleção, mas está implementado na tabela de dados como {2}. Esperado: System.Boolean.";"";"Revisado"
"Epi.ImportExport";"Epi.ImportExport.ImportExportSharedStrings";"UPGRADE_PROBLEM_CHECK_ERROR_E3006";"The field {0} in view {1} is a Yes/No field but is implemented in the data table as {2}. Expected: System.Byte or System.Int16.";"O campo {0} do formulário {1} é um campo Sim/Não, mas está implementado na tabela de dados como {2}. Esperado: System.Byte ou System.Int16.";"";"Revisado"
"Epi.ImportExport";"Epi.ImportExport.ImportExportSharedStrings";"UPGRADE_PROBLEM_CHECK_ERROR_E3007";"The field {0} in view {1} is a text-based field but is implemented in the data table as {2}. Expected: System.String.";"O campo {0} do formulário {1} é um campo baseado em texto, mas está implementado na tabela de dados como {2}. Esperado: System.String.";"";"Revisado"
"Epi.ImportExport";"Epi.ImportExport.ImportExportSharedStrings";"UPGRADE_PROBLEM_CHECK_ERROR_E3008";"The field {0} in view {1} is a numeric field but is implemented in the data table as {2}. Expected: System.Single or System.Double.";"O campo {0} do formulário {1} é um campo numérico, mas está implementado na tabela de dados como {2}. Esperado: System.Single ou System.Double.";"";"Revisado"
"Epi.ImportExport";"Epi.ImportExport.ImportExportSharedStrings";"UPGRADE_PROBLEM_CHECK_ERROR_E3009";"The field {0} in view {1} is a date, time, or date/time field but is implemented in the data table as {2}. Expected: System.DateTime.";"O campo {0} do formulário {1} é um campo de data, hora ou data/hora, mas está implementado na tabela de dados como {2}. Esperado: System.DateTime.";"";"Revisado"
"Epi.ImportExport";"Epi.ImportExport.ImportExportSharedStrings";"UPGRADE_PROBLEM_CHECK_ERROR_E3010";"Invalid metadata detected in 'Lists' column for field {0} in view {1}. Brackets were found and were not expected.";"Metadados inválidos detectados na coluna 'Lists' do campo {0} do formulário {1}. Foram encontrados colchetes que não eram esperados.";"";"Revisado"
"Epi.ImportExport";"Epi.ImportExport.ImportExportSharedStrings";"UPGRADE_PROBLEM_CHECK_ERROR_E3011";"Invalid metadata detected in 'Lists' column for field {0} in view {1}. Expected to find parenthesis.";"Metadados inválidos detectados na coluna 'Lists' do campo {0} do formulário {1}. Era esperado encontrar parênteses.";"";"Revisado"
"Epi.ImportExport";"Epi.ImportExport.ImportExportSharedStrings";"UPGRADE_PROBLEM_CHECK_ERROR_E3012";"Field {0} in view {1} is marked as Read Only and Required. These two conditions are mutually exclusive.";"O campo {0} do formulário {1} está marcado como Somente leitura e Obrigatório. Essas duas condições são mutuamente exclusivas.";"";"Revisado"
"Epi.ImportExport";"Epi.ImportExport.ImportExportSharedStrings";"UPGRADE_PROBLEM_CHECK_ERROR_E3013";"The field {0} in view {1} is a Legal Values or Comment Legal field that uses another view's data table for its list of values. This is unsupported in the project upgrader.";"O campo {0} do formulário {1} é um campo Valores Legais ou Código-descrição que usa a tabela de dados de outro formulário como lista de valores. Isso não é compatível com o atualizador de projetos.";"";"Revisado"
"Epi.ImportExport";"Epi.ImportExport.ImportExportSharedStrings";"UPGRADE_PROBLEM_CHECK_ERROR_E4000";"An exception was generated. Message: {0}";"Uma exceção foi gerada. Mensagem: {0}";"";""
"Epi.ImportExport";"Epi.ImportExport.ImportExportSharedStrings";"UPGRADE_PROBLEM_CHECK_ERROR_N6000";"The relate button {0} in view {1} contains a relate condition. Relate conditions are not supported in Epi Info 7 and must be re-implemented using check code.";"O botão relacionar {0} do formulário {1} contém uma condição de relacionamento. Condições de relacionamento não são compatíveis com o Epi Info 7 e devem ser reimplementadas com código de verificação.";"";"Revisado"
"Epi.ImportExport";"Epi.ImportExport.ImportExportSharedStrings";"UPGRADE_PROBLEM_CHECK_ERROR_W5000";"The view {0} contains no pages. It will be skipped during an upgrade.";"O formulário {0} não contém páginas. Ele será ignorado durante a atualização.";"";"Revisado"
"Epi.ImportExport";"Epi.ImportExport.ImportExportSharedStrings";"UPGRADE_PROBLEM_CHECK_ERROR_W5001";"The related view reference {0} in view {1} is not referenced by any related view buttons. This may cause serious problems during the upgrade process.";"A referência de formulário relacionado {0} no formulário {1} não é usada por nenhum botão de formulário relacionado. Isso pode causar problemas graves durante o processo de atualização.";"";"Revisado"
"Epi.ImportExport";"Epi.ImportExport.ImportExportSharedStrings";"UPGRADE_PROBLEM_CHECK_ERROR_W5002";"The field {0} in view {1} is a grid. Grids are currently unsupported in the project upgrader. This field will be skipped.";"O campo {0} do formulário {1} é uma grade. As grades ainda não são compatíveis com o atualizador de projetos. Este campo será ignorado.";"";"Revisado"
"Epi.ImportExport";"Epi.ImportExport.ImportExportSharedStrings";"UPGRADE_PROBLEM_CHECK_ERROR_W5003";"The mirror field {0} in view {1} is not mirroring a source field. The mirror field will be deleted.";"O campo espelho {0} do formulário {1} não espelha nenhum campo de origem. O campo espelho será excluído.";"";"Revisado"
"Epi.ImportExport";"Epi.ImportExport.ImportExportSharedStrings";"UPGRADE_PROBLEM_CHECK_ERROR_W5004";"The mirror field {0} in view {1} is mirroring a field that does not exist. The mirror field will be deleted.";"O campo espelho {0} do formulário {1} espelha um campo que não existe. O campo espelho será excluído.";"";"Revisado"
"Epi.ImportExport";"Epi.ImportExport.ImportExportSharedStrings";"UPGRADE_PROBLEM_CHECK_MESSAGE_ANALYZING_FIELDS";"Analyzing fields in {0}...";"Analisando os campos de {0}…";"";"Revisado"
"Epi.ImportExport";"Epi.ImportExport.ImportExportSharedStrings";"UPGRADE_PROBLEM_CHECK_MESSAGE_ANALYZING_PROJECT";"Analyzing {0} for problems...";"Analisando {0} em busca de problemas…";"";"Revisado"
"Epi.ImportExport";"Epi.ImportExport.ImportExportSharedStrings";"UPGRADE_PROBLEM_CHECK_MESSAGE_ANALYZING_RELATIONS";"Analyzing view relationships in {0}...";"Analisando as relações entre formulários em {0}…";"";"Revisado"
"Epi.ImportExport";"Epi.ImportExport.ImportExportSharedStrings";"UPGRADE_PROBLEM_CHECK_MESSAGE_FINISHED";"Finished analyzing {0} for problems.";"Análise de problemas em {0} concluída.";"";"Revisado"
"Epi.ImportExport";"Epi.ImportExport.ImportExportSharedStrings";"UPGRADE_WARNINGS_DETECTED";"Some problems were detected in the Epi Info 3.5.x project {0}, but the upgrade may still be able to complete with some or most of the forms and fields intact. Click Next to proceed.";"Foram detectados alguns problemas no projeto {0} do Epi Info 3.5.x, mas a atualização ainda pode ser concluída com alguns ou a maioria dos formulários e campos intactos. Clique em Avançar para continuar.";"";"Revisado"
"Epi.ImportExport";"Epi.ImportExport.ImportExportSharedStrings";"WARNING_COMPACT_FAILURE";"""Warning: The database could not be compacted. Reason: {0}";"""Aviso: não foi possível compactar o banco de dados. Motivo: {0}";"";"Revisado"
"Epi.ImportExport";"Epi.ImportExport.ImportExportSharedStrings";"WARNING_FIELD_NOT_IMPORTED";"Warning: The data for {0} was not imported. This field type is not supported.";"Aviso: os dados de {0} não foram importados. Esse tipo de campo não é compatível.";"";"Revisado"
"Epi.ImportExport";"Epi.ImportExport.ImportExportSharedStrings";"WARNING_GRID_COLUMN_REMOVAL_FAILURE";"Warning: Grid column data was specified for removal. However, some grid column data could not be removed.";"Aviso: foi especificada a remoção de dados de coluna de grade, mas alguns dados de coluna de grade não puderam ser removidos.";"";"Revisado"
"Epi.ImportExport";"Epi.ImportExport.ImportExportSharedStrings";"WARNING_UNRELATED_FORMS";"Warning: Other data unrelated to the selected form ({0}) was detected in this project and could not be removed. Check the list of errors in the status box for more information.";"Aviso: foram detectados neste projeto outros dados não relacionados ao formulário selecionado ({0}) que não puderam ser removidos. Consulte a lista de erros na caixa de status para mais informações.";"";"Revisado"
"Epi.ImportExport";"Epi.ImportExport.ImportExportSharedStrings";"WEB_CSV_EXPORT_BUILDING_COLUMN_HEADINGS";"Building column headings...";"Criando os cabeçalhos das colunas…";"";"Revisado"
"Epi.ImportExport";"Epi.ImportExport.ImportExportSharedStrings";"WEB_CSV_EXPORT_COMPLETE";"Complete.";"Concluído.";"";"Revisado"
"Epi.ImportExport";"Epi.ImportExport.ImportExportSharedStrings";"WEB_CSV_EXPORT_CONNECTING";"Connecting to web server...";"Conectando ao servidor web…";"";"Revisado"
"Epi.ImportExport";"Epi.ImportExport.ImportExportSharedStrings";"WEB_CSV_EXPORTING";"Exporting data to file...";"Exportando os dados para o arquivo…";"";"Revisado"
"Epi.ImportExport";"Epi.ImportExport.ImportExportSharedStrings";"WEB_EXPORT_COMPLETE";"Export complete.";"Exportação concluída.";"";"Revisado"
"Epi.ImportExport";"Epi.ImportExport.ImportExportSharedStrings";"WEB_EXPORT_SELECT_FILE";"Select web survey export file";"Selecione o arquivo de exportação do Web Survey";"";"Revisado"
"Epi.ImportExport";"Epi.ImportExport.ImportExportSharedStrings";"WEB_IMPORT_INITIATED";"Request for web data initiated by user:";"Solicitação de dados da web iniciada pelo usuário:";"";"Revisado"
"Epi.Windows";"Epi.Windows.Dialogs.AboutEpiInfoDialog";"$this.Text";"About Epi Info";"Sobre o Epi Info";"";""
"Epi.Windows";"Epi.Windows.Dialogs.AboutEpiInfoDialog";"btnOK.Text";"OK";"OK";"";"Revisado"
"Epi.Windows";"Epi.Windows.Dialogs.AboutEpiInfoDialog";"lblAppName.Text";"App Name";"Nome do aplicativo";"LONGO";"Revisado"
"Epi.Windows";"Epi.Windows.Dialogs.AboutEpiInfoDialog";"lblReleaseDate.Text";"releasedate";"Data de lançamento";"";"Revisado"
"Epi.Windows";"Epi.Windows.Dialogs.AboutEpiInfoDialog";"txtDescription.Text";"About text";"Sobre";"";""
"Epi.Windows";"Epi.Windows.Dialogs.AdvancedReadDialog";"$this.Text";"Set Data Source";"Definir fonte de dados";"";"Revisado"
"Epi.Windows";"Epi.Windows.Dialogs.AdvancedReadDialog";"btnCancel.Text";"Cancel";"Cancelar";"";""
"Epi.Windows";"Epi.Windows.Dialogs.AdvancedReadDialog";"btnOK.Text";"OK";"OK";"";""
"Epi.Windows";"Epi.Windows.Dialogs.AdvancedReadDialog";"label1.Text";"SQL query:";"Consulta SQL:";"";""
"Epi.Windows";"Epi.Windows.Dialogs.AdvancedReadDialog";"lblDescription.Text";"Advanced mode allows the use of SQL queries to specify the record set to use as the data source. Please enter the SQL query in the text box below. Only SELECT queries are allowed.";"O modo avançado permite usar consultas SQL para especificar o conjunto de registros a ser usado como fonte de dados. Digite a consulta SQL na caixa de texto abaixo. Somente consultas SELECT são permitidas.";"";"Revisado"
"Epi.Windows";"Epi.Windows.Dialogs.BaseReadDialog";"$this.Text";"Select Data Source";"Selecionar fonte de dados";"";"Revisado"
"Epi.Windows";"Epi.Windows.Dialogs.BaseReadDialog";"btnAdvanced.Text";"Advanced";"Avançado";"";"Revisado"
"Epi.Windows";"Epi.Windows.Dialogs.BaseReadDialog";"btnCancel.Text";"Cancel";"Cancelar";"";""
"Epi.Windows";"Epi.Windows.Dialogs.BaseReadDialog";"btnFindDataSource.Text";"Browse";"Procurar…";"PONTUACAO";"Revisado"
"Epi.Windows";"Epi.Windows.Dialogs.BaseReadDialog";"btnHelp.Text";"&Help";"&Ajuda";"";"Revisado"
"Epi.Windows";"Epi.Windows.Dialogs.BaseReadDialog";"btnOK.Text";"OK";"OK";"";"Revisado"
"Epi.Windows";"Epi.Windows.Dialogs.BaseReadDialog";"chkTables.Text";"&Tables";"&Tabelas";"";"Revisado"
"Epi.Windows";"Epi.Windows.Dialogs.BaseReadDialog";"chkViews.Text";"&Forms";"&Formulários";"";"Revisado"
"Epi.Windows";"Epi.Windows.Dialogs.BaseReadDialog";"columnHeaderItem.Text";"Item";"Item";"";""
"Epi.Windows";"Epi.Windows.Dialogs.BaseReadDialog";"gbxExplorer.Text";"Data Source Explorer";"Explorador de fontes de dados";"";"Revisado"
"Epi.Windows";"Epi.Windows.Dialogs.BaseReadDialog";"gbxShow.Text";"&Show";"&Mostrar";"";"Revisado"
"Epi.Windows";"Epi.Windows.Dialogs.BaseReadDialog";"lblDataSource.Text";"&Data Source";"Fonte de &dados";"";"Revisado"
"Epi.Windows";"Epi.Windows.Dialogs.BaseReadDialog";"lblDataSourceDrivers.Text";"Database &Type";"Tipo de &banco de dados";"";"Revisado"
"Epi.Windows";"Epi.Windows.Dialogs.BaseReadDialog";"lblRecentSources.Text";"&Recent Data Sources";"Fontes de dados &recentes";"";"Revisado"
"Epi.Windows";"Epi.Windows.Dialogs.DataTablePropertiesDialog";"$this.Text";"Data Table Properties";"Propriedades da tabela de dados";"";"Revisado"
"Epi.Windows";"Epi.Windows.Dialogs.DataTablePropertiesDialog";"btnCancel.Text";"Cancel";"Cancelar";"";""
"Epi.Windows";"Epi.Windows.Dialogs.DataTablePropertiesDialog";"btnOk.Text";"OK";"OK";"";"Revisado"
"Epi.Windows";"Epi.Windows.Dialogs.DataTablePropertiesDialog";"labelDataTableName.Text";"Data table name:";"Nome da tabela de dados:";"";"Revisado"
"Epi.Windows";"Epi.Windows.Dialogs.DataTablePropertiesDialog";"labelStartingID.Text";"Starting ID:";"ID inicial:";"";"Revisado"
"Epi.Windows";"Epi.Windows.Dialogs.ImportEncryptedDataPackage";"lblDescription.Text";"";"O processo de importação mescla registros de um formulário do Epi Info 7 semelhante ou idêntico, com base no valor de GlobalRecordId de cada registro. Os registros do formulário de destino cujo valor de GlobalRecordId coincide com o de um registro do formulário de origem serão atualizados, e os registros sem correspondência serão acrescentados.";"";"Revisado"
"Epi.Windows";"Epi.Windows.Dialogs.LanguageSelectionDialog";"$this.Text";"Select a Language";"Selecionar um idioma";"";"Revisado"
"Epi.Windows";"Epi.Windows.Dialogs.LanguageSelectionDialog";"btnCancel.Text";"Cancel";"Cancelar";"";""
"Epi.Windows";"Epi.Windows.Dialogs.LanguageSelectionDialog";"btnOk.Text";"OK";"OK";"";"Revisado"
"Epi.Windows";"Epi.Windows.Dialogs.LanguageSelectionDialog";"label1.Text";"Please select the language to be defined.";"Selecione o idioma a ser definido.";"";"Revisado"
"Epi.Windows";"Epi.Windows.Dialogs.OptionsDialog";"$this.Text";"Options";"Opções";"";""
"Epi.Windows";"Epi.Windows.Dialogs.OptionsDialog";"autoTouchKeyboard.Text";"Open touch keyboard on field enter.";"Abrir o teclado virtual ao entrar em um campo.";"";"Revisado"
"Epi.Windows";"Epi.Windows.Dialogs.OptionsDialog";"BindingGroupBox.Text";"Binding Protocol";"Protocolo de binding";"";"Revisado"
"Epi.Windows";"Epi.Windows.Dialogs.OptionsDialog";"btnApply.Text";"&Apply";"&Aplicar";"";"Revisado"
"Epi.Windows";"Epi.Windows.Dialogs.OptionsDialog";"btnBrowseImage.Text";"";"Procurar…";"";"Revisado"
"Epi.Windows";"Epi.Windows.Dialogs.OptionsDialog";"btnCancel.Text";"Cancel";"Cancelar";"";""
"Epi.Windows";"Epi.Windows.Dialogs.OptionsDialog";"btnDeleteTranslation.Text";"Remove";"Remover";"";""
"Epi.Windows";"Epi.Windows.Dialogs.OptionsDialog";"btnEllipse.Text";"Browse";"Procurar…";"PONTUACAO";"Revisado"
"Epi.Windows";"Epi.Windows.Dialogs.OptionsDialog";"btnHelp.Text";"&Help";"A&juda";"";"Revisado"
"Epi.Windows";"Epi.Windows.Dialogs.OptionsDialog";"btnImportDriver.Text";"Import";"Importar";"";""
"Epi.Windows";"Epi.Windows.Dialogs.OptionsDialog";"btnImportGadget.Text";"Import";"Importar";"";""
"Epi.Windows";"Epi.Windows.Dialogs.OptionsDialog";"btnImportTranslation.Text";"Import Translations";"Importar traduções";"";"Revisado"
"Epi.Windows";"Epi.Windows.Dialogs.OptionsDialog";"btnManageLanguages.Text";"&Manage Languages";"&Gerenciar idiomas";"";"Revisado"
"Epi.Windows";"Epi.Windows.Dialogs.OptionsDialog";"btnNew.Text";"Create Translation File";"Criar arquivo de tradução";"";"Revisado"
"Epi.Windows";"Epi.Windows.Dialogs.OptionsDialog";"btnOk.Text";"OK";"OK";"";"Revisado"
"Epi.Windows";"Epi.Windows.Dialogs.OptionsDialog";"btnRemoveDriver.Text";"Remove";"Remover";"";""
"Epi.Windows";"Epi.Windows.Dialogs.OptionsDialog";"btnRemoveGadget.Text";"Remove";"Remover";"";""
"Epi.Windows";"Epi.Windows.Dialogs.OptionsDialog";"btnRestoreDefaults.Text";"&Restore Defaults";"&Restaurar padrões";"";"Revisado"
"Epi.Windows";"Epi.Windows.Dialogs.OptionsDialog";"btnUseDefault.Text";"";"Usar padrão";"";"Revisado"
"Epi.Windows";"Epi.Windows.Dialogs.OptionsDialog";"btnUserInterfaceSettings.Text";"&Edit";"&Editar";"";"Revisado"
"Epi.Windows";"Epi.Windows.Dialogs.OptionsDialog";"button1.Text";"Ping Service";"Testar serviço (ping)";"";"Revisado"
"Epi.Windows";"Epi.Windows.Dialogs.OptionsDialog";"cbxGraphics.Text";"Show Graphics";"Mostrar gráficos";"";"Revisado"
"Epi.Windows";"Epi.Windows.Dialogs.OptionsDialog";"cbxHyperlinks.Text";"Show Hyperlinks";"Mostrar hiperlinks";"";"Revisado"
"Epi.Windows";"Epi.Windows.Dialogs.OptionsDialog";"cbxIncludeMissing.Text";"Include Missing Values";"Incluir valores ausentes";"";"Revisado"
"Epi.Windows";"Epi.Windows.Dialogs.OptionsDialog";"cbxPercents.Text";"Show Percents";"Mostrar porcentagens";"";"Revisado"
"Epi.Windows";"Epi.Windows.Dialogs.OptionsDialog";"cbxSelectCriteria.Text";"Show Selection Criteria";"Mostrar critérios de seleção";"";"Revisado"
"Epi.Windows";"Epi.Windows.Dialogs.OptionsDialog";"cbxShowPrompt.Text";"Show Complete Prompt";"Mostrar rótulo completo";"";"Revisado"
"Epi.Windows";"Epi.Windows.Dialogs.OptionsDialog";"cbxTablesOutput.Text";"Show Tables in Output";"Mostrar tabelas na saída";"";"Revisado"
"Epi.Windows";"Epi.Windows.Dialogs.OptionsDialog";"EWErbBasic.Text";"basic";"basic";"";""
"Epi.Windows";"Epi.Windows.Dialogs.OptionsDialog";"EWErbNoWindows.Text";"No";"Não";"";"Revisado"
"Epi.Windows";"Epi.Windows.Dialogs.OptionsDialog";"EWErbUseWindows.Text";"Yes (requires basic protocol)";"Sim (requer o protocolo basic)";"";"Revisado"
"Epi.Windows";"Epi.Windows.Dialogs.OptionsDialog";"EWErbWSHTTP.Text";"wsHTTP";"wsHTTP";"";""
"Epi.Windows";"Epi.Windows.Dialogs.OptionsDialog";"gbxHTMLOutput.Text";"HTML Output Options";"Opções de saída HTML";"";"Revisado"
"Epi.Windows";"Epi.Windows.Dialogs.OptionsDialog";"gbxProcessRecords.Text";"Process Records";"Processar registros";"";"Revisado"
"Epi.Windows";"Epi.Windows.Dialogs.OptionsDialog";"gbxRepresentBooleans.Text";"Representation of Boolean Values";"Representação de valores booleanos";"";"Revisado"
"Epi.Windows";"Epi.Windows.Dialogs.OptionsDialog";"gbxStatistics.Text";"Statistics";"Estatísticas";"";"Revisado"
"Epi.Windows";"Epi.Windows.Dialogs.OptionsDialog";"groupBox1.Text";"Default Formats";"Formatos padrão";"";"Revisado"
"Epi.Windows";"Epi.Windows.Dialogs.OptionsDialog";"groupBox2.Text";"";"Imagem de fundo";"";"Revisado"
"Epi.Windows";"Epi.Windows.Dialogs.OptionsDialog";"groupBox3.Text";"mnu File";"mnu File";"NAO_TRADUZIDO";"Revisado"
"Epi.Windows";"Epi.Windows.Dialogs.OptionsDialog";"groupBox4.Text";"Dashboard gadgets";"Gadgets do Painel Visual";"";"Revisado"
"Epi.Windows";"Epi.Windows.Dialogs.OptionsDialog";"groupBox5.Text";"Mapping and Geocoding";"Mapeamento e geocodificação";"";"Revisado"
"Epi.Windows";"Epi.Windows.Dialogs.OptionsDialog";"groupBox6.Text";"Connect using Windows Authentication?";"Conectar usando a autenticação do Windows?";"";"Revisado"
"Epi.Windows";"Epi.Windows.Dialogs.OptionsDialog";"groupBox7.Text";"Connect using Windows Authentication?";"Conectar usando a autenticação do Windows?";"";"Revisado"
"Epi.Windows";"Epi.Windows.Dialogs.OptionsDialog";"groupBox8.Text";"";"Protocolo de binding";"";"Revisado"
"Epi.Windows";"Epi.Windows.Dialogs.OptionsDialog";"groupDataDrivers.Text";"Data sources";"Fontes de dados";"";"Revisado"
"Epi.Windows";"Epi.Windows.Dialogs.OptionsDialog";"label1.Text";"Service Key:";"Chave do serviço:";"";"Revisado"
"Epi.Windows";"Epi.Windows.Dialogs.OptionsDialog";"label10.Text";"Endpoint address:";"Endereço do endpoint:";"";"Revisado"
"Epi.Windows";"Epi.Windows.Dialogs.OptionsDialog";"label2.Text";"Default Database Format for new projects:
";"Formato padrão de banco de dados para novos projetos:
";"";"Revisado"
"Epi.Windows";"Epi.Windows.Dialogs.OptionsDialog";"label3.Text";"The following list only contains languages that are currently installed. New language definitions may be imported or created using the options below.";"A lista a seguir contém apenas os idiomas instalados no momento. Novas definições de idioma podem ser importadas ou criadas usando as opções abaixo.";"PT_PT";"Revisado"
"Epi.Windows";"Epi.Windows.Dialogs.OptionsDialog";"label4.Text";"Languages:";"Idiomas:";"";""
"Epi.Windows";"Epi.Windows.Dialogs.OptionsDialog";"label5.Text";"Modify the appearance and behavior of the Menu user interface.";"Modifique a aparência e o comportamento da interface do usuário do Menu.";"";"Revisado"
"Epi.Windows";"Epi.Windows.Dialogs.OptionsDialog";"label6.Text";"";"Imagem de fundo do menu do Epi Info 7";"";"Revisado"
"Epi.Windows";"Epi.Windows.Dialogs.OptionsDialog";"label7.Text";"Working Directory:";"Diretório de Trabalho:";"";""
"Epi.Windows";"Epi.Windows.Dialogs.OptionsDialog";"label8.Text";"Default Data Format for Analysis READ Command:";"Formato de dados padrão para o comando READ da Análise:";"";"Revisado"
"Epi.Windows";"Epi.Windows.Dialogs.OptionsDialog";"label9.Text";"Note: The default Map Service Key should only be used for demo purposes. For optimal performance with mapping and geocoding, please replace the default Key with one retrieved from Microsoft's Bing service:";"Observação: a chave padrão do serviço de mapas deve ser usada apenas para demonstração. Para obter o melhor desempenho no mapeamento e na geocodificação, substitua a chave padrão por uma obtida no serviço Bing da Microsoft:";"";"Revisado"
"Epi.Windows";"Epi.Windows.Dialogs.OptionsDialog";"lblAuthMode.Text";"";"Modo de autenticação:";"";"Revisado"
"Epi.Windows";"Epi.Windows.Dialogs.OptionsDialog";"lblEndpoint.Text";"Endpoint address:";"Endereço do endpoint:";"";"Revisado"
"Epi.Windows";"Epi.Windows.Dialogs.OptionsDialog";"lblMissingAs.Text";"MISSING As:";"AUSENTE como:";"";"Revisado"
"Epi.Windows";"Epi.Windows.Dialogs.OptionsDialog";"lblNoAs.Text";"NO As:";"NÃO como:";"";"Revisado"
"Epi.Windows";"Epi.Windows.Dialogs.OptionsDialog";"lblPrecision.Text";"Precision:";"Precisão:";"";"Revisado"
"Epi.Windows";"Epi.Windows.Dialogs.OptionsDialog";"lblYesAs.Text";"YES As:";"SIM como:";"";"Revisado"
"Epi.Windows";"Epi.Windows.Dialogs.OptionsDialog";"linkLabel1.Text";"http://www.bingmapsportal.com/";"http://www.bingmapsportal.com/";"NAO_TRADUZIDO";""
"Epi.Windows";"Epi.Windows.Dialogs.OptionsDialog";"Ping.Text";"Ping Service";"Testar serviço (ping)";"";"Revisado"
"Epi.Windows";"Epi.Windows.Dialogs.OptionsDialog";"rbBasic.Text";"basic";"basic";"";"Revisado"
"Epi.Windows";"Epi.Windows.Dialogs.OptionsDialog";"rbNoWindows.Text";"No";"Não";"";""
"Epi.Windows";"Epi.Windows.Dialogs.OptionsDialog";"rbUseWindows.Text";"Yes (requires basic protocol)";"Sim (requer o protocolo basic)";"";"Revisado"
"Epi.Windows";"Epi.Windows.Dialogs.OptionsDialog";"rbWSHTTP.Text";"wsHTTP";"wsHTTP";"";""
"Epi.Windows";"Epi.Windows.Dialogs.OptionsDialog";"rdbAdvanced.Text";"Advanced";"Avançado";"";"Revisado"
"Epi.Windows";"Epi.Windows.Dialogs.OptionsDialog";"rdbBoth.Text";"Both";"Ambos";"";""
"Epi.Windows";"Epi.Windows.Dialogs.OptionsDialog";"rdbDeleted.Text";"Deleted Records Only";"Somente registros excluídos";"";"Revisado"
"Epi.Windows";"Epi.Windows.Dialogs.OptionsDialog";"rdbIntermediate.Text";"Intermediate";"Intermediário";"";"Revisado"
"Epi.Windows";"Epi.Windows.Dialogs.OptionsDialog";"rdbMinimal.Text";"Minimal";"Mínimo";"";""
"Epi.Windows";"Epi.Windows.Dialogs.OptionsDialog";"rdbNone.Text";"None";"Nenhum";"";"Revisado"
"Epi.Windows";"Epi.Windows.Dialogs.OptionsDialog";"rdbNormal.Text";"Undeleted Records only (Normal)";"Somente registros não excluídos (normal)";"";"Revisado"
"Epi.Windows";"Epi.Windows.Dialogs.OptionsDialog";"tabAnalysis.Text";"Analysis";"Análise";"";""
"Epi.Windows";"Epi.Windows.Dialogs.OptionsDialog";"tabGeneral.Text";"General";"Geral";"";""
"Epi.Windows";"Epi.Windows.Dialogs.OptionsDialog";"tabLanguage.Text";"Language";"Idioma";"";""
"Epi.Windows";"Epi.Windows.Dialogs.OptionsDialog";"tabPageDateTimeFormat.Text";"";"Data/hora";"";"Revisado"
"Epi.Windows";"Epi.Windows.Dialogs.OptionsDialog";"tabPageWebEnter.Text";"Cloud Data Capture";"Cloud Data Capture";"";"Revisado"
"Epi.Windows";"Epi.Windows.Dialogs.OptionsDialog";"tabPageWebSurvey.Text";"Web Survey";"Web Survey";"";"Revisado"
"Epi.Windows";"Epi.Windows.Dialogs.OptionsDialog";"tabPlugIns.Text";"Plug-Ins";"Plug-ins";"";"Revisado"
"Epi.Windows";"Epi.Windows.Dialogs.OptionsDialog";"tabPlugIns.ToolTipText";"Add, Modify and Delete Plug-Ins";"Adicionar, modificar e excluir plug-ins";"";"Revisado"
"Epi.Windows";"Epi.Windows.Dialogs.ProjectCreationDialog";"$this.Text";"New Project";"Novo projeto";"";"Revisado"
"Epi.Windows";"Epi.Windows.Dialogs.ProjectCreationDialog";"btnBrowseProjectLocation.Text";"Browse";"Procurar…";"PONTUACAO";"Revisado"
"Epi.Windows";"Epi.Windows.Dialogs.ProjectCreationDialog";"btnBuildCollectedDataConnectionString.Text";"Browse";"Procurar…";"PONTUACAO";"Revisado"
"Epi.Windows";"Epi.Windows.Dialogs.ProjectCreationDialog";"btnCancel.Text";"Cancel";"Cancelar";"";""
"Epi.Windows";"Epi.Windows.Dialogs.ProjectCreationDialog";"btnHelp.Text";"Help";"Ajuda";"";""
"Epi.Windows";"Epi.Windows.Dialogs.ProjectCreationDialog";"btnOk.Text";"OK";"OK";"";"Revisado"
"Epi.Windows";"Epi.Windows.Dialogs.ProjectCreationDialog";"grpData.Text";"Data";"Dados";"";""
"Epi.Windows";"Epi.Windows.Dialogs.ProjectCreationDialog";"grpMetadata.Text";"Metadata";"Metadados";"";"Revisado"
"Epi.Windows";"Epi.Windows.Dialogs.ProjectCreationDialog";"grpProject.Text";"Project";"Projeto";"";""
"Epi.Windows";"Epi.Windows.Dialogs.ProjectCreationDialog";"grpView.Text";"Form";"Formulário";"";""
"Epi.Windows";"Epi.Windows.Dialogs.ProjectCreationDialog";"lblCollectedData.Text";"Data Repository";"Repositório de dados";"";"Revisado"
"Epi.Windows";"Epi.Windows.Dialogs.ProjectCreationDialog";"lblDescription.Text";"Description";"Descrição";"";""
"Epi.Windows";"Epi.Windows.Dialogs.ProjectCreationDialog";"lblLocation.Text";"Location";"Local";"";"Revisado"
"Epi.Windows";"Epi.Windows.Dialogs.ProjectCreationDialog";"lblMetadata.Text";"Form Repository";"Repositório de formulários";"";"Revisado"
"Epi.Windows";"Epi.Windows.Dialogs.ProjectCreationDialog";"lblProjectName.Text";"Name";"Nome";"";""
"Epi.Windows";"Epi.Windows.Dialogs.ProjectCreationDialog";"lblViewName.Text";"Form Name";"Nome do formulário";"LONGO";"Revisado"
"Epi.Windows";"Epi.Windows.Dialogs.ProjectCreationDialog";"rdbDifferentDb.Text";"Different Database";"Outro banco de dados";"";"Revisado"
"Epi.Windows";"Epi.Windows.Dialogs.ProjectCreationDialog";"rdbSameDb.Text";"Same database";"Mesmo banco de dados";"";"Revisado"
"Epi.Windows";"Epi.Windows.Dialogs.ProjectCreationDialog";"rdbXml.Text";"XML";"XML";"";""
"Epi.Windows";"Epi.Windows.Dialogs.ProjectFromTemplateDialog";"$this.Text";"New Project from Template";"Novo projeto a partir de modelo";"";"Revisado"
"Epi.Windows";"Epi.Windows.Dialogs.ProjectFromTemplateDialog";"btnBrowseProjectLocation.Text";"Browse";"Procurar…";"PONTUACAO";"Revisado"
"Epi.Windows";"Epi.Windows.Dialogs.ProjectFromTemplateDialog";"btnBuildCollectedDataConnectionString.Text";"Browse";"Procurar…";"PONTUACAO";"Revisado"
"Epi.Windows";"Epi.Windows.Dialogs.ProjectFromTemplateDialog";"btnCancel.Text";"Cancel";"Cancelar";"";""
"Epi.Windows";"Epi.Windows.Dialogs.ProjectFromTemplateDialog";"btnHelp.Text";"Help";"Ajuda";"";""
"Epi.Windows";"Epi.Windows.Dialogs.ProjectFromTemplateDialog";"btnOk.Text";"OK";"OK";"";"Revisado"
"Epi.Windows";"Epi.Windows.Dialogs.ProjectFromTemplateDialog";"grpData.Text";"Data";"Dados";"";""
"Epi.Windows";"Epi.Windows.Dialogs.ProjectFromTemplateDialog";"grpProject.Text";"New Project";"Novo projeto";"";"Revisado"
"Epi.Windows";"Epi.Windows.Dialogs.ProjectFromTemplateDialog";"lblCollectedData.Text";"Data Repository";"Repositório de dados";"";"Revisado"
"Epi.Windows";"Epi.Windows.Dialogs.ProjectFromTemplateDialog";"lblDescription.Text";"";"Descrição";"";""
"Epi.Windows";"Epi.Windows.Dialogs.ProjectFromTemplateDialog";"lblLocation.Text";"Location";"Local";"";"Revisado"
"Epi.Windows";"Epi.Windows.Dialogs.ProjectFromTemplateDialog";"lblProjectName.Text";"Name";"Nome";"";""
"Epi.Windows";"Epi.Windows.Dialogs.ReadRelatedDialog";"$this.Text";"Select Data Source";"Selecionar fonte de dados";"";"Revisado"
"Epi.Windows";"Epi.Windows.Dialogs.ReadRelatedDialog";"btnCancel.Text";"Cancel";"Cancelar";"";""
"Epi.Windows";"Epi.Windows.Dialogs.ReadRelatedDialog";"btnFindDataSource.Text";"Browse";"Procurar…";"PONTUACAO";"Revisado"
"Epi.Windows";"Epi.Windows.Dialogs.ReadRelatedDialog";"btnHelp.Text";"&Help";"&Ajuda";"";"Revisado"
"Epi.Windows";"Epi.Windows.Dialogs.ReadRelatedDialog";"btnOK.Text";"OK";"OK";"";"Revisado"
"Epi.Windows";"Epi.Windows.Dialogs.ReadRelatedDialog";"cbxUseUnmatched.Text";"Use Unmatched (ALL)";"Usar não pareados (ALL)";"";"Revisado"
"Epi.Windows";"Epi.Windows.Dialogs.ReadRelatedDialog";"chkTables.Text";"&Tables";"&Tabelas";"";"Revisado"
"Epi.Windows";"Epi.Windows.Dialogs.ReadRelatedDialog";"chkViews.Text";"&Views";"&Formulários";"";"Revisado"
"Epi.Windows";"Epi.Windows.Dialogs.ReadRelatedDialog";"columnHeaderItem.Text";"Item";"Item";"";""
"Epi.Windows";"Epi.Windows.Dialogs.ReadRelatedDialog";"gbxExplorer.Text";"Data Source Explorer";"Explorador de fontes de dados";"";"Revisado"
"Epi.Windows";"Epi.Windows.Dialogs.ReadRelatedDialog";"gbxShow.Text";"&Show";"&Mostrar";"";"Revisado"
"Epi.Windows";"Epi.Windows.Dialogs.ReadRelatedDialog";"label1.Text";"Parent Key Field:";"Campo da chave pai:";"";"Revisado"
"Epi.Windows";"Epi.Windows.Dialogs.ReadRelatedDialog";"label2.Text";"Child Key Field:";"Campo da chave filha:";"";"Revisado"
"Epi.Windows";"Epi.Windows.Dialogs.ReadRelatedDialog";"lblDataSource.Text";"&Data Source";"Fonte de &dados";"";"Revisado"
"Epi.Windows";"Epi.Windows.Dialogs.ReadRelatedDialog";"lblDataSourceDrivers.Text";"Database &Type";"Tipo de &banco de dados";"";"Revisado"
"Epi.Windows";"Epi.Windows.Dialogs.ReadRelatedDialog";"lblRecentSources.Text";"&Recent Data Sources";"Fontes de dados &recentes";"";"Revisado"
"Epi.Windows";"Epi.Windows.Dialogs.ViewSelectionDialog";"$this.Text";"Open Form";"Abrir formulário";"";"Revisado"
"Epi.Windows";"Epi.Windows.Dialogs.ViewSelectionDialog";"btnCancel.Text";"&Cancel";"&Cancelar";"";"Revisado"
"Epi.Windows";"Epi.Windows.Dialogs.ViewSelectionDialog";"btnFindProject.Text";"Browse";"Procurar…";"PONTUACAO";"Revisado"
"Epi.Windows";"Epi.Windows.Dialogs.ViewSelectionDialog";"btnOK.Text";"&OK";"&OK";"";"Revisado"
"Epi.Windows";"Epi.Windows.Dialogs.ViewSelectionDialog";"label1.Text";"&Forms";"&Formulários";"";"Revisado"
"Epi.Windows";"Epi.Windows.Dialogs.ViewSelectionDialog";"lblCurrentProj.Text";"Current &Project";"&Projeto atual";"";"Revisado"
"Epi.Windows";"Epi.Windows.Docking.DockWindow";"$this.Text";"DockWindow";"DockWindow";"NAO_TRADUZIDO";"Revisado"
"Epi.Windows";"Epi.Windows.MainForm";"statusStrip1.Text";"statusStrip1";"statusStrip1";"";""
"Epi.Windows";"Epi.Windows.MainForm";"tsslCaps.Text";"CAPS";"CAPS";"";""
"Epi.Windows";"Epi.Windows.MainForm";"tsslINS.Text";"INS";"INS";"";""
"Epi.Windows";"Epi.Windows.MainForm";"tsslLocale.Text";"Locale";"Localidade";"";"Revisado"
"Epi.Windows";"Epi.Windows.MainForm";"tsslLocale.ToolTipText";"Current locale";"Localidade atual";"";"Revisado"
"Epi.Windows";"Epi.Windows.MainForm";"tsslMessage.Text";"Ready";"Pronto";"";"Revisado"
"Epi.Windows";"Epi.Windows.MainForm";"tsslNUM.Text";"NUM";"NUM";"";""
"Epi.Windows";"Epi.Windows.MainForm";"tsslReleaseDate.Text";"";"Data";"";""
"Epi.Windows";"Epi.Windows.MainForm";"tsslReleaseDate.ToolTipText";"";"Data da versão";"";"Revisado"
"Epi.Windows";"Epi.Windows.MainForm";"tsslVersion.Text";"Version";"Versão";"";""
"Epi.Windows";"Epi.Windows.MainForm";"tsslVersion.ToolTipText";"Version number";"Número da versão";"";"Revisado"
"Epi.Windows.Globalization";"Epi.Windows.Globalization.Forms.LocalizationManager";"$this.Text";"Localization Manager";"Gerenciador de localização";"";"Revisado"
"Epi.Windows.Globalization";"Epi.Windows.Globalization.Forms.LocalizationManager";"btnExit.Text";"Exit";"Sair";"";""
"Epi.Windows.Globalization";"Epi.Windows.Globalization.Forms.LocalizationManager";"btnExport.Text";"Export";"Exportar";"";""
"Epi.Windows.Globalization";"Epi.Windows.Globalization.Forms.LocalizationManager";"btnHelp.Text";"Help";"Ajuda";"";""
"Epi.Windows.Globalization";"Epi.Windows.Globalization.Forms.LocalizationManager";"btnImport.Text";"Import";"Importar";"";""
"Epi.Windows.Globalization";"Epi.Windows.Globalization.Forms.LocalizationManager";"btnRemove.Text";"Remove";"Remover";"";""
"Epi.Windows.Globalization";"Epi.Windows.Globalization.Forms.LocalizationManager";"btnTest.Text";"DEBUG";"DEBUG";"";""
"Epi.Windows.Globalization";"Epi.Windows.Globalization.Forms.LocalizationManager";"chkExportOptions.Text";"Show advanced export options";"Mostrar opções avançadas de exportação";"";"Revisado"
"Epi.Windows.Globalization";"Epi.Windows.Globalization.Forms.LocalizationManager";"exitToolStripMenuItem.Text";"E&xit";"&Sair";"";"Revisado"
"Epi.Windows.Globalization";"Epi.Windows.Globalization.Forms.LocalizationManager";"fileToolStripMenuItem.Text";"&File";"&Arquivo";"";"Revisado"
"Epi.Windows.Globalization";"Epi.Windows.Globalization.Forms.LocalizationManager";"groupBox1.Text";"Languages";"Idiomas";"";""
"Epi.Windows.Globalization";"Epi.Windows.Globalization.Forms.LocalizationManager";"groupBoxExport.Text";"Advanced Export Options";"Opções avançadas de exportação";"";"Revisado"
"Epi.Windows.Globalization";"Epi.Windows.Globalization.Forms.LocalizationManager";"importToolStripMenuItem.Text";"&Import";"&Importar";"";"Revisado"
"Epi.Windows.Globalization";"Epi.Windows.Globalization.Forms.LocalizationManager";"label1.Text";"Remove selected language files";"Remover os arquivos de idioma selecionados";"";"Revisado"
"Epi.Windows.Globalization";"Epi.Windows.Globalization.Forms.LocalizationManager";"label2.Text";"Epi Info can be localized to support a variety of languages and cultures. This program allows you to import and export language sets and translated HELP files (manuals).";"O Epi Info pode ser localizado para oferecer suporte a diversos idiomas e culturas. Este programa permite importar e exportar conjuntos de idiomas e arquivos de AJUDA (manuais) traduzidos.";"";"Revisado"
"Epi.Windows.Globalization";"Epi.Windows.Globalization.Forms.LocalizationManager";"label3.Text";"Export selected language to XLS, MDB, or TEXT file format";"Exportar o idioma selecionado para o formato XLS, MDB ou TEXT";"";"Revisado"
"Epi.Windows.Globalization";"Epi.Windows.Globalization.Forms.LocalizationManager";"lblImport.Text";"Import and install an existing Epi Info language translation";"Importar e instalar uma tradução existente do Epi Info";"";"Revisado"
"Epi.Windows.Globalization";"Epi.Windows.Globalization.Forms.LocalizationManager";"lblInstalledLanguages.Text";"The following cultures are currently installed:";"As culturas a seguir estão instaladas no momento:";"";"Revisado"
"Epi.Windows.Globalization";"Epi.Windows.Globalization.Forms.LocalizationManager";"menuStrip.Text";"menuStrip1";"menuStrip1";"";""
"Epi.Windows.Globalization";"Epi.Windows.Globalization.Forms.LocalizationManager";"rbCreateAutoTranslate.Text";"Translate Language using Web Service";"Traduzir o idioma usando serviço da web";"";"Revisado"
"Epi.Windows.Globalization";"Epi.Windows.Globalization.Forms.LocalizationManager";"rbCreateCopy.Text";"Copy Language (default)";"Copiar idioma (padrão)";"";"Revisado"
"Epi.Windows.Globalization";"Epi.Windows.Globalization.Forms.LocalizationManager";"rbCreateExpansion.Text";"Double Text";"Texto duplo";"";"Revisado"
"Epi.Windows.Globalization";"Epi.Windows.Globalization.Forms.LocalizationManager";"rbCreateLegacyEpiDatabase.Text";"Translate Language using Epi 3.x database";"Traduzir o idioma usando um banco de dados do Epi 3.x";"";"Revisado"
"Epi.Windows.Globalization";"Epi.Windows.Globalization.Forms.LocalizationManager";"rbCreateReverse.Text";"Reverse Characters";"Inverter caracteres";"";"Revisado"
"Epi.Windows.Globalization";"Epi.Windows.Globalization.SharedStrings";"ADDING_SPACE";"Adding";"Adicionando";"";""
"Epi.Windows.Globalization";"Epi.Windows.Globalization.SharedStrings";"CANNOT_AUTO_TRANSLATE";"Automatic translation is not supported for the selected language.";"A tradução automática não é compatível com o idioma selecionado.";"";"Revisado"
"Epi.Windows.Globalization";"Epi.Windows.Globalization.SharedStrings";"COMPLETE_PERIOD";"Complete.";"Concluído.";"";"Revisado"
"Epi.Windows.Globalization";"Epi.Windows.Globalization.SharedStrings";"CONFIRM_LANGUAGE_DELETION";"Remove selected language and delete all language files? Note: this action cannot be undone.";"Remover o idioma selecionado e excluir todos os arquivos de idioma? Observação: esta ação não pode ser desfeita.";"";"Revisado"
"Epi.Windows.Globalization";"Epi.Windows.Globalization.SharedStrings";"DELETED_ALL_ROWS";"Deleted all rows from master resource table.";"Todas as linhas da tabela de recursos principal foram excluídas.";"";"Revisado"
"Epi.Windows.Globalization";"Epi.Windows.Globalization.SharedStrings";"DELETING_EXISTING_RECORDS";"Deleting existing records.";"Excluindo os registros existentes.";"";"Revisado"
"Epi.Windows.Globalization";"Epi.Windows.Globalization.SharedStrings";"ERROR_MESSAGE";"ERROR: {0}";"ERRO: {0}";"";""
"Epi.Windows.Globalization";"Epi.Windows.Globalization.SharedStrings";"EXTRACTION_COMPLETE";"Completed extraction of {0} resource strings.";"Extração de {0} textos de recurso concluída.";"";"Revisado"
"Epi.Windows.Globalization";"Epi.Windows.Globalization.SharedStrings";"EXTRACTION_COUNT";"{1} strings extracted from {0}";"{1} textos extraídos de {0}";"";"Revisado"
"Epi.Windows.Globalization";"Epi.Windows.Globalization.SharedStrings";"FAILED";"Failed";"Falha";"";""
"Epi.Windows.Globalization";"Epi.Windows.Globalization.SharedStrings";"FOUND_LANGUAGE";"Found existing language: '{0}'.";"Idioma existente encontrado: '{0}'.";"";"Revisado"
"Epi.Windows.Globalization";"Epi.Windows.Globalization.SharedStrings";"INSTALLING_LANGUAGE";"Installing '{0}' language:";"Instalando o idioma '{0}':";"";"Revisado"
"Epi.Windows.Globalization";"Epi.Windows.Globalization.SharedStrings";"INVALID_BUILD_FOLDER";"Invalid build folder specified.";"Pasta de compilação inválida.";"";"Revisado"
"Epi.Windows.Globalization";"Epi.Windows.Globalization.SharedStrings";"LANGUAGE_DELETION_CONFIRM";"Deleted language folder '{0}'.";"Pasta de idioma '{0}' excluída.";"";"Revisado"
"Epi.Windows.Globalization";"Epi.Windows.Globalization.SharedStrings";"LOADED_RESOURCES";"Loaded {0} resources from database.";"{0} recursos carregados do banco de dados.";"";"Revisado"
"Epi.Windows.Globalization";"Epi.Windows.Globalization.SharedStrings";"NO_LANGUAGES_FOUND";"No languages found.";"Nenhum idioma encontrado.";"";"Revisado"
"Epi.Windows.Globalization";"Epi.Windows.Globalization.SharedStrings";"SATELLITE_INSTALLATION";"Installed compiled satellite assembly '{0}'.";"Assembly satélite compilado '{0}' instalado.";"";"Revisado"
"Epi.Windows.Globalization";"Epi.Windows.Globalization.SharedStrings";"SEARCHING_LANGUAGES";"Searching for languages in '{0}'";"Procurando idiomas em '{0}'";"";"Revisado"
"Epi.Windows.Globalization";"Epi.Windows.Globalization.SharedStrings";"TRANSLATING";"Translating '{0}'";"Traduzindo '{0}'";"";""
"Epi.Windows.Globalization";"Epi.Windows.Globalization.SharedStrings";"WARNING";"Warning";"Aviso";"";""
"Epi.Windows.ImportExport";"Epi.ImportExport.Dialogs.TableToViewDialog";"label3.Text";"The Table-to-Form utility converts a non-Epi Info 7 data source to an Epi Info 7 form. You may make changes to how the import is conducted using this dialog. If no changes are required, click ""Convert"" to begin the conversion process.";"O utilitário Tabela para Formulário converte uma fonte de dados que não é do Epi Info 7 em um formulário do Epi Info 7. Você pode alterar como a importação é feita usando este diálogo. Se não forem necessárias alterações, clique em ""Converter"" para iniciar o processo de conversão.";"";"Revisado"
"Epi.Windows.ImportExport";"Epi.Windows.ImportExport.Dialogs.FieldSelectionDialog";"$this.Text";"Select Field";"Selecionar campo";"";"Revisado"
"Epi.Windows.ImportExport";"Epi.Windows.ImportExport.Dialogs.FieldSelectionDialog";"btnCancel.Text";"Cancel";"Cancelar";"";""
"Epi.Windows.ImportExport";"Epi.Windows.ImportExport.Dialogs.FieldSelectionDialog";"btnOK.Text";"OK";"OK";"";""
"Epi.Windows.ImportExport";"Epi.Windows.ImportExport.Dialogs.FieldSelectionDialog";"label1.Text";"Select a field:";"Selecione um campo:";"";"Revisado"
"Epi.Windows.ImportExport";"Epi.Windows.ImportExport.Dialogs.ImportEncryptedDataPackageDialog";"$this.Text";"Import Encrypted Data Package";"Importar pacote de dados criptografado";"";"Revisado"
"Epi.Windows.ImportExport";"Epi.Windows.ImportExport.Dialogs.ImportEncryptedDataPackageDialog";"btnAdvanced.Text";"Advanced Options";"Opções avançadas";"";"Revisado"
"Epi.Windows.ImportExport";"Epi.Windows.ImportExport.Dialogs.ImportEncryptedDataPackageDialog";"btnBrowse.Text";"Browse";"Procurar…";"PONTUACAO";"Revisado"
"Epi.Windows.ImportExport";"Epi.Windows.ImportExport.Dialogs.ImportEncryptedDataPackageDialog";"btnCancel.Text";"Close";"Fechar";"";"Revisado"
"Epi.Windows.ImportExport";"Epi.Windows.ImportExport.Dialogs.ImportEncryptedDataPackageDialog";"btnOK.Text";"Import";"Importar";"";""
"Epi.Windows.ImportExport";"Epi.Windows.ImportExport.Dialogs.ImportEncryptedDataPackageDialog";"checkboxBatchImport.Text";"Is batch import";"Importação em lote";"";"Revisado"
"Epi.Windows.ImportExport";"Epi.Windows.ImportExport.Dialogs.ImportEncryptedDataPackageDialog";"groupImportInfo.Text";"Import Information";"Informações da importação";"";"Revisado"
"Epi.Windows.ImportExport";"Epi.Windows.ImportExport.Dialogs.ImportEncryptedDataPackageDialog";"grpTypeOfImport.Text";"Type of Import";"Tipo de importação";"";"Revisado"
"Epi.Windows.ImportExport";"Epi.Windows.ImportExport.Dialogs.ImportEncryptedDataPackageDialog";"lblDescription.Text";"The import process will merge records from a similar or identical Epi Info 7 form based on each record's GlobalRecordId value. Records in the destination form whose GlobalRecordId value matches a record in the source form will be updated, and unmatched records will be appended. Fields that exist in only the source form or only the destination form will be ignored.
";"O processo de importação mescla registros de um formulário do Epi Info 7 semelhante ou idêntico, com base no valor de GlobalRecordId de cada registro. Os registros do formulário de destino cujo valor de GlobalRecordId coincide com o de um registro do formulário de origem serão atualizados, e os registros sem correspondência serão acrescentados. Os campos que existem apenas no formulário de origem ou apenas no formulário de destino serão ignorados.
";"";"Revisado"
"Epi.Windows.ImportExport";"Epi.Windows.ImportExport.Dialogs.ImportEncryptedDataPackageDialog";"lblPassword.Text";"Password:";"Senha:";"";"Revisado"
"Epi.Windows.ImportExport";"Epi.Windows.ImportExport.Dialogs.ImportEncryptedDataPackageDialog";"lblProjectFile.Text";"Encrypted data package(s) to import:";"Pacote(s) de dados criptografado(s) a importar:";"";"Revisado"
"Epi.Windows.ImportExport";"Epi.Windows.ImportExport.Dialogs.ImportEncryptedDataPackageDialog";"lblWarning.Text";"Warning:";"Aviso:";"";"Revisado"
"Epi.Windows.ImportExport";"Epi.Windows.ImportExport.Dialogs.ImportEncryptedDataPackageDialog";"lblWarningMessage.Text";"Import operations are permanent and cannot be undone. Be sure the form structures are the same (including all form names and form table names) before proceeding.";"As operações de importação são permanentes e não podem ser desfeitas. Confirme que as estruturas dos formulários são iguais (incluindo todos os nomes de formulários e de tabelas dos formulários) antes de continuar.";"";"Revisado"
"Epi.Windows.ImportExport";"Epi.Windows.ImportExport.Dialogs.ImportEncryptedDataPackageDialog";"rdbAppend.Text";"Append records only";"Somente acrescentar registros";"";"Revisado"
"Epi.Windows.ImportExport";"Epi.Windows.ImportExport.Dialogs.ImportEncryptedDataPackageDialog";"rdbUpdate.Text";"Update records only";"Somente atualizar registros";"";"Revisado"
"Epi.Windows.ImportExport";"Epi.Windows.ImportExport.Dialogs.ImportEncryptedDataPackageDialog";"rdbUpdateAndAppend.Text";"Update and append records";"Atualizar e acrescentar registros";"";"Revisado"
"Epi.Windows.ImportExport";"Epi.Windows.ImportExport.Dialogs.ImportEncryptedDataPackageDialog";"toolStripMenuItem_Copy.Text";"Copy to Clipboard";"Copiar para a Área de Transferência";"LONGO";"Revisado"
"Epi.Windows.ImportExport";"Epi.Windows.ImportExport.Dialogs.ImportEncryptedDataPackageDialog";"txtProgress.Text";"Ready";"Pronto";"";"Revisado"
"Epi.Windows.ImportExport";"Epi.Windows.ImportExport.Dialogs.PackageAdvancedOptionsDialog";"$this.Text";"Advanced Options";"Opções avançadas";"";"Revisado"
"Epi.Windows.ImportExport";"Epi.Windows.ImportExport.Dialogs.PackageAdvancedOptionsDialog";"btnCancel.Text";"Cancel";"Cancelar";"";""
"Epi.Windows.ImportExport";"Epi.Windows.ImportExport.Dialogs.PackageAdvancedOptionsDialog";"btnOK.Text";"OK";"OK";"";""
"Epi.Windows.ImportExport";"Epi.Windows.ImportExport.Dialogs.PackageAdvancedOptionsDialog";"checkboxCustomEncryption.Text";"Enable custom encryption";"Ativar criptografia personalizada";"";"Revisado"
"Epi.Windows.ImportExport";"Epi.Windows.ImportExport.Dialogs.PackageAdvancedOptionsDialog";"checkboxIncludeCodeTables.Text";"Include code tables in package";"Incluir tabelas de códigos no pacote";"";"Revisado"
"Epi.Windows.ImportExport";"Epi.Windows.ImportExport.Dialogs.PackageAdvancedOptionsDialog";"checkboxIncludeGrids.Text";"Include grid data in package";"Incluir dados de grades no pacote";"";"Revisado"
"Epi.Windows.ImportExport";"Epi.Windows.ImportExport.Dialogs.PackageAdvancedOptionsDialog";"grpSecurity.Text";"Encryption";"Criptografia";"";"Revisado"
"Epi.Windows.ImportExport";"Epi.Windows.ImportExport.Dialogs.PackageAdvancedOptionsDialog";"label1.Text";"Custom Salt Value:";"Valor de salt personalizado:";"";"Revisado"
"Epi.Windows.ImportExport";"Epi.Windows.ImportExport.Dialogs.PackageAdvancedOptionsDialog";"label2.Text";"Iterations:";"Iterações:";"";"Revisado"
"Epi.Windows.ImportExport";"Epi.Windows.ImportExport.Dialogs.PackageAdvancedOptionsDialog";"lblFormDataToInclude.Text";"Form data to include:";"Dados do formulário a incluir:";"";"Revisado"
"Epi.Windows.ImportExport";"Epi.Windows.ImportExport.Dialogs.PackageAdvancedOptionsDialog";"lblInitVector.Text";"Custom Initialization Vector:";"Vetor de inicialização personalizado:";"";"Revisado"
"Epi.Windows.ImportExport";"Epi.Windows.ImportExport.Dialogs.PackageAdvancedOptionsDialog";"lblMain.Text";"These options can be used to change the encryption parameters for the data package. These settings should only be modified by experienced users.";"Estas opções permitem alterar os parâmetros de criptografia do pacote de dados. Elas só devem ser modificadas por usuários experientes.";"";"Revisado"
"Epi.Windows.ImportExport";"Epi.Windows.ImportExport.Dialogs.PackageColumnRemovalDialog";"$this.Text";"Remove Columns from Data Package";"Remover colunas do pacote de dados";"";"Revisado"
"Epi.Windows.ImportExport";"Epi.Windows.ImportExport.Dialogs.PackageColumnRemovalDialog";"btnCancel.Text";"Cancel";"Cancelar";"";""
"Epi.Windows.ImportExport";"Epi.Windows.ImportExport.Dialogs.PackageColumnRemovalDialog";"btnOK.Text";"OK";"OK";"";""
"Epi.Windows.ImportExport";"Epi.Windows.ImportExport.Dialogs.PackageColumnRemovalDialog";"label1.Text";"Use this dialog to remove data from columns in the selected form or any of its related forms.";"Use este diálogo para remover dados de colunas do formulário selecionado ou de qualquer um de seus formulários relacionados.";"";"Revisado"
"Epi.Windows.ImportExport";"Epi.Windows.ImportExport.Dialogs.PackageColumnRemovalDialog";"lblFields.Text";"Select fields to remove from the package:";"Selecione os campos a remover do pacote:";"";"Revisado"
"Epi.Windows.ImportExport";"Epi.Windows.ImportExport.Dialogs.PackageColumnRemovalDialog";"lblForm.Text";"Select a form on which to remove field data:";"Selecione um formulário do qual remover dados de campos:";"";"Revisado"
"Epi.Windows.ImportExport";"Epi.Windows.ImportExport.Dialogs.PackageForTransportDialog";"$this.Text";"Package data for transport";"Empacotar dados para transporte";"";"Revisado"
"Epi.Windows.ImportExport";"Epi.Windows.ImportExport.Dialogs.PackageForTransportDialog";"btnAdvanced.Text";"Advanced Options";"Opções avançadas";"";"Revisado"
"Epi.Windows.ImportExport";"Epi.Windows.ImportExport.Dialogs.PackageForTransportDialog";"btnBrowsePackage.Text";"Browse";"Procurar…";"PONTUACAO";"Revisado"
"Epi.Windows.ImportExport";"Epi.Windows.ImportExport.Dialogs.PackageForTransportDialog";"btnBrowseProject.Text";"Browse";"Procurar…";"PONTUACAO";"Revisado"
"Epi.Windows.ImportExport";"Epi.Windows.ImportExport.Dialogs.PackageForTransportDialog";"btnCancel.Text";"Close";"Fechar";"";"Revisado"
"Epi.Windows.ImportExport";"Epi.Windows.ImportExport.Dialogs.PackageForTransportDialog";"btnFormDataRemoval.Text";"Remove Data in Fields";"Remover dados dos campos";"";"Revisado"
"Epi.Windows.ImportExport";"Epi.Windows.ImportExport.Dialogs.PackageForTransportDialog";"btnGridDataRemoval.Text";"Remove Data in Grids";"Remover dados das grades";"";"Revisado"
"Epi.Windows.ImportExport";"Epi.Windows.ImportExport.Dialogs.PackageForTransportDialog";"btnKeyFields.Text";"Set Match Keys";"Definir chaves de correspondência";"LONGO";"Revisado"
"Epi.Windows.ImportExport";"Epi.Windows.ImportExport.Dialogs.PackageForTransportDialog";"btnLoad.Text";"Load Script";"Carregar script";"";"Revisado"
"Epi.Windows.ImportExport";"Epi.Windows.ImportExport.Dialogs.PackageForTransportDialog";"btnOK.Text";"Package";"Empacotar";"";"Revisado"
"Epi.Windows.ImportExport";"Epi.Windows.ImportExport.Dialogs.PackageForTransportDialog";"btnRowFilter.Text";"Select Records";"Selecionar registros";"";"Revisado"
"Epi.Windows.ImportExport";"Epi.Windows.ImportExport.Dialogs.PackageForTransportDialog";"btnSave.Text";"Save Script";"Salvar script";"";"Revisado"
"Epi.Windows.ImportExport";"Epi.Windows.ImportExport.Dialogs.PackageForTransportDialog";"checkboxIncludeTime.Text";"Append timestamp to file name";"Acrescentar data/hora ao nome do arquivo";"";"Revisado"
"Epi.Windows.ImportExport";"Epi.Windows.ImportExport.Dialogs.PackageForTransportDialog";"grpDataRemoval.Text";"Data Removal and Security";"Remoção de dados e segurança";"";"Revisado"
"Epi.Windows.ImportExport";"Epi.Windows.ImportExport.Dialogs.PackageForTransportDialog";"label1.Text";"Form to package:";"Formulário a empacotar:";"";"Revisado"
"Epi.Windows.ImportExport";"Epi.Windows.ImportExport.Dialogs.PackageForTransportDialog";"lblDataRemoval.Text";"Use these options to manage package security and remove data from the package.";"Use estas opções para gerenciar a segurança do pacote e remover dados do pacote.";"";"Revisado"
"Epi.Windows.ImportExport";"Epi.Windows.ImportExport.Dialogs.PackageForTransportDialog";"lblPackageName.Text";"Package name:";"Nome do pacote:";"";"Revisado"
"Epi.Windows.ImportExport";"Epi.Windows.ImportExport.Dialogs.PackageForTransportDialog";"lblPackagePath.Text";"Package path:";"Caminho do pacote:";"";"Revisado"
"Epi.Windows.ImportExport";"Epi.Windows.ImportExport.Dialogs.PackageForTransportDialog";"lblPassword.Text";"Password:";"Senha:";"";"Revisado"
"Epi.Windows.ImportExport";"Epi.Windows.ImportExport.Dialogs.PackageForTransportDialog";"lblProjectPath.Text";"Project path:";"Caminho do projeto:";"";"Revisado"
"Epi.Windows.ImportExport";"Epi.Windows.ImportExport.Dialogs.PackageForTransportDialog";"lblVerifyPassword.Text";"Verify Password:";"Confirmar senha:";"";"Revisado"
"Epi.Windows.ImportExport";"Epi.Windows.ImportExport.Dialogs.PackageForTransportDialog";"txtProgress.Text";"Ready";"Pronto";"";"Revisado"
"Epi.Windows.ImportExport";"Epi.Windows.ImportExport.Dialogs.PackageGridRemovalDialog";"$this.Text";"Remove Columns from Data Package";"Remover colunas do pacote de dados";"";"Revisado"
"Epi.Windows.ImportExport";"Epi.Windows.ImportExport.Dialogs.PackageGridRemovalDialog";"btnCancel.Text";"Cancel";"Cancelar";"";""
"Epi.Windows.ImportExport";"Epi.Windows.ImportExport.Dialogs.PackageGridRemovalDialog";"btnOK.Text";"OK";"OK";"";""
"Epi.Windows.ImportExport";"Epi.Windows.ImportExport.Dialogs.PackageGridRemovalDialog";"label1.Text";"Use this dialog to remove data from columns in the selected grid.";"Use este diálogo para remover dados de colunas da grade selecionada.";"";"Revisado"
"Epi.Windows.ImportExport";"Epi.Windows.ImportExport.Dialogs.PackageGridRemovalDialog";"lblFields.Text";"Select grid columns to remove from the selected grid:";"Selecione as colunas de grade a remover da grade selecionada:";"";"Revisado"
"Epi.Windows.ImportExport";"Epi.Windows.ImportExport.Dialogs.PackageGridRemovalDialog";"lblForm.Text";"Select a grid on which to remove data:";"Selecione uma grade da qual remover dados:";"";"Revisado"
"Epi.Windows.ImportExport";"Epi.Windows.ImportExport.Dialogs.PackageRecordSelectionDialog";"$this.Text";"Select Records for Data Package";"Selecionar registros do pacote de dados";"";"Revisado"
"Epi.Windows.ImportExport";"Epi.Windows.ImportExport.Dialogs.PackageRecordSelectionDialog";"btnAdd.Text";"Add Record Filter";"Adicionar filtro de registros";"";"Revisado"
"Epi.Windows.ImportExport";"Epi.Windows.ImportExport.Dialogs.PackageRecordSelectionDialog";"btnCancel.Text";"Cancel";"Cancelar";"";""
"Epi.Windows.ImportExport";"Epi.Windows.ImportExport.Dialogs.PackageRecordSelectionDialog";"btnClear.Text";"Clear";"Limpar";"";"Revisado"
"Epi.Windows.ImportExport";"Epi.Windows.ImportExport.Dialogs.PackageRecordSelectionDialog";"btnOK.Text";"OK";"OK";"";""
"Epi.Windows.ImportExport";"Epi.Windows.ImportExport.Dialogs.PackageRecordSelectionDialog";"label1.Text";"Use this dialog to select specific records to be included in the data package. If left blank, all records in the selected form will be packaged. ";"Use este diálogo para selecionar registros específicos a incluir no pacote de dados. Se ficar em branco, todos os registros do formulário selecionado serão empacotados. ";"";"Revisado"
"Epi.Windows.ImportExport";"Epi.Windows.ImportExport.Dialogs.PackageRecordSelectionDialog";"label2.Text";"Records that meet all the following conditions will be included in the package:";"Os registros que atenderem a todas as condições a seguir serão incluídos no pacote:";"";"Revisado"
"Epi.Windows.ImportExport";"Epi.Windows.ImportExport.Dialogs.PackageRecordSelectionDialog";"lblField1.Text";"Field:";"Campo:";"";"Revisado"
"Epi.Windows.ImportExport";"Epi.Windows.ImportExport.Dialogs.PackageRecordSelectionDialog";"lblField1Op.Text";"Operator:";"Operador:";"";"Revisado"
"Epi.Windows.ImportExport";"Epi.Windows.ImportExport.Dialogs.PackageRecordSelectionDialog";"lblField1Val.Text";"Value:";"Valor:";"";"Revisado"
"Epi.Windows.ImportExport";"Epi.Windows.ImportExport.Dialogs.SelectMatchFields";"$this.Text";"Select Match Fields";"Selecionar campos de correspondência";"LONGO";"Revisado"
"Epi.Windows.ImportExport";"Epi.Windows.ImportExport.Dialogs.SelectMatchFields";"btnCancel.Text";"Cancel";"Cancelar";"";"Revisado"
"Epi.Windows.ImportExport";"Epi.Windows.ImportExport.Dialogs.SelectMatchFields";"btnClear.Text";"Clear";"Limpar";"";"Revisado"
"Epi.Windows.ImportExport";"Epi.Windows.ImportExport.Dialogs.SelectMatchFields";"btnOK.Text";"OK";"OK";"";""
"Epi.Windows.ImportExport";"Epi.Windows.ImportExport.Dialogs.SelectMatchFields";"label1.Text";"Use this dialog to specify one or more fields to use as match keys. If no fields are selected, the Global Record Id value will be used as the match key.";"Use este diálogo para especificar um ou mais campos a usar como chaves de correspondência. Se nenhum campo for selecionado, o valor de Global Record Id será usado como chave de correspondência.";"";"Revisado"
"Epi.Windows.ImportExport";"Epi.Windows.ImportExport.Dialogs.SelectMatchFields";"lblFields.Text";"Select fields to use as the match key:";"Selecione os campos a usar como chave de correspondência:";"";"Revisado"
"Epi.Windows.ImportExport";"Epi.Windows.ImportExport.Dialogs.WebCSVExportDialog";"$this.Text";"Export Web Survey Data";"Exportar dados do Web Survey";"";"Revisado"
"Epi.Windows.ImportExport";"Epi.Windows.ImportExport.Dialogs.WebCSVExportDialog";"btnBrowse.Text";"Browse";"Procurar…";"PONTUACAO";"Revisado"
"Epi.Windows.ImportExport";"Epi.Windows.ImportExport.Dialogs.WebCSVExportDialog";"btnCancel.Text";"Cancel";"Cancelar";"";""
"Epi.Windows.ImportExport";"Epi.Windows.ImportExport.Dialogs.WebCSVExportDialog";"btnOK.Text";"Export";"Exportar";"";""
"Epi.Windows.ImportExport";"Epi.Windows.ImportExport.Dialogs.WebCSVExportDialog";"label1.Text";"Export file name:";"Nome do arquivo de exportação:";"";"Revisado"
"Epi.Windows.ImportExport";"Epi.Windows.ImportExport.Dialogs.WebCSVExportDialog";"label2.Text";"Web survey key:";"Chave do Web Survey:";"";"Revisado"
"Epi.Windows.ImportExport";"Epi.Windows.ImportExport.Dialogs.WebCSVExportDialog";"label3.Text";"Organization key:";"Chave da organização:";"";"Revisado"
"Epi.Windows.ImportExport";"Epi.Windows.ImportExport.Dialogs.WebCSVExportDialog";"label4.Text";"Security token:";"Token de segurança:";"";"Revisado"
"EpiDashboard";"Epi.Windows.Analysis.Forms.AnalysisMainForm";"lblType.Text";"";"Tipo de campo de destino:";"";"Revisado"
"EpiDashboard";"EpiDashboard.ChartingSharedStrings";"AREA_TYPE";"Area type:";"Tipo de área:";"";""
"EpiDashboard";"EpiDashboard.ChartingSharedStrings";"BAR_TYPE";"Bar type:";"Tipo de barra:";"";""
"EpiDashboard";"EpiDashboard.ChartingSharedStrings";"CHART_SUBTITLE";"Chart subtitle:";"Subtítulo do gráfico:";"";""
"EpiDashboard";"EpiDashboard.ChartingSharedStrings";"CHART_TITLE";"Chart title:";"Título do gráfico:";"";""
"EpiDashboard";"EpiDashboard.ChartingSharedStrings";"COLOR_PALETTE";"Color palette:";"Paleta de cores:";"";""
"EpiDashboard";"EpiDashboard.ChartingSharedStrings";"COMPOSITION";"Composition:";"Composição:";"";"Revisado"
"EpiDashboard";"EpiDashboard.ChartingSharedStrings";"DIFF_BAR_COLORS";"Different bar colors";"Cores diferentes para as barras";"";"Revisado"
"EpiDashboard";"EpiDashboard.ChartingSharedStrings";"END_VALUE";"End value:";"Valor final:";"";""
"EpiDashboard";"EpiDashboard.ChartingSharedStrings";"GRAPH_FOR_EACH_VALUE_OF_VARIABLE";"One graph for each value of:";"Um gráfico para cada valor de:";"";""
"EpiDashboard";"EpiDashboard.ChartingSharedStrings";"INTERVAL";"Interval:";"Intervalo:";"";""
"EpiDashboard";"EpiDashboard.ChartingSharedStrings";"LEGEND_DOCK_VALUE_BOTTOM";"Bottom";"Inferior";"";"Revisado"
"EpiDashboard";"EpiDashboard.ChartingSharedStrings";"LEGEND_DOCK_VALUE_LEFT";"Left";"Esquerda";"";""
"EpiDashboard";"EpiDashboard.ChartingSharedStrings";"LEGEND_DOCK_VALUE_RIGHT";"Right";"Direita";"";""
"EpiDashboard";"EpiDashboard.ChartingSharedStrings";"LEGEND_DOCK_VALUE_TOP";"Top";"Superior";"";"Revisado"
"EpiDashboard";"EpiDashboard.ChartingSharedStrings";"LEGEND_FONT_SIZE";"Legend font size:";"Tamanho da fonte da legenda:";"";""
"EpiDashboard";"EpiDashboard.ChartingSharedStrings";"LEGEND_PLACEMENT";"Legend placement:";"Posição da legenda:";"";"Revisado"
"EpiDashboard";"EpiDashboard.ChartingSharedStrings";"LINE_DASH_STYLE_Y2";"Line dash style (Y2):";"Estilo do traço da linha (Y2):";"";""
"EpiDashboard";"EpiDashboard.ChartingSharedStrings";"LINE_THICKNESS_Y2";"Line thickness (Y2):";"Espessura da linha (Y2):";"";""
"EpiDashboard";"EpiDashboard.ChartingSharedStrings";"LINE_TYPE";"Line type:";"Tipo de linha:";"";""
"EpiDashboard";"EpiDashboard.ChartingSharedStrings";"LINE_TYPE_Y2";"Line type (Y2):";"Tipo de linha (Y2):";"";""
"EpiDashboard";"EpiDashboard.ChartingSharedStrings";"ORIENTATION";"Orientation:";"Orientação:";"";""
"EpiDashboard";"EpiDashboard.ChartingSharedStrings";"PANEL_COLORS_AND_STYLES";"Colors and styles";"Cores e estilos";"";""
"EpiDashboard";"EpiDashboard.ChartingSharedStrings";"PANEL_LABELS";"Labels";"Rótulos";"";"Revisado"
"EpiDashboard";"EpiDashboard.ChartingSharedStrings";"PANEL_LEGEND";"Legend";"Legenda";"";""
"EpiDashboard";"EpiDashboard.ChartingSharedStrings";"SECOND_Y_AXIS_TYPE";"Second y-axis type:";"Tipo do segundo eixo Y:";"";"Revisado"
"EpiDashboard";"EpiDashboard.ChartingSharedStrings";"SECOND_Y_AXIS_VARIABLE";"Second y-axis variable:";"Variável do segundo eixo Y:";"";"Revisado"
"EpiDashboard";"EpiDashboard.ChartingSharedStrings";"SHOW_ANNOTATIONS";"Show annotations";"Mostrar anotações";"";""
"EpiDashboard";"EpiDashboard.ChartingSharedStrings";"SHOW_ANNOTATIONS_Y2";"Show annotations (Y2)";"Mostrar anotações (Y2)";"";""
"EpiDashboard";"EpiDashboard.ChartingSharedStrings";"SHOW_GRID_LINES";"Show grid lines";"Mostrar linhas de grade";"";""
"EpiDashboard";"EpiDashboard.ChartingSharedStrings";"SHOW_LEGEND";"Show legend";"Mostrar legenda";"";""
"EpiDashboard";"EpiDashboard.ChartingSharedStrings";"SHOW_LEGEND_BORDER";"Show legend border";"Mostrar borda da legenda";"";"Revisado"
"EpiDashboard";"EpiDashboard.ChartingSharedStrings";"SHOW_VAR_NAMES";"Show variable names";"Mostrar nomes das variáveis";"";"Revisado"
"EpiDashboard";"EpiDashboard.ChartingSharedStrings";"SPACE_BETWEEN_BARS";"Space between bars:";"Espaço entre as barras:";"";"Revisado"
"EpiDashboard";"EpiDashboard.ChartingSharedStrings";"START_VALUE";"Start value:";"Valor inicial:";"";""
"EpiDashboard";"EpiDashboard.ChartingSharedStrings";"STEP";"Step:";"Passo:";"";""
"EpiDashboard";"EpiDashboard.ChartingSharedStrings";"TRANS_PCT_BOTTOM";"Transparency % (bottom)";"Transparência % (inferior)";"";"Revisado"
"EpiDashboard";"EpiDashboard.ChartingSharedStrings";"TRANS_PCT_TOP";"Transparency % (top)";"Transparência % (superior)";"";"Revisado"
"EpiDashboard";"EpiDashboard.ChartingSharedStrings";"USE_REFERENCE_VALUES";"Use reference values";"Usar valores de referência";"";""
"EpiDashboard";"EpiDashboard.ChartingSharedStrings";"X_AXIS_ANGLE";"X-axis angle:";"Ângulo do eixo X:";"";"Revisado"
"EpiDashboard";"EpiDashboard.ChartingSharedStrings";"X_AXIS_LABEL";"X-axis label:";"Rótulo do eixo X:";"";"Revisado"
"EpiDashboard";"EpiDashboard.ChartingSharedStrings";"X_AXIS_LABEL_TYPE";"X-axis label type:";"Tipo de rótulo do eixo X:";"";"Revisado"
"EpiDashboard";"EpiDashboard.ChartingSharedStrings";"Y_AXIS_FORMAT";"Y-axis format:";"Formato do eixo Y:";"";"Revisado"
"EpiDashboard";"EpiDashboard.ChartingSharedStrings";"Y_AXIS_LABEL";"Y-axis label:";"Rótulo do eixo Y:";"";"Revisado"
"EpiDashboard";"EpiDashboard.ChartingSharedStrings";"Y2_AXIS_FORMAT";"Y2-axis format:";"Formato do eixo Y2:";"";"Revisado"
"EpiDashboard";"EpiDashboard.ChartingSharedStrings";"Y2_AXIS_LABEL";"Y2-axis label:";"Rótulo do eixo Y2:";"";"Revisado"
"EpiDashboard";"EpiDashboard.ChartingSharedStrings";"Y2_AXIS_LEGEND_TITLE";"Y2-axis legend title:";"Título da legenda do eixo Y2:";"";"Revisado"
"EpiDashboard";"EpiDashboard.DashboardSharedStrings";"ALERT";"Alert";"Alerta";"";""
"EpiDashboard";"EpiDashboard.DashboardSharedStrings";"BASE_LAYER";"Base Layer";"Camada base";"";"Revisado"
"EpiDashboard";"EpiDashboard.DashboardSharedStrings";"BUTTON_BROWSE";"Browse";"Procurar…";"PONTUACAO";"Revisado"
"EpiDashboard";"EpiDashboard.DashboardSharedStrings";"BUTTON_BROWSE_SHAPEFILE";"Browse Shapefile";"Procurar shapefile…";"PONTUACAO";"Revisado"
"EpiDashboard";"EpiDashboard.DashboardSharedStrings";"BUTTON_CANCEL";"Cancel";"Cancelar";"";""
"EpiDashboard";"EpiDashboard.DashboardSharedStrings";"BUTTON_CONNECT";"Connect";"Conectar";"";""
"EpiDashboard";"EpiDashboard.DashboardSharedStrings";"BUTTON_OK";"OK";"OK";"";""
"EpiDashboard";"EpiDashboard.DashboardSharedStrings";"BUTTON_RESET_LEGEND";"Reset Legend";"Redefinir legenda";"";"Revisado"
"EpiDashboard";"EpiDashboard.DashboardSharedStrings";"CANNOT_REMOVE_VARIABLE";"The variable could not be removed. Check to make sure that no data filters and/or other variables are dependent on this variable.";"A variável não pode ser removida. Certifique-se de que não há filtros de dados e/ou outras variáveis dependentes dessa variável.";"";""
"EpiDashboard";"EpiDashboard.DashboardSharedStrings";"CANNOT_SAVE_CANVAS_NO_DATA_SOURCE";"A data source must be read before the canvas can be saved.";"A fonte de dados deve ser lida antes de o canvas ser salvo.";"";"Revisado"
"EpiDashboard";"EpiDashboard.DashboardSharedStrings";"CANVAS_ALTERNATING_COLORS";"Use alternating colors in tables";"Usar cores alternadas nas tabelas";"";"Revisado"
"EpiDashboard";"EpiDashboard.DashboardSharedStrings";"CANVAS_CANVAS_SUMMARY";"Show canvas summary";"Mostrar resumo do canvas";"";"Revisado"
"EpiDashboard";"EpiDashboard.DashboardSharedStrings";"CANVAS_CHART_SETTINGS";"Chart Settings";"Configurações de gráfico";"";"Revisado"
"EpiDashboard";"EpiDashboard.DashboardSharedStrings";"CANVAS_COLUMNS";" columns";" colunas";"";"Revisado"
"EpiDashboard";"EpiDashboard.DashboardSharedStrings";"CANVAS_CONCLUSION";"Conclusion";"Conclusão";"";"Revisado"
"EpiDashboard";"EpiDashboard.DashboardSharedStrings";"CANVAS_DATA_LAST_CACHED";" Data last cached at";" Dados armazenados em cache pela última vez em";"LONGO";"Revisado"
"EpiDashboard";"EpiDashboard.DashboardSharedStrings";"CANVAS_DEFAULT_HEIGHT";"Default Height";"Altura padrão";"";"Revisado"
"EpiDashboard";"EpiDashboard.DashboardSharedStrings";"CANVAS_DEFAULT_WIDTH";"Default Width";"Largura padrão";"";"Revisado"
"EpiDashboard";"EpiDashboard.DashboardSharedStrings";"CANVAS_DISPLAY_TOPTO_BOTTOM";"Display gadgets in top-to-bottom order";"Exibir gadgets de cima para baixo";"";"Revisado"
"EpiDashboard";"EpiDashboard.DashboardSharedStrings";"CANVAS_EPIINFOPRO";"Epi Info 7 Project";"Projeto do Epi Info 7";"";"Revisado"
"EpiDashboard";"EpiDashboard.DashboardSharedStrings";"CANVAS_FILE_BROWSE";"";"Procurar…";"";"Revisado"
"EpiDashboard";"EpiDashboard.DashboardSharedStrings";"CANVAS_FILES_HEADER";"Quick Access - Available Canvas Files";"Acesso rápido - arquivos de canvas disponíveis";"";"Revisado"
"EpiDashboard";"EpiDashboard.DashboardSharedStrings";"CANVAS_FILTERS_IN_EFFECT";"The following canvas filters are in effect: {0}";"Os seguintes filtros do canvas estão em vigor: {0}";"";"Revisado"
"EpiDashboard";"EpiDashboard.DashboardSharedStrings";"CANVAS_FORM";"Form:";"Formulário:";"";"Revisado"
"EpiDashboard";"EpiDashboard.DashboardSharedStrings";"CANVAS_GADGET_HEADING";"Show gadget headings";"Mostrar títulos dos gadgets";"";"Revisado"
"EpiDashboard";"EpiDashboard.DashboardSharedStrings";"CANVAS_GADGET_SETTINGS";"Show gadget settings";"Mostrar configurações dos gadgets";"";"Revisado"
"EpiDashboard";"EpiDashboard.DashboardSharedStrings";"CANVAS_HTMLOUTPUT";"HTML Output";"Saída HTML";"";"Revisado"
"EpiDashboard";"EpiDashboard.DashboardSharedStrings";"CANVAS_HTMLOUTPUT_SETTINGS";"HTMLOutput Settings";"Configurações da saída HTML";"";"Revisado"
"EpiDashboard";"EpiDashboard.DashboardSharedStrings";"CANVAS_INFO_LOCALLY_CACHE_DATA";" to locally cache data";" para armazenar os dados em cache localmente";"LONGO";"Revisado"
"EpiDashboard";"EpiDashboard.DashboardSharedStrings";"CANVAS_INFO_TOOK";" Took";" Levou";"";"Revisado"
"EpiDashboard";"EpiDashboard.DashboardSharedStrings";"CANVAS_LOADED";"Canvas file {0} loaded successfully.";"O arquivo de canvas {0} foi carregado com sucesso.";"";"Revisado"
"EpiDashboard";"EpiDashboard.DashboardSharedStrings";"CANVAS_SUMMARY";"Summary";"Resumo";"";"Revisado"
"EpiDashboard";"EpiDashboard.DashboardSharedStrings";"CANVAS_TITLE";"Title";"Título";"";""
"EpiDashboard";"EpiDashboard.DashboardSharedStrings";"CANVASPROPERTIES_DESC_CHARTS";"Set default chart settings for this canvas.";"Defina as configurações padrão de gráficos deste canvas.";"";"Revisado"
"EpiDashboard";"EpiDashboard.DashboardSharedStrings";"CANVASPROPERTIES_DESC_HTMLOUTPUT";"Modify or Set HTML output or default chart settings.";"Modifique ou defina a saída HTML ou as configurações padrão de gráficos.";"";"Revisado"
"EpiDashboard";"EpiDashboard.DashboardSharedStrings";"CANVASPROPERTIES_DESC_INFORMATION";"View technical details about this canvas.";"Veja os detalhes técnicos deste canvas.";"";"Revisado"
"EpiDashboard";"EpiDashboard.DashboardSharedStrings";"CANVASPROPERTIES_TABDESC_DATASOURCE";"Change the data source for the current canvas.";"Altere a fonte de dados do canvas atual.";"";"Revisado"
"EpiDashboard";"EpiDashboard.DashboardSharedStrings";"CANVASPROPERTIES_TITLE_INFORMATION";"Information";"Informações";"";"Revisado"
"EpiDashboard";"EpiDashboard.DashboardSharedStrings";"CMENU_ADD_ABERRATION_CHART";"Aberration detection chart";"Gráfico de detecção de aberrações";"";"Revisado"
"EpiDashboard";"EpiDashboard.DashboardSharedStrings";"CMENU_ADD_ANALYSIS_GADGET";"Add Analysis gadget";"Adicionar gadget de análise";"";"Revisado"
"EpiDashboard";"EpiDashboard.DashboardSharedStrings";"CMENU_ADD_AREA_CHART";"Area chart";"Gráfico de área";"";"Revisado"
"EpiDashboard";"EpiDashboard.DashboardSharedStrings";"CMENU_ADD_CHART";"";"Gráfico";"";""
"EpiDashboard";"EpiDashboard.DashboardSharedStrings";"CMENU_ADD_CHARTS";"Charts";"Gráficos";"";""
"EpiDashboard";"EpiDashboard.DashboardSharedStrings";"CMENU_ADD_COLUMN_CHART";"Column chart";"Gráfico de colunas";"";"Revisado"
"EpiDashboard";"EpiDashboard.DashboardSharedStrings";"CMENU_ADD_COMBINED_FREQUENCY";"Combined frequency";"Frequência combinada";"";""
"EpiDashboard";"EpiDashboard.DashboardSharedStrings";"CMENU_ADD_CSFREQ";"Complex sample frequencies";"Frequências de amostra complexa";"";"Revisado"
"EpiDashboard";"EpiDashboard.DashboardSharedStrings";"CMENU_ADD_CSMEANS";"Complex sample means";"Médias de amostra complexa";"";"Revisado"
"EpiDashboard";"EpiDashboard.DashboardSharedStrings";"CMENU_ADD_CSTABLES";"Complex sample tables";"Tabelas de amostra complexa";"";"Revisado"
"EpiDashboard";"EpiDashboard.DashboardSharedStrings";"CMENU_ADD_EARS";"";"Detecção de aberrações";"";"Revisado"
"EpiDashboard";"EpiDashboard.DashboardSharedStrings";"CMENU_ADD_EPICURVE_CHART";"Epi curve chart";"Gráfico de curva epidêmica";"";"Revisado"
"EpiDashboard";"EpiDashboard.DashboardSharedStrings";"CMENU_ADD_FREQUENCY";"Frequency";"Frequência";"";""
"EpiDashboard";"EpiDashboard.DashboardSharedStrings";"CMENU_ADD_IMAGE_GADGET";"Image gadget";"Gadget de imagem";"";"Revisado"
"EpiDashboard";"EpiDashboard.DashboardSharedStrings";"CMENU_ADD_LINE_CHART";"Line chart";"Gráfico de linha";"";"Revisado"
"EpiDashboard";"EpiDashboard.DashboardSharedStrings";"CMENU_ADD_LINE_LIST";"Line list";"Lista de registros";"LONGO";"Revisado"
"EpiDashboard";"EpiDashboard.DashboardSharedStrings";"CMENU_ADD_LINEAR";"Linear regression";"Regressão linear";"";"Revisado"
"EpiDashboard";"EpiDashboard.DashboardSharedStrings";"CMENU_ADD_LOGISTIC";"Logistic regression";"Regressão logística";"";"Revisado"
"EpiDashboard";"EpiDashboard.DashboardSharedStrings";"CMENU_ADD_MATCHED_PAIR_CASE_CONTROL";"Matched pair case-control";"Caso-controle pareado";"";"Revisado"
"EpiDashboard";"EpiDashboard.DashboardSharedStrings";"CMENU_ADD_MEANS";"Means";"Médias";"";""
"EpiDashboard";"EpiDashboard.DashboardSharedStrings";"CMENU_ADD_MXN";"M x N / 2 x 2 table";"Tabela M x N / 2 x 2";"";""
"EpiDashboard";"EpiDashboard.DashboardSharedStrings";"CMENU_ADD_NUTSTAT";"Add NutStat growth chart";"Adicionar gráfico de crescimento NutStat";"";""
"EpiDashboard";"EpiDashboard.DashboardSharedStrings";"CMENU_ADD_PARETO_CHART";"Pareto chart";"Gráfico de Pareto";"";"Revisado"
"EpiDashboard";"EpiDashboard.DashboardSharedStrings";"CMENU_ADD_PIE_CHART";"Pie chart";"Gráfico de pizza";"";"Revisado"
"EpiDashboard";"EpiDashboard.DashboardSharedStrings";"CMENU_ADD_RELATED_DATA";"Add related data source...";"Adicionar fonte de dados relacionada…";"";"Revisado"
"EpiDashboard";"EpiDashboard.DashboardSharedStrings";"CMENU_ADD_REPORT_GADGET";"Add Report gadget";"Adicionar gadget de relatório";"";"Revisado"
"EpiDashboard";"EpiDashboard.DashboardSharedStrings";"CMENU_ADD_SCATTER_CHART";"Scatter chart";"Gráfico de dispersão";"";"Revisado"
"EpiDashboard";"EpiDashboard.DashboardSharedStrings";"CMENU_ADD_SIMPLE_TEXT_GADGET";"Simple text box";"Caixa de texto simples";"";""
"EpiDashboard";"EpiDashboard.DashboardSharedStrings";"CMENU_ADD_STATCALC";"Add StatCalc calculator";"Adicionar calculadora StatCalc";"";""
"EpiDashboard";"EpiDashboard.DashboardSharedStrings";"CMENU_ADD_WORD_CLOUD";"Word cloud";"Nuvem de palavras";"";"Revisado"
"EpiDashboard";"EpiDashboard.DashboardSharedStrings";"CMENU_ADV_STATS";"Advanced statistics";"Estatísticas avançadas";"";""
"EpiDashboard";"EpiDashboard.DashboardSharedStrings";"CMENU_AUTO_ARRANGE";"Auto-arrange gadgets";"Organizar gadgets automaticamente";"";"Revisado"
"EpiDashboard";"EpiDashboard.DashboardSharedStrings";"CMENU_CDC200_BODY_MASS_INDEX";"Body mass index (BMI) for age";"Índice de massa corporal (IMC) por idade";"";"Revisado"
"EpiDashboard";"EpiDashboard.DashboardSharedStrings";"CMENU_CDC200_GROWTH_REFERENCE";"CDC 2000 Growth Reference";"Referência de crescimento CDC 2000";"";"Revisado"
"EpiDashboard";"EpiDashboard.DashboardSharedStrings";"CMENU_CDC200_HEAD_CIRCUMFERENCEFORAGE";"Head circumference for age";"Perímetro cefálico por idade";"";"Revisado"
"EpiDashboard";"EpiDashboard.DashboardSharedStrings";"CMENU_CDC200_HEIGHTS_FOR_AGE";"Height for age";"Altura por idade";"";"Revisado"
"EpiDashboard";"EpiDashboard.DashboardSharedStrings";"CMENU_CDC200_LENGTH_FOR_AGE";"Length for age";"Comprimento por idade";"";"Revisado"
"EpiDashboard";"EpiDashboard.DashboardSharedStrings";"CMENU_CDC200_WEIGHT_FOR_AGE";"Weight for age";"Peso por idade";"";"Revisado"
"EpiDashboard";"EpiDashboard.DashboardSharedStrings";"CMENU_CDC200_WEIGHT_FOR_HEIGHT";"Weight for height";"Peso por altura";"";"Revisado"
"EpiDashboard";"EpiDashboard.DashboardSharedStrings";"CMENU_CDC200_WEIGHT_FOR_LENGTH";"Weight for length";"Peso por comprimento";"";"Revisado"
"EpiDashboard";"EpiDashboard.DashboardSharedStrings";"CMENU_CDCWHO_1978";"CDC/WHO 1978";"CDC/OMS 1978";"";"Revisado"
"EpiDashboard";"EpiDashboard.DashboardSharedStrings";"CMENU_CDCWHO_HEIGHT_FORAGE";"Height for age";"Altura por idade";"";"Revisado"
"EpiDashboard";"EpiDashboard.DashboardSharedStrings";"CMENU_CDCWHO_LENGTH_FORAGE";"Length for age";"Comprimento por idade";"";"Revisado"
"EpiDashboard";"EpiDashboard.DashboardSharedStrings";"CMENU_CDCWHO_WEIGHT_FORAGE";"Weight for age";"Peso por idade";"";"Revisado"
"EpiDashboard";"EpiDashboard.DashboardSharedStrings";"CMENU_CDCWHO_WEIGHT_FORHEIGHT";"Weight for height";"Peso por altura";"";"Revisado"
"EpiDashboard";"EpiDashboard.DashboardSharedStrings";"CMENU_CDCWHO_WEIGHT_FORLENGTH";"Weight for length";"Peso por comprimento";"";"Revisado"
"EpiDashboard";"EpiDashboard.DashboardSharedStrings";"CMENU_CUSTOM_GADGETS";"Custom gadgets";"Gadgets personalizados";"";"Revisado"
"EpiDashboard";"EpiDashboard.DashboardSharedStrings";"CMENU_DUPLICATES_LIST";"Duplicates List";"Lista de duplicados";"";"Revisado"
"EpiDashboard";"EpiDashboard.DashboardSharedStrings";"CMENU_EXPORT_DATA";"Export data";"Exportar dados";"";""
"EpiDashboard";"EpiDashboard.DashboardSharedStrings";"CMENU_MS_EXCEL";"Microsoft Excel";"Microsoft Excel";"";""
"EpiDashboard";"EpiDashboard.DashboardSharedStrings";"CMENU_MS_WORD";"Microsoft Word";"Microsoft Word";"";""
"EpiDashboard";"EpiDashboard.DashboardSharedStrings";"CMENU_OPEN_CANVAS";"Open canvas...";"Abrir canvas…";"";"Revisado"
"EpiDashboard";"EpiDashboard.DashboardSharedStrings";"CMENU_PROPERTIES";"Canvas Properties";"Propriedades do canvas";"";"Revisado"
"EpiDashboard";"EpiDashboard.DashboardSharedStrings";"CMENU_REFRESH";"Refresh data source";"Atualizar fonte de dados";"";""
"EpiDashboard";"EpiDashboard.DashboardSharedStrings";"CMENU_RESET";"Reset Dashboard";"Redefinir Painel Visual";"";"Revisado"
"EpiDashboard";"EpiDashboard.DashboardSharedStrings";"CMENU_SAVE_AS_HTML";"Save output as HTML";"Salvar saída como HTML";"";""
"EpiDashboard";"EpiDashboard.DashboardSharedStrings";"CMENU_SAVE_CANVAS";"Save canvas";"Salvar canvas";"";"Revisado"
"EpiDashboard";"EpiDashboard.DashboardSharedStrings";"CMENU_SAVE_CANVAS_AS";"Save canvas as...";"Salvar canvas como…";"";"Revisado"
"EpiDashboard";"EpiDashboard.DashboardSharedStrings";"CMENU_SEND_OUTPUT_TO";"Send output to";"Enviar saída para";"";""
"EpiDashboard";"EpiDashboard.DashboardSharedStrings";"CMENU_SET_DATA_SOURCE";"Set data source";"Definir fonte de dados";"";"Revisado"
"EpiDashboard";"EpiDashboard.DashboardSharedStrings";"CMENU_SHOW_DATA_DICTIONARY";"Show data dictionary";"Mostrar dicionário de dados";"";""
"EpiDashboard";"EpiDashboard.DashboardSharedStrings";"CMENU_WHO_CHILD_GROWTH";"WHO Child Growth Standards";"Padrões de crescimento infantil da OMS";"";"Revisado"
"EpiDashboard";"EpiDashboard.DashboardSharedStrings";"CMENU_WHO_REFERENCE_2007";"WHO Reference 2007";"Referência OMS 2007";"";"Revisado"
"EpiDashboard";"EpiDashboard.DashboardSharedStrings";"CMENU_WHOCHILD_ARM_CIRCUMFERENCEFORAGE";"Arm circumference for age";"Perímetro braquial por idade";"";"Revisado"
"EpiDashboard";"EpiDashboard.DashboardSharedStrings";"CMENU_WHOCHILD_BODY_MASS_INDEX";"Body mass index (BMI) for age";"Índice de massa corporal (IMC) por idade";"";"Revisado"
"EpiDashboard";"EpiDashboard.DashboardSharedStrings";"CMENU_WHOCHILD_HEAD_CIRCUMFERENCEFORAGE";"Head circumference for age";"Perímetro cefálico por idade";"";"Revisado"
"EpiDashboard";"EpiDashboard.DashboardSharedStrings";"CMENU_WHOCHILD_HEIGHT_FOR_AGE";"Height for age";"Altura por idade";"";"Revisado"
"EpiDashboard";"EpiDashboard.DashboardSharedStrings";"CMENU_WHOCHILD_LENGTH_FORAGE";"Length for age";"Comprimento por idade";"";"Revisado"
"EpiDashboard";"EpiDashboard.DashboardSharedStrings";"CMENU_WHOCHILD_WEIGHT_FOR_HEIGHT";"Weight for height";"Peso por altura";"";"Revisado"
"EpiDashboard";"EpiDashboard.DashboardSharedStrings";"CMENU_WHOCHILD_WEIGHT_FOR_LENGTH";"Weight for length";"Peso por comprimento";"";"Revisado"
"EpiDashboard";"EpiDashboard.DashboardSharedStrings";"CMENU_WHOCHILD_WEIGHT_FORAGE";"Weight for age";"Peso por idade";"";"Revisado"
"EpiDashboard";"EpiDashboard.DashboardSharedStrings";"CMENU_WHOREF_BODY_MASS_INDEX";"Body mass index (BMI) for age";"Índice de massa corporal (IMC) por idade";"";"Revisado"
"EpiDashboard";"EpiDashboard.DashboardSharedStrings";"CMENU_WHOREF_HEIGHT_OFAGE";"Height for age";"Altura por idade";"";"Revisado"
"EpiDashboard";"EpiDashboard.DashboardSharedStrings";"CMENU_WHOREF_WEIGHT_FORAGE";"Weight for age";"Peso por idade";"";"Revisado"
"EpiDashboard";"EpiDashboard.DashboardSharedStrings";"COL_HEADER_CI_LOWER";"95% CI Lower";"IC 95% inferior";"";"Revisado"
"EpiDashboard";"EpiDashboard.DashboardSharedStrings";"COL_HEADER_CI_UPPER";"95% CI Upper";"IC 95% superior";"";"Revisado"
"EpiDashboard";"EpiDashboard.DashboardSharedStrings";"COL_HEADER_CUMULATIVE_PERCENT";"Cum. Percent";"Porcentagem Acum.";"";""
"EpiDashboard";"EpiDashboard.DashboardSharedStrings";"COL_HEADER_EXACT_CI_LOWER";"Exact 95% LCL";"LIC 95% exato";"";"Revisado"
"EpiDashboard";"EpiDashboard.DashboardSharedStrings";"COL_HEADER_EXACT_CI_UPPER";"Exact 95% UCL";"LSC 95% exato";"";"Revisado"
"EpiDashboard";"EpiDashboard.DashboardSharedStrings";"COL_HEADER_FLEISS_CI_LOWER";"Fleiss 95% LCL";"LIC 95% de Fleiss";"";"Revisado"
"EpiDashboard";"EpiDashboard.DashboardSharedStrings";"COL_HEADER_FLEISS_CI_UPPER";"Fleiss 95% UCL";"LSC 95% de Fleiss";"";"Revisado"
"EpiDashboard";"EpiDashboard.DashboardSharedStrings";"COL_HEADER_FREQUENCY";"Frequency";"Frequência";"";""
"EpiDashboard";"EpiDashboard.DashboardSharedStrings";"COL_HEADER_PERCENT";"Percent";"Porcentagem";"";""
"EpiDashboard";"EpiDashboard.DashboardSharedStrings";"COL_HEADER_VALUE";"Value";"Valor";"";""
"EpiDashboard";"EpiDashboard.DashboardSharedStrings";"COL_HEADER_WILSON_CI_LOWER";"Wilson 95% LCL";"LIC 95% de Wilson";"";"Revisado"
"EpiDashboard";"EpiDashboard.DashboardSharedStrings";"COL_HEADER_WILSON_CI_UPPER";"Wilson 95% UCL";"LSC 95% de Wilson";"";"Revisado"
"EpiDashboard";"EpiDashboard.DashboardSharedStrings";"COUNT";"Count";"Contagem";"";"Revisado"
"EpiDashboard";"EpiDashboard.DashboardSharedStrings";"CREATE_VAR_GROUP_FIELD_ALREADY_EXISTS";"A field with this name already exists.";"Um campo com este nome já existe.";"";""
"EpiDashboard";"EpiDashboard.DashboardSharedStrings";"CREATE_VAR_GROUP_FIELDS_NOT_FOUND";"{0} fields specified in the group were not found and have been excluded.";"{0} campos especificados no grupo não foram encontrados e foram excluídos.";"";"Revisado"
"EpiDashboard";"EpiDashboard.DashboardSharedStrings";"CREATE_VAR_GROUP_NO_FIELDS_SELECTED";"No fields selected.";"Nenhum campo selecionado.";"";""
"EpiDashboard";"EpiDashboard.DashboardSharedStrings";"CREATE_VAR_GROUP_NO_NAME_SPECIFIED";"No group name has been specified.";"Nenhum nome de grupo foi especificado.";"";""
"EpiDashboard";"EpiDashboard.DashboardSharedStrings";"CUSTOM_QUERY";"Custom SQL Query";"Consulta SQL personalizada";"";""
"EpiDashboard";"EpiDashboard.DashboardSharedStrings";"DASHBOARD_FILTER_VALUEOF";"The value of";"O valor de";"";"Revisado"
"EpiDashboard";"EpiDashboard.DashboardSharedStrings";"DASHBOARD_HIDE_BORDERS";"Hide Gadget Borders";"Ocultar bordas dos gadgets";"";"Revisado"
"EpiDashboard";"EpiDashboard.DashboardSharedStrings";"DASHBOARD_HIDE_BORDERS_DESC";"Toggles the display of the gadget borders and the buttons on the borders.";"Alterna a exibição das bordas dos gadgets e dos botões nas bordas.";"";"Revisado"
"EpiDashboard";"EpiDashboard.DashboardSharedStrings";"DASHBOARD_INTRO_SET_DATA_SOURCE";"Set a data source now";"Definir uma fonte de dados agora";"";""
"EpiDashboard";"EpiDashboard.DashboardSharedStrings";"DASHBOARD_INTRO_TEXT";"Right-click on the canvas to set a data source and add statistical gadgets. Or, open an existing dashboard canvas.";"Clique com o botão direito no canvas para definir uma fonte de dados e adicionar gadgets estatísticos. Ou abra um canvas do Painel Visual existente.";"";"Revisado"
"EpiDashboard";"EpiDashboard.DashboardSharedStrings";"DASHBOARD_MAP_EXACTLY_N";"Exactly {0}";"Exatamente {0}";"";"Revisado"
"EpiDashboard";"EpiDashboard.DashboardSharedStrings";"DASHBOARD_MAP_INCORRECT_INPUT_VALUE";"Incorrect input value.";"Valor informado incorreto.";"";"Revisado"
"EpiDashboard";"EpiDashboard.DashboardSharedStrings";"DASHBOARD_MAP_INVALID_MAP_SERVER";"Invalid map server";"Servidor de mapas inválido";"";""
"EpiDashboard";"EpiDashboard.DashboardSharedStrings";"DASHBOARD_MAP_LESS_THAN_N";"Less than {0}";"Menor que {0}";"";""
"EpiDashboard";"EpiDashboard.DashboardSharedStrings";"DASHBOARD_MAP_MAX";"Max:";"Máx:";"";"Revisado"
"EpiDashboard";"EpiDashboard.DashboardSharedStrings";"DASHBOARD_MAP_MIN";"Min:";"Mín:";"";"Revisado"
"EpiDashboard";"EpiDashboard.DashboardSharedStrings";"DASHBOARD_MAP_N_AND_ABOVE";"{0} and above";"{0} ou mais";"";"Revisado"
"EpiDashboard";"EpiDashboard.DashboardSharedStrings";"DASHBOARD_MAP_N_POLYGONS_EXCEEDED";"The number of Polygons in the selected file exceeds maximum number of Polygons that can be read.";"O número de polígonos no arquivo selecionado excede o número máximo de polígonos que pode ser lido.";"";"Revisado"
"EpiDashboard";"EpiDashboard.DashboardSharedStrings";"DASHBOARD_MAP_N_TO_N";"{0} to {1}";"{0} a {1}";"";"Revisado"
"EpiDashboard";"EpiDashboard.DashboardSharedStrings";"DASHBOARD_MAP_NO_DATA";": No Data";": Sem dados";"";"Revisado"
"EpiDashboard";"EpiDashboard.DashboardSharedStrings";"DASHBOARD_MAP_UNABLE_TO_SET_THE_RANGE_VALUES";"Unable to set the range values.";"Não foi possível definir os valores do intervalo.";"";"Revisado"
"EpiDashboard";"EpiDashboard.DashboardSharedStrings";"DASHBOARD_TITLE";"Epi Info 7 Dashboard";"Epi Info 7 - Painel Visual";"";"Revisado"
"EpiDashboard";"EpiDashboard.DashboardSharedStrings";"DASHBOARD_VERTICAL_ARRANGE";"Vertical Arrange";"Organização vertical";"";"Revisado"
"EpiDashboard";"EpiDashboard.DashboardSharedStrings";"DASHBOARD_VERTICAL_ARRANGE_DESC";"Toggles a vertical stacking of gadgets. Canvas with Vertical Arrange turned on positions gadgets automatically so they do not need to be arranged indivually.";"Alterna o empilhamento vertical dos gadgets. Um canvas com a organização vertical ativada posiciona os gadgets automaticamente, sem necessidade de organizá-los individualmente.";"ESPANHOL";"Revisado"
"EpiDashboard";"EpiDashboard.DashboardSharedStrings";"DATA_PROCESSING_FINISHED";"processing finished";"processamento finalizado";"";""
"EpiDashboard";"EpiDashboard.DashboardSharedStrings";"DENOMINATOR_DESCRIPTION_BOOLEAN";"Fields are boolean.
Denominator = {0}";"Os campos são booleanos.
Denominador = {0}";"";"Revisado"
"EpiDashboard";"EpiDashboard.DashboardSharedStrings";"DENOMINATOR_DESCRIPTION_NON_BOOLEAN";"Fields are not boolean.
Denominator = {0}";"Os campos não são booleanos.
Denominador = {0}";"";"Revisado"
"EpiDashboard";"EpiDashboard.DashboardSharedStrings";"ERROR";"Error";"Erro";"";"Revisado"
"EpiDashboard";"EpiDashboard.DashboardSharedStrings";"ERROR_CANNOT_CONDITIONAL_ASSIGN_INVALID_INPUT";"Invalid input detected.";"Entrada inválida detectada.";"";""
"EpiDashboard";"EpiDashboard.DashboardSharedStrings";"ERROR_CANNOT_CONDITIONAL_ASSIGN_TYPE_MISMATCH";"This existing field cannot be assigned to because of mis-matched data types. It is of type {0} while the selection in this dialog is of type {1}.";"Este campo existente não pode receber a atribuição devido a tipos de dados incompatíveis. Ele é do tipo {0}, enquanto a seleção neste diálogo é do tipo {1}.";"";"Revisado"
"EpiDashboard";"EpiDashboard.DashboardSharedStrings";"ERROR_CANNOT_DECRYPT";"There was a problem decrypting the connection information inside of this canvas. The connection string contained in this canvas may have been encrypted using a different set of keys.";"Houve um problema ao descriptografar as informações de conexão dentro deste canvas. A cadeia de conexão contida neste canvas pode ter sido criptografada com outro conjunto de chaves.";"";"Revisado"
"EpiDashboard";"EpiDashboard.DashboardSharedStrings";"ERROR_CANVAS_DATA_SOURCE_NOT_FOUND";"The data source for this canvas cannot be found: {0}";"A fonte de dados deste canvas não foi encontrada: {0}";"";"Revisado"
"EpiDashboard";"EpiDashboard.DashboardSharedStrings";"ERROR_CANVAS_SAVE_IO_EXCEPTION";"An input/output exception occurred and the canvas could not be saved. Check to make sure the specified file is not in use and try again.";"Ocorreu uma exceção de entrada/saída e o canvas não pôde ser salvo. Verifique se o arquivo especificado não está em uso e tente novamente.";"";"Revisado"
"EpiDashboard";"EpiDashboard.DashboardSharedStrings";"ERROR_CANVAS_XML_INVALID";"Invalid xml input";"Entrada XML inválida";"";"Revisado"
"EpiDashboard";"EpiDashboard.DashboardSharedStrings";"ERROR_COLUMN_DOESNT_EXIST";"The column {0} does not exist in this data set.";"A coluna {0} não existe neste conjunto de dados.";"";"Revisado"
"EpiDashboard";"EpiDashboard.DashboardSharedStrings";"ERROR_DATA_SOURCE_GENERIC";"The data source could not be set. If supplying a custom SQL query, check the query's syntax and try again.";"Não foi possível definir a fonte de dados. Se estiver usando uma consulta SQL personalizada, verifique a sintaxe da consulta e tente novamente.";"";"Revisado"
"EpiDashboard";"EpiDashboard.DashboardSharedStrings";"ERROR_DATA_SOURCE_PERMISSIONS";"There was a problem accessing the data source that this canvas file is referencing. Please check to make sure that you have adequate permissions to the database and try again.";"Houve um problema ao acessar a fonte de dados referenciada por este arquivo de canvas. Verifique se você tem permissões adequadas no banco de dados e tente novamente.";"";"Revisado"
"EpiDashboard";"EpiDashboard.DashboardSharedStrings";"ERROR_FILTER_NO_LONGER_VALID";"The specified data filter is no longer valid.";"O filtro de dados especificado não é mais válido.";"";""
"EpiDashboard";"EpiDashboard.DashboardSharedStrings";"ERROR_FORM_NOT_FOUND_FOR_CANVAS";"The form named '{0}' was not found in this project. Please make sure the project you are selecting to use with this canvas file contains the appropriate form.";"O formulário chamado '{0}' não foi encontrado neste projeto. Verifique se o projeto que você está selecionando para usar com este arquivo de canvas contém o formulário apropriado.";"";"Revisado"
"EpiDashboard";"EpiDashboard.DashboardSharedStrings";"ERROR_NO_DATA";"No data are present in the selected field or fields.";"Não há dados no campo ou campos selecionados.";"";"Revisado"
"EpiDashboard";"EpiDashboard.DashboardSharedStrings";"ERROR_NO_DATA_FOR_STRATA";"";"Não há dados nos estratos selecionados.";"";"Revisado"
"EpiDashboard";"EpiDashboard.DashboardSharedStrings";"ERROR_PROJECT_NOT_FOUND_FOR_CANVAS";"The specified project file ({0}) that is associated with this canvas was not found. Please modify the canvas file to point to a valid Epi Info 7 project or select a new data source.";"O arquivo de projeto especificado ({0}) associado a este canvas não foi encontrado. Modifique o arquivo do canvas para apontar para um projeto válido do Epi Info 7 ou selecione uma nova fonte de dados.";"";"Revisado"
"EpiDashboard";"EpiDashboard.DashboardSharedStrings";"ERROR_TOO_MANY_CROSSTAB_VALUES";"There are too many distinct values in the crosstab (outcome) variable {0}. The number of distinct
values is {1} and the limit is {2}.";"Há valores distintos demais na variável de tabulação cruzada (desfecho) {0}. O número de valores
distintos é {1} e o limite é {2}.";"";"Revisado"
"EpiDashboard";"EpiDashboard.DashboardSharedStrings";"ERROR_TOO_MANY_STRATA_VALUES";"There are too many distinct values in the stratification variable {0}. The number of distinct
values is {1} and the limit is {2}.";"Há valores distintos demais na variável de estratificação {0}. O número de valores
distintos é {1} e o limite é {2}.";"";"Revisado"
"EpiDashboard";"EpiDashboard.DashboardSharedStrings";"ERROR_TOO_MANY_VALUES";"There are too many distinct values in the variable {0}. The number of distinct
values is {1} and the limit is {2}.";"Há valores distintos demais na variável {0}. O número de valores
distintos é {1} e o limite é {2}.";"";"Revisado"
"EpiDashboard";"EpiDashboard.DashboardSharedStrings";"ERROR_TOO_MANY_VALUES_COMBINED_FREQ";"There are too many distinct values in the crosstab (outcome) variable {0}. The number of distinct
values is {1} and the limit is {2}.";"Há valores distintos demais na variável de tabulação cruzada (desfecho) {0}. O número de valores
distintos é {1} e o limite é {2}.";"";"Revisado"
"EpiDashboard";"EpiDashboard.DashboardSharedStrings";"ERROR_TOO_MANY_VALUES_COMBINED_FREQ_EXT";"There are too many values in all of the fields.
The value count is {0} and the limit is {1}. Please use data filters to narrow the number
of records or select fewer fields for the group.";"Há valores demais em todos os campos.
A contagem de valores é {0} e o limite é {1}. Use filtros de dados para reduzir o número
de registros ou selecione menos campos para o grupo.";"";"Revisado"
"EpiDashboard";"EpiDashboard.DashboardSharedStrings";"ERROR_ZERO_VALUES_COMBINED_FREQ";"There are no values on which to run the combined frequency.";"Não há valores nos quais executar a frequência combinada.";"";""
"EpiDashboard";"EpiDashboard.DashboardSharedStrings";"ERROR_ZERO_VALUES_COMBINED_FREQ_EXT";"There are no values on which to run the combined frequency or the variables in the group are not supported for this gadget.";"Não há valores para executar a frequência combinada ou as variáveis do grupo não são compatíveis com este gadget.";"";"Revisado"
"EpiDashboard";"EpiDashboard.DashboardSharedStrings";"EXPORT_BUTTON_BROWSE";"";"Procurar…";"";"Revisado"
"EpiDashboard";"EpiDashboard.DashboardSharedStrings";"EXPORT_BUTTON_CLOSE";"Close";"Fechar";"";""
"EpiDashboard";"EpiDashboard.DashboardSharedStrings";"EXPORT_BUTTON_EXPORT";"Export";"Exportar";"";"Revisado"
"EpiDashboard";"EpiDashboard.DashboardSharedStrings";"EXPORT_CONN_INFO";"Connection information";"Informações de conexão";"";""
"EpiDashboard";"EpiDashboard.DashboardSharedStrings";"EXPORT_DEST_FILENAME";"File name";"Nome do arquivo";"";"Revisado"
"EpiDashboard";"EpiDashboard.DashboardSharedStrings";"EXPORT_DEST_TABLE";"Destination table";"Tabela de destino";"";""
"EpiDashboard";"EpiDashboard.DashboardSharedStrings";"EXPORT_FIELD_COUNT";"Fields selected: {0}";"Campos selecionados: {0}";"";"Revisado"
"EpiDashboard";"EpiDashboard.DashboardSharedStrings";"EXPORT_FIELDS_TO_EXPORT";"Fields to export:";"Campos para exportação:";"";""
"EpiDashboard";"EpiDashboard.DashboardSharedStrings";"EXPORT_OUTPUT_FORMAT";"Output format";"Formato de saída";"";""
"EpiDashboard";"EpiDashboard.DashboardSharedStrings";"EXPORT_SORT_BY_TAB_ORDER";"Sort variables by tab order";"Ordenar variáveis pela ordem de tabulação";"";"Revisado"
"EpiDashboard";"EpiDashboard.DashboardSharedStrings";"EXPORT_WINDOW_TITLE";"Export data";"Exportar dados";"";""
"EpiDashboard";"EpiDashboard.DashboardSharedStrings";"EXPRESSION_ASSIGN_DESTINATION_FIELD_ALREADY_EXISTS";"Destination field name already exists as a column in this data set. Please use another name.";"O nome do campo de destino já existe como coluna neste conjunto de dados. Use outro nome.";"";"Revisado"
"EpiDashboard";"EpiDashboard.DashboardSharedStrings";"EXPRESSION_ASSIGN_DESTINATION_FIELD_ALREADY_EXISTS_AS_RECODED";"Destination field name already exists as a defined field with recoded values. Please use another field name.";"O nome do campo de destino já existe como campo definido com valores recodificados. Use outro nome de campo.";"";"Revisado"
"EpiDashboard";"EpiDashboard.DashboardSharedStrings";"EXPRESSION_ASSIGN_DESTINATION_FIELD_BLANK";"Destination field is blank.";"O campo de destino está em branco.";"";""
"EpiDashboard";"EpiDashboard.DashboardSharedStrings";"FIELD_AND_RECORD_COUNT";"Fields: {0}, Records: {1} ";"{0} campos, {1} registros ";"";"Revisado"
"EpiDashboard";"EpiDashboard.DashboardSharedStrings";"FIELD_COUNT";"Fields: {0}";"{0} campos";"";""
"EpiDashboard";"EpiDashboard.DashboardSharedStrings";"FILTER_IS_INVALID";"The filter is not valid and has not been applied. Check the filter's syntax and try again.";"O filtro não é válido e não foi aplicado. Verifique a sintaxe do filtro e tente novamente.";"";"Revisado"
"EpiDashboard";"EpiDashboard.DashboardSharedStrings";"FILTER_IS_VALID";"The filter is valid and is now in effect.";"O filtro é válido e agora está em vigor.";"";"Revisado"
"EpiDashboard";"EpiDashboard.DashboardSharedStrings";"GADGET_22_VALUE_MAPPING";"2x2 Value Mapping";"Mapeamento de valores 2x2";"";"Revisado"
"EpiDashboard";"EpiDashboard.DashboardSharedStrings";"GADGET_2X2_VALUE_REMAPPING_BUTTON";"Define 2x2 Value Mappings";"Definir mapeamentos de valores 2x2";"";"Revisado"
"EpiDashboard";"EpiDashboard.DashboardSharedStrings";"GADGET_ABERRATION";"Aberration";"Aberração";"";""
"EpiDashboard";"EpiDashboard.DashboardSharedStrings";"GADGET_ABERRATION_ACTUAL";"Actual";"Observado";"";"Revisado"
"EpiDashboard";"EpiDashboard.DashboardSharedStrings";"GADGET_ABERRATION_COUNT";"";"Contagem";"";""
"EpiDashboard";"EpiDashboard.DashboardSharedStrings";"GADGET_ABERRATION_DATE";"Date";"Data";"";""
"EpiDashboard";"EpiDashboard.DashboardSharedStrings";"GADGET_ABERRATION_DIFF";"Difference";"Diferença";"";""
"EpiDashboard";"EpiDashboard.DashboardSharedStrings";"GADGET_ABERRATION_EXPECTED";"Expected";"Esperado";"";""
"EpiDashboard";"EpiDashboard.DashboardSharedStrings";"GADGET_ABERRATIONS_FOUND";"Aberrations found:";"Aberrações encontradas:";"";""
"EpiDashboard";"EpiDashboard.DashboardSharedStrings";"GADGET_ADD_CONDITION";"Add this condition";"Adicionar esta condição";"";"Revisado"
"EpiDashboard";"EpiDashboard.DashboardSharedStrings";"GADGET_ADD_CONDITION_AND";"Add Condition with AND";"Adicionar condição com AND";"";"Revisado"
"EpiDashboard";"EpiDashboard.DashboardSharedStrings";"GADGET_ADD_CONDITION_OR";"Add Condition with OR";"Adicionar condição com OR";"";"Revisado"
"EpiDashboard";"EpiDashboard.DashboardSharedStrings";"GADGET_ADD_WITH_AND_OPERATOR";"Add with AND";"Adicionar com AND";"";"Revisado"
"EpiDashboard";"EpiDashboard.DashboardSharedStrings";"GADGET_ADD_WITH_OR_OPERATOR";"Add with OR";"Adicionar com OR";"";"Revisado"
"EpiDashboard";"EpiDashboard.DashboardSharedStrings";"GADGET_ADDFILTER";"Add Filter";"Adicionar filtro";"";"Revisado"
"EpiDashboard";"EpiDashboard.DashboardSharedStrings";"GADGET_ADDITIONAL_FIELDS_DISPLAY";"Additional fields to display:";"Campos adicionais a exibir:";"";"Revisado"
"EpiDashboard";"EpiDashboard.DashboardSharedStrings";"GADGET_ADV_FILTER_MODE";"Advanced Filter Mode";"Modo de filtro avançado";"";"Revisado"
"EpiDashboard";"EpiDashboard.DashboardSharedStrings";"GADGET_ADVANCED_FILTER_BOOLEAN";"4.  Boolean data:";"4.  Dados booleanos:";"";"Revisado"
"EpiDashboard";"EpiDashboard.DashboardSharedStrings";"GADGET_ADVANCED_FILTER_DATE";"3.  Date data:";"3.  Dados de data:";"";"Revisado"
"EpiDashboard";"EpiDashboard.DashboardSharedStrings";"GADGET_ADVANCED_FILTER_MODE";"Advanced Filter Mode";"Modo de filtro avançado";"";"Revisado"
"EpiDashboard";"EpiDashboard.DashboardSharedStrings";"GADGET_ADVANCED_FILTER_NUMERIC";"1.  Numeric data:";"1.  Dados numéricos:";"";"Revisado"
"EpiDashboard";"EpiDashboard.DashboardSharedStrings";"GADGET_ADVANCED_FILTER_TEXT";"2. Text data:";"2. Dados de texto:";"";"Revisado"
"EpiDashboard";"EpiDashboard.DashboardSharedStrings";"GADGET_ADVANCED_MODE";"Advanced mode";"Modo avançado";"";"Revisado"
"EpiDashboard";"EpiDashboard.DashboardSharedStrings";"GADGET_ADVANCED_OPTIONS";"Advanced options";"Opções avançadas";"";"Revisado"
"EpiDashboard";"EpiDashboard.DashboardSharedStrings";"GADGET_AGG_FUNC";"";"Função de agregação:";"";"Revisado"
"EpiDashboard";"EpiDashboard.DashboardSharedStrings";"GADGET_ALL_LIST_VALUES";"Display all list values";"Exibir todos os valores da lista";"";"Revisado"
"EpiDashboard";"EpiDashboard.DashboardSharedStrings";"GADGET_ALL_VALUES";"All values:";"Todos os valores:";"";"Revisado"
"EpiDashboard";"EpiDashboard.DashboardSharedStrings";"GADGET_AND";"and";"e";"";"Revisado"
"EpiDashboard";"EpiDashboard.DashboardSharedStrings";"GADGET_ANNOTATION_PERCENT";"Annotation percent:";"Porcentagem da anotação:";"";"Revisado"
"EpiDashboard";"EpiDashboard.DashboardSharedStrings";"GADGET_APPLY_ADVANCED_FILTER";"Apply Filter";"Aplicar filtro";"";""
"EpiDashboard";"EpiDashboard.DashboardSharedStrings";"GADGET_AREA_TYPE";"Area Type:";"Tipo de área:";"";"Revisado"
"EpiDashboard";"EpiDashboard.DashboardSharedStrings";"GADGET_AVAILABLE_VARIABLES";"Available Variables";"Variáveis disponíveis";"";"Revisado"
"EpiDashboard";"EpiDashboard.DashboardSharedStrings";"GADGET_BARTYPE";"Bar type:";"Tipo de barra:";"";"Revisado"
"EpiDashboard";"EpiDashboard.DashboardSharedStrings";"GADGET_BOOLEAN_DATA";"4. Boolean data:   (ILL = true)";"4. Dados booleanos:   (ILL = true)";"";"Revisado"
"EpiDashboard";"EpiDashboard.DashboardSharedStrings";"GADGET_BOUNDARIES";"Boundaries";"Limites";"";"Revisado"
"EpiDashboard";"EpiDashboard.DashboardSharedStrings";"GADGET_BREAK_TYPE";"Break type:";"Tipo de quebra:";"";"Revisado"
"EpiDashboard";"EpiDashboard.DashboardSharedStrings";"GADGET_BREAK1";"Break 1:";"Quebra 1:";"";"Revisado"
"EpiDashboard";"EpiDashboard.DashboardSharedStrings";"GADGET_BREAK2";"Break 2:";"Quebra 2:";"";"Revisado"
"EpiDashboard";"EpiDashboard.DashboardSharedStrings";"GADGET_BREAK3";"Break 3:";"Quebra 3:";"";"Revisado"
"EpiDashboard";"EpiDashboard.DashboardSharedStrings";"GADGET_BREAK4";"Break 4:";"Quebra 4:";"";"Revisado"
"EpiDashboard";"EpiDashboard.DashboardSharedStrings";"GADGET_BREAK5";"Break 5:";"Quebra 5:";"";"Revisado"
"EpiDashboard";"EpiDashboard.DashboardSharedStrings";"GADGET_CANVAS_INFO";"Canvas Information";"Informações do canvas";"";"Revisado"
"EpiDashboard";"EpiDashboard.DashboardSharedStrings";"GADGET_CASE_CONTROL";"Case/Control:";"Caso/Controle:";"";"Revisado"
"EpiDashboard";"EpiDashboard.DashboardSharedStrings";"GADGET_CASE_STATUS_FIELD";"";"Campo de status:";"";"Revisado"
"EpiDashboard";"EpiDashboard.DashboardSharedStrings";"GADGET_CENTER";"Center horizontally";"Centralizar horizontalmente";"";""
"EpiDashboard";"EpiDashboard.DashboardSharedStrings";"GADGET_CHART_GENERATE";"";"Gerar gráfico";"";"Revisado"
"EpiDashboard";"EpiDashboard.DashboardSharedStrings";"GADGET_CHART_GRID_LINES";"";"Mostrar linhas de grade";"";"Revisado"
"EpiDashboard";"EpiDashboard.DashboardSharedStrings";"GADGET_CHART_KIND";"Chart kind:";"Tipo de gráfico:";"";"Revisado"
"EpiDashboard";"EpiDashboard.DashboardSharedStrings";"GADGET_CHART_OUTCOME_VARIABLE";"";"Campo de desfecho:";"";"Revisado"
"EpiDashboard";"EpiDashboard.DashboardSharedStrings";"GADGET_CHART_SIZE";"";"Tamanho do gráfico:";"";"Revisado"
"EpiDashboard";"EpiDashboard.DashboardSharedStrings";"GADGET_CHART_SUBTITLE";"Chart subtitle:";"Subtítulo do gráfico:";"";"Revisado"
"EpiDashboard";"EpiDashboard.DashboardSharedStrings";"GADGET_CHART_TITLE";"Chart title:";"Título do gráfico:";"";"Revisado"
"EpiDashboard";"EpiDashboard.DashboardSharedStrings";"GADGET_CHART_TYPE";"";"Tipo de gráfico:";"";"Revisado"
"EpiDashboard";"EpiDashboard.DashboardSharedStrings";"GADGET_CHART_VARIABLE";"";"Variável primária:";"";"Revisado"
"EpiDashboard";"EpiDashboard.DashboardSharedStrings";"GADGET_CLASSES";"Classes:";"Classes:";"";"Revisado"
"EpiDashboard";"EpiDashboard.DashboardSharedStrings";"GADGET_CLEAR_ALL";"Clear All";"Limpar tudo";"";"Revisado"
"EpiDashboard";"EpiDashboard.DashboardSharedStrings";"GADGET_CLEAR_ALL_CONDITIONS";"Clear all conditions";"Limpar todas as condições";"";"Revisado"
"EpiDashboard";"EpiDashboard.DashboardSharedStrings";"GADGET_CLEAR_TERMS";"Clear Terms";"Limpar termos";"";"Revisado"
"EpiDashboard";"EpiDashboard.DashboardSharedStrings";"GADGET_COLOR_GRADIENT";"Color Gradient:";"Gradiente de cor:";"";"Revisado"
"EpiDashboard";"EpiDashboard.DashboardSharedStrings";"GADGET_COLOR_PALETTE";"Color palette:";"Paleta de cores:";"";"Revisado"
"EpiDashboard";"EpiDashboard.DashboardSharedStrings";"GADGET_COLUMN_95_CILOWER";"95% CI lower";"IC 95% inferior";"";"Revisado"
"EpiDashboard";"EpiDashboard.DashboardSharedStrings";"GADGET_COLUMN_95_CIUPPER";"95% CI upper";"IC 95% superior";"";"Revisado"
"EpiDashboard";"EpiDashboard.DashboardSharedStrings";"GADGET_COLUMN_CUMULATIVE_PERCENT";"Cumulative percent";"Porcentagem acumulada";"";"Revisado"
"EpiDashboard";"EpiDashboard.DashboardSharedStrings";"GADGET_COLUMN_FREQUENCY";"Frequency";"Frequência";"";"Revisado"
"EpiDashboard";"EpiDashboard.DashboardSharedStrings";"GADGET_COLUMN_PERCENT";"Percent";"Porcentagem";"";"Revisado"
"EpiDashboard";"EpiDashboard.DashboardSharedStrings";"GADGET_COLUMN_PERCENTBAR";"Percent bars";"Barras de porcentagem";"";"Revisado"
"EpiDashboard";"EpiDashboard.DashboardSharedStrings";"GADGET_COMBINE_MODE";"Combine mode:";"Modo de combinação:";"";"Revisado"
"EpiDashboard";"EpiDashboard.DashboardSharedStrings";"GADGET_COMPOSITION";"Composition:";"Composição:";"";"Revisado"
"EpiDashboard";"EpiDashboard.DashboardSharedStrings";"GADGET_CONFIDENCE_LIMITS";"Confidence limits:";"Limites de confiança:";"";"Revisado"
"EpiDashboard";"EpiDashboard.DashboardSharedStrings";"GADGET_CONFIG_TITLE_ABERRATION_CHART";"Aberration Detection Chart";"Gráfico de detecção de aberrações";"";"Revisado"
"EpiDashboard";"EpiDashboard.DashboardSharedStrings";"GADGET_CONFIG_TITLE_ABERRATION_DETECTION";"Aberration Detection Properties";"Propriedades de detecção de aberrações";"";"Revisado"
"EpiDashboard";"EpiDashboard.DashboardSharedStrings";"GADGET_CONFIG_TITLE_AREACHART";"Area Chart";"Gráfico de área";"";"Revisado"
"EpiDashboard";"EpiDashboard.DashboardSharedStrings";"GADGET_CONFIG_TITLE_BLANK";"Blank";"Em branco";"";"Revisado"
"EpiDashboard";"EpiDashboard.DashboardSharedStrings";"GADGET_CONFIG_TITLE_CHART";"Chart Properties";"Propriedades do gráfico";"";"Revisado"
"EpiDashboard";"EpiDashboard.DashboardSharedStrings";"GADGET_CONFIG_TITLE_CHOROPLETH";"Choropleth";"Coroplético";"";"Revisado"
"EpiDashboard";"EpiDashboard.DashboardSharedStrings";"GADGET_CONFIG_TITLE_CLUSTER";"Case Cluster";"Aglomerado de casos";"";"Revisado"
"EpiDashboard";"EpiDashboard.DashboardSharedStrings";"GADGET_CONFIG_TITLE_COLUMNCHART";"Column Chart";"Gráfico de colunas";"";"Revisado"
"EpiDashboard";"EpiDashboard.DashboardSharedStrings";"GADGET_CONFIG_TITLE_COMBINED_FREQUENCY";"Combined Frequency Properties";"Propriedades de frequência combinada";"";"Revisado"
"EpiDashboard";"EpiDashboard.DashboardSharedStrings";"GADGET_CONFIG_TITLE_COMBINEDFEQ";"Combined Frequency";"Frequência combinada";"";"Revisado"
"EpiDashboard";"EpiDashboard.DashboardSharedStrings";"GADGET_CONFIG_TITLE_COMPLEX_MEANS";"Complex Sample Means";"Médias de amostra complexa";"";"Revisado"
"EpiDashboard";"EpiDashboard.DashboardSharedStrings";"GADGET_CONFIG_TITLE_COMPLEX_SAMPLE";"Complex Sample Frequencies";"Frequências de amostra complexa";"";"Revisado"
"EpiDashboard";"EpiDashboard.DashboardSharedStrings";"GADGET_CONFIG_TITLE_COMPLEX_TABLES";"Complex Sample Tables";"Tabelas de amostra complexa";"";"Revisado"
"EpiDashboard";"EpiDashboard.DashboardSharedStrings";"GADGET_CONFIG_TITLE_CROSSTABULATION";"Crosstabulation";"Tabulação cruzada";"";"Revisado"
"EpiDashboard";"EpiDashboard.DashboardSharedStrings";"GADGET_CONFIG_TITLE_DOTDENSITY";"Dot Density";"Densidade de pontos";"";"Revisado"
"EpiDashboard";"EpiDashboard.DashboardSharedStrings";"GADGET_CONFIG_TITLE_DUPLICATELIST";"";"Lista de duplicados";"";"Revisado"
"EpiDashboard";"EpiDashboard.DashboardSharedStrings";"GADGET_CONFIG_TITLE_DUPLICATESLIST";"Duplicates List";"Lista de duplicados";"";"Revisado"
"EpiDashboard";"EpiDashboard.DashboardSharedStrings";"GADGET_CONFIG_TITLE_EPICURVE_CHART";"Epi Curve Chart";"Gráfico de curva epidêmica";"";"Revisado"
"EpiDashboard";"EpiDashboard.DashboardSharedStrings";"GADGET_CONFIG_TITLE_FREQUENCY";"Frequency";"Frequência";"";"Revisado"
"EpiDashboard";"EpiDashboard.DashboardSharedStrings";"GADGET_CONFIG_TITLE_LINE_LIST";"Line List";"Lista de registros";"LONGO";"Revisado"
"EpiDashboard";"EpiDashboard.DashboardSharedStrings";"GADGET_CONFIG_TITLE_LINEAR_REGRESSION";"Linear Regression";"Regressão linear";"";"Revisado"
"EpiDashboard";"EpiDashboard.DashboardSharedStrings";"GADGET_CONFIG_TITLE_LINECHART";"Line Chart";"Gráfico de linha";"";"Revisado"
"EpiDashboard";"EpiDashboard.DashboardSharedStrings";"GADGET_CONFIG_TITLE_LOGISTIC_REGRESSION";"Logistic Regression";"Regressão logística";"";"Revisado"
"EpiDashboard";"EpiDashboard.DashboardSharedStrings";"GADGET_CONFIG_TITLE_MEANS";"Means";"Médias";"";"Revisado"
"EpiDashboard";"EpiDashboard.DashboardSharedStrings";"GADGET_CONFIG_TITLE_MPC_CONTROL";"Matched Pair Case-Control";"Caso-controle pareado";"";"Revisado"
"EpiDashboard";"EpiDashboard.DashboardSharedStrings";"GADGET_CONFIG_TITLE_MXN";"Crosstabulation Properties";"Propriedades de tabulação cruzada";"";"Revisado"
"EpiDashboard";"EpiDashboard.DashboardSharedStrings";"GADGET_CONFIG_TITLE_PARETO_CHART";"Pareto Chart";"Gráfico de Pareto";"";"Revisado"
"EpiDashboard";"EpiDashboard.DashboardSharedStrings";"GADGET_CONFIG_TITLE_PIECHART";"Pie Chart";"Gráfico de pizza";"";"Revisado"
"EpiDashboard";"EpiDashboard.DashboardSharedStrings";"GADGET_CONFIG_TITLE_SATELLITE";"Satellite";"Satélite";"";""
"EpiDashboard";"EpiDashboard.DashboardSharedStrings";"GADGET_CONFIG_TITLE_SCATTER_CHART";"Scatter Chart";"Gráfico de dispersão";"";"Revisado"
"EpiDashboard";"EpiDashboard.DashboardSharedStrings";"GADGET_CONFIG_TITLE_SPOTMAP";"Spot Map";"Mapa de pontos";"";"Revisado"
"EpiDashboard";"EpiDashboard.DashboardSharedStrings";"GADGET_CONFIG_TITLE_STREETS";"Streets";"Ruas";"";"Revisado"
"EpiDashboard";"EpiDashboard.DashboardSharedStrings";"GADGET_CONFIG_TITLE_WORD_CLOUD";"Cloud Properties";"Propriedades da nuvem";"";"Revisado"
"EpiDashboard";"EpiDashboard.DashboardSharedStrings";"GADGET_CONFIG_TITLE_WORDCLOUD";"Word Cloud";"Nuvem de palavras";"";"Revisado"
"EpiDashboard";"EpiDashboard.DashboardSharedStrings";"GADGET_CONNECT_MAPSERVER";"Connect to a known map server";"Conectar a um servidor de mapas conhecido";"";"Revisado"
"EpiDashboard";"EpiDashboard.DashboardSharedStrings";"GADGET_CONNECTION_STRING";"Connection String:";"Cadeia de conexão:";"";"Revisado"
"EpiDashboard";"EpiDashboard.DashboardSharedStrings";"GADGET_COUNT";"Gadgets: {0}";"{0} gadgets";"";"Revisado"
"EpiDashboard";"EpiDashboard.DashboardSharedStrings";"GADGET_COUNT_VARIABLE_OPT";"Count (Optional):";"Contagem (opcional):";"";"Revisado"
"EpiDashboard";"EpiDashboard.DashboardSharedStrings";"GADGET_CROSSTAB_VARIABLE";"Cross-tabulate by:";"Tabulação cruzada por:";"";""
"EpiDashboard";"EpiDashboard.DashboardSharedStrings";"GADGET_CUSTOM_FILTER";"Only showing records matching the following criteria (in addition to canvas filters): {0}";"Mostrando apenas os registros que correspondem aos seguintes critérios (além dos filtros do canvas): {0}";"";"Revisado"
"EpiDashboard";"EpiDashboard.DashboardSharedStrings";"GADGET_DATA_FILTERS";"Data filters:";"Filtros de dados:";"";"Revisado"
"EpiDashboard";"EpiDashboard.DashboardSharedStrings";"GADGET_DATA_SOURCE";"Data Source";"Fonte de dados";"";"Revisado"
"EpiDashboard";"EpiDashboard.DashboardSharedStrings";"GADGET_DATAFILTER";"Data filters:";"Filtros de dados:";"";"Revisado"
"EpiDashboard";"EpiDashboard.DashboardSharedStrings";"GADGET_DATE_DATA";"3. Date data:   (DOB >= #01/01/2000#) AND (DOB <= #12/31/2000 23:59:59#)";"3. Dados de data:   (DOB >= #01/01/2000#) AND (DOB <= #12/31/2000 23:59:59#)";"";"Revisado"
"EpiDashboard";"EpiDashboard.DashboardSharedStrings";"GADGET_DATE_INTERVAL";"";"Intervalo de datas:";"";"Revisado"
"EpiDashboard";"EpiDashboard.DashboardSharedStrings";"GADGET_DATE_VARIABLE";"Date:";"Data:";"";""
"EpiDashboard";"EpiDashboard.DashboardSharedStrings";"GADGET_DAYS_PRIOR";"Process records this many days prior:";"Processar registros com este número de dias de antecedência:";"";"Revisado"
"EpiDashboard";"EpiDashboard.DashboardSharedStrings";"GADGET_DECIMALS_TO_DISPLAY";"Decimals to display:";"Casas decimais a exibir:";"";"Revisado"
"EpiDashboard";"EpiDashboard.DashboardSharedStrings";"GADGET_DEFINE_VALUE_MAPPING";"Define Value Mappings";"Definir mapeamentos de valores";"";"Revisado"
"EpiDashboard";"EpiDashboard.DashboardSharedStrings";"GADGET_DESCRIPTION";"Gadget Description";"Descrição do gadget";"";"Revisado"
"EpiDashboard";"EpiDashboard.DashboardSharedStrings";"GADGET_DESIRED_DATA_FILTER";"Type the desired data filter string into the text box below. Several examples are provided:";"Digite no campo de texto abaixo a expressão de filtro de dados desejada. Alguns exemplos são fornecidos:";"";"Revisado"
"EpiDashboard";"EpiDashboard.DashboardSharedStrings";"GADGET_DIFFERENT_BAR_COLORS";"Different bar colors";"Cores diferentes para as barras";"";"Revisado"
"EpiDashboard";"EpiDashboard.DashboardSharedStrings";"GADGET_DIMENSIONS";"Dimensions";"Dimensões";"";"Revisado"
"EpiDashboard";"EpiDashboard.DashboardSharedStrings";"GADGET_DISPLAY_2X2_SUMMARY_HORIZONTALLY";"Horizontal 2x2 summary";"Resumo horizontal 2x2";"";""
"EpiDashboard";"EpiDashboard.DashboardSharedStrings";"GADGET_DISPLAY_ANOVA";"Display ANOVA statistics";"Mostrar estatísticas ANOVA";"";""
"EpiDashboard";"EpiDashboard.DashboardSharedStrings";"GADGET_DISPLAY_CHISQUARE";"Display Chi-Square";"Exibir qui-quadrado";"";"Revisado"
"EpiDashboard";"EpiDashboard.DashboardSharedStrings";"GADGET_DISPLAY_LIST_LABELS";"Display list labels";"Exibir rótulos da lista";"";"Revisado"
"EpiDashboard";"EpiDashboard.DashboardSharedStrings";"GADGET_DISPLAY_LIST_VALUE";"Display all list values";"Exibir todos os valores da lista";"";"Revisado"
"EpiDashboard";"EpiDashboard.DashboardSharedStrings";"GADGET_DISPLAY_OPTIONS";"Display options";"Opções de visualização";"";""
"EpiDashboard";"EpiDashboard.DashboardSharedStrings";"GADGET_DISPLAY_STRATAS_HORIZONTALLY";"Display stratas horizontally";"Exibir estratos horizontalmente";"";"Revisado"
"EpiDashboard";"EpiDashboard.DashboardSharedStrings";"GADGET_DRAW_BORDERS";"Draw borders";"Desenhar bordas";"";"Revisado"
"EpiDashboard";"EpiDashboard.DashboardSharedStrings";"GADGET_DRAW_HEADER_ROW";"Draw header row";"Desenhar linha de cabeçalho";"";"Revisado"
"EpiDashboard";"EpiDashboard.DashboardSharedStrings";"GADGET_DRAW_TOTAL_ROW";"Draw total row";"Desenhar linha de total";"";"Revisado"
"EpiDashboard";"EpiDashboard.DashboardSharedStrings";"GADGET_DUMMY_VARIABLES";"Dummy variables:";"Variáveis dummy:";"";"Revisado"
"EpiDashboard";"EpiDashboard.DashboardSharedStrings";"GADGET_END_VALUE";"End value:";"Valor final:";"";""
"EpiDashboard";"EpiDashboard.DashboardSharedStrings";"GADGET_ERASE_ALL_FROM_CANVAS";"All gadgets will be erased from the canvas. Proceed?";"Todos os gadgets serão removidos do canvas. Continuar?";"";"Revisado"
"EpiDashboard";"EpiDashboard.DashboardSharedStrings";"GADGET_EXAMPLE_KMLFILE";"Example: http://code.google.com/apis/kml/documentation/us_states.kml";"Exemplo: http://code.google.com/apis/kml/documentation/us_states.kml";"";"Revisado"
"EpiDashboard";"EpiDashboard.DashboardSharedStrings";"GADGET_EXAMPLE_MAPSERVER";"Example: http://services.nationalmap.gov/ArcGIS/rest/services/govunits/MapServer";"Exemplo: http://services.nationalmap.gov/ArcGIS/rest/services/govunits/MapServer";"";"Revisado"
"EpiDashboard";"EpiDashboard.DashboardSharedStrings";"GADGET_EXPOSURE_VARIABLE";"Exposure:";"Exposição:";"";""
"EpiDashboard";"EpiDashboard.DashboardSharedStrings";"GADGET_FIELDNAME";"Field Name:";"Nome do campo:";"";"Revisado"
"EpiDashboard";"EpiDashboard.DashboardSharedStrings";"GADGET_FIELDS";"Fields:";"Campos:";"";""
"EpiDashboard";"EpiDashboard.DashboardSharedStrings";"GADGET_FILTER_GADGET_ONLY";"Note: Any filters set here are applied to this gadget only.";"Observação: os filtros definidos aqui se aplicam somente a este gadget.";"";"Revisado"
"EpiDashboard";"EpiDashboard.DashboardSharedStrings";"GADGET_FILTERS_NONE";"No advanced filters are in effect.";"Nenhum filtro avançado em vigor.";"";"Revisado"
"EpiDashboard";"EpiDashboard.DashboardSharedStrings";"GADGET_FREQUENCY_VARIABLE";"Frequency of:";"Frequência de:";"";""
"EpiDashboard";"EpiDashboard.DashboardSharedStrings";"GADGET_GADET_TITLE";"Gadget Title";"Título do gadget";"";"Revisado"
"EpiDashboard";"EpiDashboard.DashboardSharedStrings";"GADGET_GROUP_BY";"Group By";"Agrupar por";"";""
"EpiDashboard";"EpiDashboard.DashboardSharedStrings";"GADGET_GROUP_VARIABLE";"Group field:";"Campo de grupo:";"";"Revisado"
"EpiDashboard";"EpiDashboard.DashboardSharedStrings";"GADGET_GUIDED_MODE";"Guided Mode";"Modo guiado";"";"Revisado"
"EpiDashboard";"EpiDashboard.DashboardSharedStrings";"GADGET_HEIGHT";"Height:";"Altura:";"";""
"EpiDashboard";"EpiDashboard.DashboardSharedStrings";"GADGET_HIDE_SHOW_LEGEND";"Hide/Show Legend";"Ocultar/exibir legenda";"";"Revisado"
"EpiDashboard";"EpiDashboard.DashboardSharedStrings";"GADGET_HIDESHOW_DESCRP";"Hide or show the map legend/key of the layers on the map.";"Oculta ou exibe a legenda/chave das camadas no mapa.";"";"Revisado"
"EpiDashboard";"EpiDashboard.DashboardSharedStrings";"GADGET_HIGH_VALUE";"High value:";"Valor alto:";"";"Revisado"
"EpiDashboard";"EpiDashboard.DashboardSharedStrings";"GADGET_HIGH_VALUE_COLOR";"High value color";"Cor do valor alto";"";"Revisado"
"EpiDashboard";"EpiDashboard.DashboardSharedStrings";"GADGET_INCLUDE_MISSING";"Include missing values";"Incluir valores ausentes";"";"Revisado"
"EpiDashboard";"EpiDashboard.DashboardSharedStrings";"GADGET_INDEPENDENT_VARIABLES";"Independent variables:";"Variáveis independentes:";"";"Revisado"
"EpiDashboard";"EpiDashboard.DashboardSharedStrings";"GADGET_INDICATOR_VARIABLE_OPT";"Indicator (Optional):";"Indicador (opcional):";"";"Revisado"
"EpiDashboard";"EpiDashboard.DashboardSharedStrings";"GADGET_INDICATOR_VARIABLES_OPT";"Indicators (Optional):";"Indicadores (opcional):";"";"Revisado"
"EpiDashboard";"EpiDashboard.DashboardSharedStrings";"GADGET_INFO_UNFILTERED_ROWS";" unfiltered rows";" linhas não filtradas";"";"Revisado"
"EpiDashboard";"EpiDashboard.DashboardSharedStrings";"GADGET_INTERACTION_TERMS";"Interaction terms:";"Termos de interação:";"";"Revisado"
"EpiDashboard";"EpiDashboard.DashboardSharedStrings";"GADGET_INTERVAL";"Interval:";"Intervalo:";"";"Revisado"
"EpiDashboard";"EpiDashboard.DashboardSharedStrings";"GADGET_KEY_DUPCHECKING";"Key fields for duplicate checking:";"Campos-chave para verificação de duplicados:";"";"Revisado"
"EpiDashboard";"EpiDashboard.DashboardSharedStrings";"GADGET_KMLFILE";"KML/KMZ File";"Arquivo KML/KMZ";"";"Revisado"
"EpiDashboard";"EpiDashboard.DashboardSharedStrings";"GADGET_KMLFILE_LOCATION";"Location URL of KML/KMZ File:";"URL do arquivo KML/KMZ:";"";"Revisado"
"EpiDashboard";"EpiDashboard.DashboardSharedStrings";"GADGET_LABEL_DESCRIPTION";"Description";"Descrição";"";"Revisado"
"EpiDashboard";"EpiDashboard.DashboardSharedStrings";"GADGET_LABEL_SPOTS";"Spots";"Pontos";"";"Revisado"
"EpiDashboard";"EpiDashboard.DashboardSharedStrings";"GADGET_LABEL_STYLE";"Style:";"Estilo:";"";""
"EpiDashboard";"EpiDashboard.DashboardSharedStrings";"GADGET_LAG_TIME_DAYS";"Lag time (days):";"Tempo de defasagem (dias):";"";"Revisado"
"EpiDashboard";"EpiDashboard.DashboardSharedStrings";"GADGET_LATITUDE_FIELD";"Latitude Field:";"Campo de latitude:";"";"Revisado"
"EpiDashboard";"EpiDashboard.DashboardSharedStrings";"GADGET_LEGEND_DESCRIPTION";"Legend Description:";"Descrição da legenda:";"";"Revisado"
"EpiDashboard";"EpiDashboard.DashboardSharedStrings";"GADGET_LEGEND_FONTSIZE";"Legend font size:";"Tamanho da fonte da legenda:";"";"Revisado"
"EpiDashboard";"EpiDashboard.DashboardSharedStrings";"GADGET_LEGEND_PLACEMENT";"Legend placement:";"Posição da legenda:";"";"Revisado"
"EpiDashboard";"EpiDashboard.DashboardSharedStrings";"GADGET_LINE_THICKNESS";"Line thickness:";"Espessura da linha:";"";"Revisado"
"EpiDashboard";"EpiDashboard.DashboardSharedStrings";"GADGET_LINE_THICKNESSY2";"Line thickness (Y2):";"Espessura da linha (Y2):";"";"Revisado"
"EpiDashboard";"EpiDashboard.DashboardSharedStrings";"GADGET_LINE_TYPE";"Line type:";"Tipo de linha:";"";"Revisado"
"EpiDashboard";"EpiDashboard.DashboardSharedStrings";"GADGET_LINEDASH_STYLEY2";"Line dash style (Y2):";"Estilo do traço da linha (Y2):";"";"Revisado"
"EpiDashboard";"EpiDashboard.DashboardSharedStrings";"GADGET_LINETYPE_Y2";"Line type (Y2):";"Tipo de linha (Y2):";"";"Revisado"
"EpiDashboard";"EpiDashboard.DashboardSharedStrings";"GADGET_LIST_LABELS";"Display list labels";"Exibir rótulos da lista";"";"Revisado"
"EpiDashboard";"EpiDashboard.DashboardSharedStrings";"GADGET_LOAD_ERROR";"The 'type' attribute for one of the gadgets in the specified canvas file is not set properly. The loading of this canvas file has been aborted.";"O atributo 'type' de um dos gadgets no arquivo de canvas especificado não está definido corretamente. O carregamento deste arquivo de canvas foi interrompido.";"";"Revisado"
"EpiDashboard";"EpiDashboard.DashboardSharedStrings";"GADGET_LOADING_DATA";"Loading Data...";"Carregando dados…";"";"Revisado"
"EpiDashboard";"EpiDashboard.DashboardSharedStrings";"GADGET_LONGITUDE_FIELD";"Longitude Field:";"Campo de longitude:";"";"Revisado"
"EpiDashboard";"EpiDashboard.DashboardSharedStrings";"GADGET_LOW_VALUE";"Low Value:";"Valor baixo:";"";"Revisado"
"EpiDashboard";"EpiDashboard.DashboardSharedStrings";"GADGET_LOW_VALUE_COLOR";"Low value color";"Cor do valor baixo";"";"Revisado"
"EpiDashboard";"EpiDashboard.DashboardSharedStrings";"GADGET_MAIN_VARIABLE";"Main variable:";"Variável principal:";"";"Revisado"
"EpiDashboard";"EpiDashboard.DashboardSharedStrings";"GADGET_MAKE_DUMMY";"Make Dummy";"Criar variáveis dummy";"LONGO";"Revisado"
"EpiDashboard";"EpiDashboard.DashboardSharedStrings";"GADGET_MAP_ADD_BOUNDARY";"Select a shapefile, kml file, or map server for boundaries.";"Selecione um shapefile, arquivo KML ou servidor de mapas para os limites.";"";"Revisado"
"EpiDashboard";"EpiDashboard.DashboardSharedStrings";"GADGET_MAP_ADD_DATA_SOURCE";"Select a data source.";"Selecione uma fonte de dados.";"";"Revisado"
"EpiDashboard";"EpiDashboard.DashboardSharedStrings";"GADGET_MAP_ADD_LABEL";"Add label";"Adicionar rótulo";"";"Revisado"
"EpiDashboard";"EpiDashboard.DashboardSharedStrings";"GADGET_MAP_ADD_MARKER";"Add marker";"Adicionar marcador";"";"Revisado"
"EpiDashboard";"EpiDashboard.DashboardSharedStrings";"GADGET_MAP_ADD_VARIABLES";"Select map layer variables before clicking OK.";"Selecione as variáveis da camada do mapa antes de clicar em OK.";"";"Revisado"
"EpiDashboard";"EpiDashboard.DashboardSharedStrings";"GADGET_MAP_ADD_ZONE";"Add zone";"Adicionar zona";"";"Revisado"
"EpiDashboard";"EpiDashboard.DashboardSharedStrings";"GADGET_MAP_CHORPLTH_MISSEXCLUDED";"Missing / Excluded";"Ausente / Excluído";"";"Revisado"
"EpiDashboard";"EpiDashboard.DashboardSharedStrings";"GADGET_MAP_CLASS_BREAKS";"Classes";"Classes";"";"Revisado"
"EpiDashboard";"EpiDashboard.DashboardSharedStrings";"GADGET_MAP_CLASSES";"Classes";"Classes";"";"Revisado"
"EpiDashboard";"EpiDashboard.DashboardSharedStrings";"GADGET_MAP_COLOR_MISSING";"Missing or Excluded Color";"Cor de valores ausentes ou excluídos";"";"Revisado"
"EpiDashboard";"EpiDashboard.DashboardSharedStrings";"GADGET_MAP_DATA";"Data Key:";"Chave nos dados:";"";"Revisado"
"EpiDashboard";"EpiDashboard.DashboardSharedStrings";"GADGET_MAP_DOT_VALUE";"Dot Value:";"Valor do ponto:";"";"Revisado"
"EpiDashboard";"EpiDashboard.DashboardSharedStrings";"GADGET_MAP_END";"End Color";"Cor final";"";"Revisado"
"EpiDashboard";"EpiDashboard.DashboardSharedStrings";"GADGET_MAP_FEATURE";"Feature Key:";"Chave da feição:";"";"Revisado"
"EpiDashboard";"EpiDashboard.DashboardSharedStrings";"GADGET_MAP_FONT_STYLE";"Font style";"Estilo da fonte";"";"Revisado"
"EpiDashboard";"EpiDashboard.DashboardSharedStrings";"GADGET_MAP_LABEL";"Label";"Rótulo";"";"Revisado"
"EpiDashboard";"EpiDashboard.DashboardSharedStrings";"GADGET_MAP_LABEL_COLOR";"Text color";"Cor do texto";"";"Revisado"
"EpiDashboard";"EpiDashboard.DashboardSharedStrings";"GADGET_MAP_LABEL_FONT";"Font";"Fonte";"";"Revisado"
"EpiDashboard";"EpiDashboard.DashboardSharedStrings";"GADGET_MAP_LAYER_BACK";"Send layer back";"Enviar camada para trás";"";"Revisado"
"EpiDashboard";"EpiDashboard.DashboardSharedStrings";"GADGET_MAP_LAYER_CLOSE";"Close map layer";"Fechar camada do mapa";"";"Revisado"
"EpiDashboard";"EpiDashboard.DashboardSharedStrings";"GADGET_MAP_LAYER_FORWARD";"Bring layer forward";"Trazer camada para frente";"";"Revisado"
"EpiDashboard";"EpiDashboard.DashboardSharedStrings";"GADGET_MAP_LAYERS";"Map Layers";"Camadas do mapa";"";"Revisado"
"EpiDashboard";"EpiDashboard.DashboardSharedStrings";"GADGET_MAP_LEGEND_TEXT";"Legend Text";"Texto da legenda";"";"Revisado"
"EpiDashboard";"EpiDashboard.DashboardSharedStrings";"GADGET_MAP_LEGEND_TITLE";"Legend Title";"Título da legenda";"";"Revisado"
"EpiDashboard";"EpiDashboard.DashboardSharedStrings";"GADGET_MAP_MARKER";"Marker";"Marcador";"";""
"EpiDashboard";"EpiDashboard.DashboardSharedStrings";"GADGET_MAP_NOT_ENOUGH_VALUES_TO_GENERATE_N_CLASSES";"There are not enough values in the value field selected to generate {0} classes.";"Não há valores suficientes no campo de valor selecionado para gerar {0} classes.";"";"Revisado"
"EpiDashboard";"EpiDashboard.DashboardSharedStrings";"GADGET_MAP_OPACITY";"Opacity";"Opacidade";"";"Revisado"
"EpiDashboard";"EpiDashboard.DashboardSharedStrings";"GADGET_MAP_QUANTILES";"Quantiles";"Quantis";"";"Revisado"
"EpiDashboard";"EpiDashboard.DashboardSharedStrings";"GADGET_MAP_RANGE";"Range:";"Intervalo:";"";"Revisado"
"EpiDashboard";"EpiDashboard.DashboardSharedStrings";"GADGET_MAP_RANGES";"Ranges:";"Intervalos:";"";"Revisado"
"EpiDashboard";"EpiDashboard.DashboardSharedStrings";"GADGET_MAP_REMOVE_LAYERS";"Remove all layers";"Remover todas as camadas";"";"Revisado"
"EpiDashboard";"EpiDashboard.DashboardSharedStrings";"GADGET_MAP_SELECT_DATASOURCE";"Note: First select a data source to add a filter to this layer.";"Observação: primeiro selecione uma fonte de dados para adicionar um filtro a esta camada.";"";"Revisado"
"EpiDashboard";"EpiDashboard.DashboardSharedStrings";"GADGET_MAP_SIZE";"Size";"Tamanho";"";"Revisado"
"EpiDashboard";"EpiDashboard.DashboardSharedStrings";"GADGET_MAP_START";"Start Color";"Cor inicial";"";"Revisado"
"EpiDashboard";"EpiDashboard.DashboardSharedStrings";"GADGET_MAP_TABBUTTON_DATA_SOURCE";"Data Source";"Fonte de dados";"";"Revisado"
"EpiDashboard";"EpiDashboard.DashboardSharedStrings";"GADGET_MAP_TABBUTTON_DISPLAY";"Display";"Exibição";"";"Revisado"
"EpiDashboard";"EpiDashboard.DashboardSharedStrings";"GADGET_MAP_TABBUTTON_FILTERS";"Data Filters";"Filtros de dados";"";"Revisado"
"EpiDashboard";"EpiDashboard.DashboardSharedStrings";"GADGET_MAP_TABBUTTON_VARIABLES";"Variables";"Variáveis";"";"Revisado"
"EpiDashboard";"EpiDashboard.DashboardSharedStrings";"GADGET_MAP_TABDESC_DATASOURCE";"Step 1 of 3 - Choose data source.";"Etapa 1 de 3 - Escolha a fonte de dados.";"";"Revisado"
"EpiDashboard";"EpiDashboard.DashboardSharedStrings";"GADGET_MAP_TABDESC_DISPLAY";"Step 3 of 3 - Choose display options.";"Etapa 3 de 3 - Escolha as opções de exibição.";"";"Revisado"
"EpiDashboard";"EpiDashboard.DashboardSharedStrings";"GADGET_MAP_TABDESC_FILTERS";"Optional - Set data filters for layer.";"Opcional - Defina filtros de dados para a camada.";"";"Revisado"
"EpiDashboard";"EpiDashboard.DashboardSharedStrings";"GADGET_MAP_TABDESC_VARIABLES";"Step 2 of 3 - Choose variables for layer.";"Etapa 2 de 3 - Escolha as variáveis da camada.";"";"Revisado"
"EpiDashboard";"EpiDashboard.DashboardSharedStrings";"GADGET_MAP_VALUE";"Value Field:";"Campo de valor:";"";"Revisado"
"EpiDashboard";"EpiDashboard.DashboardSharedStrings";"GADGET_MAP_ZONE";"Zone";"Zona";"";""
"EpiDashboard";"EpiDashboard.DashboardSharedStrings";"GADGET_MAP_ZONE_COLOR";"Zone color";"Cor da zona";"";"Revisado"
"EpiDashboard";"EpiDashboard.DashboardSharedStrings";"GADGET_MAP_ZONE_RADIUS";"Radius";"Raio";"";"Revisado"
"EpiDashboard";"EpiDashboard.DashboardSharedStrings";"GADGET_MAP_ZONE_UNITS";"Units";"Unidades";"";""
"EpiDashboard";"EpiDashboard.DashboardSharedStrings";"GADGET_MAPLEGEND_HEADERTITLE";"Map Legend";"Legenda do mapa";"";"Revisado"
"EpiDashboard";"EpiDashboard.DashboardSharedStrings";"GADGET_MAPSERVER";"Map Server";"Servidor de mapas";"";"Revisado"
"EpiDashboard";"EpiDashboard.DashboardSharedStrings";"GADGET_MARKER_TYPE";"Marker type:";"Tipo de marcador:";"";"Revisado"
"EpiDashboard";"EpiDashboard.DashboardSharedStrings";"GADGET_MATCH_VARIABLE";"Match variable:";"Variável de pareamento:";"";"Revisado"
"EpiDashboard";"EpiDashboard.DashboardSharedStrings";"GADGET_MAX_COL_NAME_LENGTH";"Max column name length:";"Comprimento máximo do nome da coluna:";"";""
"EpiDashboard";"EpiDashboard.DashboardSharedStrings";"GADGET_MAX_HEIGHT";"Max height:";"Altura máxima:";"";""
"EpiDashboard";"EpiDashboard.DashboardSharedStrings";"GADGET_MAX_PERCENT_BAR_WIDTH";"Max width of percent bar:";"Largura máxima da barra de porcentagem:";"";""
"EpiDashboard";"EpiDashboard.DashboardSharedStrings";"GADGET_MAX_ROWS_TO_DISPLAY";"Maximum rows to display:";"Máximo de linhas a exibir:";"";""
"EpiDashboard";"EpiDashboard.DashboardSharedStrings";"GADGET_MAX_WIDTH";"Max width:";"Largura máxima:";"";""
"EpiDashboard";"EpiDashboard.DashboardSharedStrings";"GADGET_MAXIMUM";"Maximum";"Máximo";"";""
"EpiDashboard";"EpiDashboard.DashboardSharedStrings";"GADGET_MEANS";"Mean";"Média";"";"Revisado"
"EpiDashboard";"EpiDashboard.DashboardSharedStrings";"GADGET_MEANS_VARIABLE";"Means of:";"Médias de:";"";""
"EpiDashboard";"EpiDashboard.DashboardSharedStrings";"GADGET_MEDIAN";"Median";"Mediana";"";""
"EpiDashboard";"EpiDashboard.DashboardSharedStrings";"GADGET_MINIMUM";"Minimum";"Mínimo";"";""
"EpiDashboard";"EpiDashboard.DashboardSharedStrings";"GADGET_MODE";"Mode";"Moda";"";"Revisado"
"EpiDashboard";"EpiDashboard.DashboardSharedStrings";"GADGET_MSG_NO_DATA";"No data are present in the selected field or fields.";"Não há dados no campo ou campos selecionados.";"";"Revisado"
"EpiDashboard";"EpiDashboard.DashboardSharedStrings";"GADGET_MSG_OPERATION_CANCELLED";"Operation cancelled";"Operação cancelada";"";"Revisado"
"EpiDashboard";"EpiDashboard.DashboardSharedStrings";"GADGET_NO_ABERRATIONS_FOUND";"No aberrations found.";"Nenhuma aberração encontrada.";"";""
"EpiDashboard";"EpiDashboard.DashboardSharedStrings";"GADGET_NO_INTERCEPT";"No intercept";"Sem intercepto";"";"Revisado"
"EpiDashboard";"EpiDashboard.DashboardSharedStrings";"GADGET_NO_VALUES";"No values:";"Valores Não:";"";"Revisado"
"EpiDashboard";"EpiDashboard.DashboardSharedStrings";"GADGET_NUMERIC_DATA";"1. Numeric data:   (AGE &>= 15) AND (AGE <= 45)";"1. Dados numéricos:   (AGE >= 15) AND (AGE <= 45)";"";"Revisado"
"EpiDashboard";"EpiDashboard.DashboardSharedStrings";"GADGET_OBSERVATIONS";"Observations";"Observações";"";"Revisado"
"EpiDashboard";"EpiDashboard.DashboardSharedStrings";"GADGET_ONE_GRAPH_VALUE";"One graph for each value of:";"Um gráfico para cada valor de:";"";"Revisado"
"EpiDashboard";"EpiDashboard.DashboardSharedStrings";"GADGET_ONSET_DATE_FIELD";"";"Campo:";"";""
"EpiDashboard";"EpiDashboard.DashboardSharedStrings";"GADGET_OPERATOR";"Operator:";"Operador:";"";""
"EpiDashboard";"EpiDashboard.DashboardSharedStrings";"GADGET_ORIENTATION";"Orientation:";"Orientação:";"";"Revisado"
"EpiDashboard";"EpiDashboard.DashboardSharedStrings";"GADGET_OTHER_MAPSERVER";"Provide location of another map server";"Informar o local de outro servidor de mapas";"";"Revisado"
"EpiDashboard";"EpiDashboard.DashboardSharedStrings";"GADGET_OUTCOME_CONTINUOUS";"Outcome is continuous";"O desfecho é contínuo";"";"Revisado"
"EpiDashboard";"EpiDashboard.DashboardSharedStrings";"GADGET_OUTCOME_VARIABLE";"Outcome variable:";"Variável de desfecho:";"";"Revisado"
"EpiDashboard";"EpiDashboard.DashboardSharedStrings";"GADGET_OUTPUT_COLUMNS_DISPLAY";"Output columns to display:";"Colunas de saída a exibir:";"";""
"EpiDashboard";"EpiDashboard.DashboardSharedStrings";"GADGET_OUTPUT_OPTIONS";"Output Options";"Opções de saída";"";"Revisado"
"EpiDashboard";"EpiDashboard.DashboardSharedStrings";"GADGET_PAIR_GROUP_ID";"Pair Group ID:";"ID do grupo de pares:";"";"Revisado"
"EpiDashboard";"EpiDashboard.DashboardSharedStrings";"GADGET_PANEL_COLORS_STYLES";"Colors and Styles";"Cores e estilos";"";"Revisado"
"EpiDashboard";"EpiDashboard.DashboardSharedStrings";"GADGET_PANEL_LEGEND";"Legend";"Legenda";"";"Revisado"
"EpiDashboard";"EpiDashboard.DashboardSharedStrings";"GADGET_PANELHEADER_DATA_FILTER";"Data Filters";"Filtros de dados";"";"Revisado"
"EpiDashboard";"EpiDashboard.DashboardSharedStrings";"GADGET_PANELHEADER_DISPLAY";"Display";"Exibição";"";"Revisado"
"EpiDashboard";"EpiDashboard.DashboardSharedStrings";"GADGET_PANELHEADER_SORTING";"Grouping and Sorting";"Agrupamento e ordenação";"";"Revisado"
"EpiDashboard";"EpiDashboard.DashboardSharedStrings";"GADGET_PANELHEADER_VARIABLES";"Variables";"Variáveis";"";"Revisado"
"EpiDashboard";"EpiDashboard.DashboardSharedStrings";"GADGET_PANELSHEADER_LABELS";"Labels";"Rótulos";"";"Revisado"
"EpiDashboard";"EpiDashboard.DashboardSharedStrings";"GADGET_PANELSUBHEADER_COLOR";"Color";"Cor";"";"Revisado"
"EpiDashboard";"EpiDashboard.DashboardSharedStrings";"GADGET_PANELSUBHEADER_COLORS";"Colors";"Cores";"";"Revisado"
"EpiDashboard";"EpiDashboard.DashboardSharedStrings";"GADGET_PANELSUBHEADER_GROUPING";"Grouping";"Agrupamento";"";"Revisado"
"EpiDashboard";"EpiDashboard.DashboardSharedStrings";"GADGET_PANELSUBHEADER_SORTING";"Sorting";"Ordenação";"";"Revisado"
"EpiDashboard";"EpiDashboard.DashboardSharedStrings";"GADGET_PANELSUBHEADER_STYLES";"Styles";"Estilos";"";""
"EpiDashboard";"EpiDashboard.DashboardSharedStrings";"GADGET_PANELSUBHEADER_TITLENDESC";"Title and Description";"Título e descrição";"";"Revisado"
"EpiDashboard";"EpiDashboard.DashboardSharedStrings";"GADGET_PANELSUBHEADER_YAXIS";"Y-Axis";"Eixo Y";"";"Revisado"
"EpiDashboard";"EpiDashboard.DashboardSharedStrings";"GADGET_PARSE_FIELD";"Parse field:";"Campo a analisar:";"";"Revisado"
"EpiDashboard";"EpiDashboard.DashboardSharedStrings";"GADGET_POF_COORD_VARIABLES";"Select variables for latitude and longitude coordinates.";"Selecione as variáveis das coordenadas de latitude e longitude.";"";"Revisado"
"EpiDashboard";"EpiDashboard.DashboardSharedStrings";"GADGET_PROCESS_SCOPE";"Record processing scope";"Escopo do processamento de registros";"";"Revisado"
"EpiDashboard";"EpiDashboard.DashboardSharedStrings";"GADGET_PSU";"PSU:";"UPA:";"";"Revisado"
"EpiDashboard";"EpiDashboard.DashboardSharedStrings";"GADGET_REMOVE_SELECTED";"Remove selected";"Remover selecionados";"";"Revisado"
"EpiDashboard";"EpiDashboard.DashboardSharedStrings";"GADGET_REQUIRED_FIELD";"Required field";"Campo obrigatório";"";"Revisado"
"EpiDashboard";"EpiDashboard.DashboardSharedStrings";"GADGET_ROW_COL_PERCENTS";"Row / column percents";"Porcentagens de linha/coluna";"";"Revisado"
"EpiDashboard";"EpiDashboard.DashboardSharedStrings";"GADGET_RUN_BUTTON";"Run";"Executar";"";""
"EpiDashboard";"EpiDashboard.DashboardSharedStrings";"GADGET_SECOND_YAXIS_TYPE";"Second y-axis type:";"Tipo do segundo eixo Y:";"";"Revisado"
"EpiDashboard";"EpiDashboard.DashboardSharedStrings";"GADGET_SECOND_YAXIS_VARIABLE";"Second y-axis variable:";"Variável do segundo eixo Y:";"";"Revisado"
"EpiDashboard";"EpiDashboard.DashboardSharedStrings";"GADGET_SELECT_COLOR";"Select Color:";"Selecione a cor:";"";"Revisado"
"EpiDashboard";"EpiDashboard.DashboardSharedStrings";"GADGET_SELECT_FEATURE";"Select Feature:";"Selecione a feição:";"";"Revisado"
"EpiDashboard";"EpiDashboard.DashboardSharedStrings";"GADGET_SELECT_SHAPE";"Select Shape:";"Selecione a forma:";"";"Revisado"
"EpiDashboard";"EpiDashboard.DashboardSharedStrings";"GADGET_SHAPEFILE";"Shapefile:";"Shapefile:";"";"Revisado"
"EpiDashboard";"EpiDashboard.DashboardSharedStrings";"GADGET_SHOW_ANNOTATIONS";"Show annotations";"Mostrar anotações";"";"Revisado"
"EpiDashboard";"EpiDashboard.DashboardSharedStrings";"GADGET_SHOW_ANNOTATIONS_LABEL";"Show annotation label";"Mostrar rótulo da anotação";"";"Revisado"
"EpiDashboard";"EpiDashboard.DashboardSharedStrings";"GADGET_SHOW_ANNOTATIONS_PERCENT";"Show annotation percent";"Mostrar porcentagem da anotação";"";"Revisado"
"EpiDashboard";"EpiDashboard.DashboardSharedStrings";"GADGET_SHOW_ANNOTATIONS_VALUE";"Show annotation value";"Mostrar valor da anotação";"";"Revisado"
"EpiDashboard";"EpiDashboard.DashboardSharedStrings";"GADGET_SHOW_ANNOTATIONSY2";"Show annotations (Y2)";"Mostrar anotações (Y2)";"";"Revisado"
"EpiDashboard";"EpiDashboard.DashboardSharedStrings";"GADGET_SHOW_COLUMN_HEADINGS";"Show column headings";"Mostrar cabeçalhos das colunas";"";"Revisado"
"EpiDashboard";"EpiDashboard.DashboardSharedStrings";"GADGET_SHOW_DENOMINATOR";"Show denominator";"Mostrar denominador";"";""
"EpiDashboard";"EpiDashboard.DashboardSharedStrings";"GADGET_SHOW_GRID_LINES";"Show grid lines";"Mostrar linhas de grade";"";"Revisado"
"EpiDashboard";"EpiDashboard.DashboardSharedStrings";"GADGET_SHOW_HIGH_LOW";"Show high to low";"Mostrar do maior para o menor";"LONGO";"Revisado"
"EpiDashboard";"EpiDashboard.DashboardSharedStrings";"GADGET_SHOW_LEGEND";"Show legend";"Mostrar legenda";"";"Revisado"
"EpiDashboard";"EpiDashboard.DashboardSharedStrings";"GADGET_SHOW_LEGEND_BORDER";"Show legend border";"Mostrar borda da legenda";"";"Revisado"
"EpiDashboard";"EpiDashboard.DashboardSharedStrings";"GADGET_SHOW_LINE_COLUMN";"Show line column";"Mostrar coluna de linha";"";"Revisado"
"EpiDashboard";"EpiDashboard.DashboardSharedStrings";"GADGET_SHOW_MISSING_REP";"Show missing representation";"Mostrar representação de ausentes";"";"Revisado"
"EpiDashboard";"EpiDashboard.DashboardSharedStrings";"GADGET_SHOW_ROW_NUM";"Show row numbers";"Mostrar números de linha";"";"Revisado"
"EpiDashboard";"EpiDashboard.DashboardSharedStrings";"GADGET_SHOW_SERIES_LINE";"Show series line";"Mostrar linha da série";"";"Revisado"
"EpiDashboard";"EpiDashboard.DashboardSharedStrings";"GADGET_SHOW_VARIABLE_NAME";"Show variable names";"Mostrar nomes das variáveis";"";"Revisado"
"EpiDashboard";"EpiDashboard.DashboardSharedStrings";"GADGET_SHOWQ1";"25%";"25%";"";""
"EpiDashboard";"EpiDashboard.DashboardSharedStrings";"GADGET_SHOWQ3";"75%";"75%";"";""
"EpiDashboard";"EpiDashboard.DashboardSharedStrings";"GADGET_SMART_2X2";"Smart 2x2 table";"Tabela inteligente 2x2";"";""
"EpiDashboard";"EpiDashboard.DashboardSharedStrings";"GADGET_SORT_HI_LOW";"Sort high to low";"Ordenar do maior para o menor";"LONGO";"Revisado"
"EpiDashboard";"EpiDashboard.DashboardSharedStrings";"GADGET_SORT_METHOD";"Method:";"Método:";"";""
"EpiDashboard";"EpiDashboard.DashboardSharedStrings";"GADGET_SORT_ORDER";"Sort Order:";"Ordem de classificação:";"LONGO";"Revisado"
"EpiDashboard";"EpiDashboard.DashboardSharedStrings";"GADGET_SPACE_BETWEEN_BARS";"Space between bars:";"Espaço entre as barras:";"";"Revisado"
"EpiDashboard";"EpiDashboard.DashboardSharedStrings";"GADGET_SPECIFY_EXPOSURE_OUTCOME";"Specify the values for Exposure and Outcome as Yes or No.";"Especifique os valores de exposição e de desfecho como Sim ou Não.";"";"Revisado"
"EpiDashboard";"EpiDashboard.DashboardSharedStrings";"GADGET_SQL_QUERY";"SQL Query:";"Consulta SQL:";"";"Revisado"
"EpiDashboard";"EpiDashboard.DashboardSharedStrings";"GADGET_STANDARD_DEVIATION";"Standard Deviation";"Desvio padrão";"";"Revisado"
"EpiDashboard";"EpiDashboard.DashboardSharedStrings";"GADGET_START_VALUE";"Start value:";"Valor inicial:";"";"Revisado"
"EpiDashboard";"EpiDashboard.DashboardSharedStrings";"GADGET_STEP";"Step:";"Passo:";"";"Revisado"
"EpiDashboard";"EpiDashboard.DashboardSharedStrings";"GADGET_STRATA_SUMMARY_ONLY";"Show strata summary only";"Mostrar apenas o resumo de estratos";"";""
"EpiDashboard";"EpiDashboard.DashboardSharedStrings";"GADGET_STRATA_VARIABLE";"Stratify by:";"Estratificar por:";"";""
"EpiDashboard";"EpiDashboard.DashboardSharedStrings";"GADGET_STYLE_PREREQ";"To select a shape, a Data Source should be selected on the Data Source panel.";"Para selecionar uma forma, é preciso selecionar uma fonte de dados no painel Fonte de dados.";"";"Revisado"
"EpiDashboard";"EpiDashboard.DashboardSharedStrings";"GADGET_SUBGROUP_BY";"Sub-Group By";"Subagrupar por";"";"Revisado"
"EpiDashboard";"EpiDashboard.DashboardSharedStrings";"GADGET_SUBHEADER_TITLESUBTITLE";"Title and Subtitle";"Título e subtítulo";"";"Revisado"
"EpiDashboard";"EpiDashboard.DashboardSharedStrings";"GADGET_TAB_COLORS_RANGES";"Colors and Ranges";"Cores e intervalos";"";"Revisado"
"EpiDashboard";"EpiDashboard.DashboardSharedStrings";"GADGET_TAB_COLORS_STYLES";"Colors and Styles";"Cores e estilos";"";"Revisado"
"EpiDashboard";"EpiDashboard.DashboardSharedStrings";"GADGET_TABBUTTON_DEFINE_VALMAPPING";"Define Value Mappings";"Definir mapeamentos de valores";"";"Revisado"
"EpiDashboard";"EpiDashboard.DashboardSharedStrings";"GADGET_TABBUTTON_DISPLAY";"Display";"Exibição";"";"Revisado"
"EpiDashboard";"EpiDashboard.DashboardSharedStrings";"GADGET_TABBUTTON_FILTERS";"Data Filters";"Filtros de dados";"";"Revisado"
"EpiDashboard";"EpiDashboard.DashboardSharedStrings";"GADGET_TABBUTTON_LABELS";"Labels";"Rótulos";"";"Revisado"
"EpiDashboard";"EpiDashboard.DashboardSharedStrings";"GADGET_TABBUTTON_LEGEND";"Legend";"Legenda";"";"Revisado"
"EpiDashboard";"EpiDashboard.DashboardSharedStrings";"GADGET_TABBUTTON_SORTING";"Grouping and Sorting";"Agrupamento e ordenação";"";"Revisado"
"EpiDashboard";"EpiDashboard.DashboardSharedStrings";"GADGET_TABBUTTON_VARIABLES";"Variables";"Variáveis";"";"Revisado"
"EpiDashboard";"EpiDashboard.DashboardSharedStrings";"GADGET_TABDESC_ABERRATION_CHART";"Select the variables for the aberration chart.";"Selecione as variáveis do gráfico de aberrações.";"";"Revisado"
"EpiDashboard";"EpiDashboard.DashboardSharedStrings";"GADGET_TABDESC_AREA_CHART";"Select the variables for the area  chart.";"Selecione as variáveis do gráfico de área.";"";"Revisado"
"EpiDashboard";"EpiDashboard.DashboardSharedStrings";"GADGET_TABDESC_CHORPLTH_VARIABLES";"Choose map boundaries.";"Escolha os limites do mapa.";"";"Revisado"
"EpiDashboard";"EpiDashboard.DashboardSharedStrings";"GADGET_TABDESC_COLOR_REP";"Color Representation:";"Representação de cor:";"";"Revisado"
"EpiDashboard";"EpiDashboard.DashboardSharedStrings";"GADGET_TABDESC_COLORS_RANGES";"Set class breaks and color representations.";"Defina as quebras de classe e as representações de cor.";"";"Revisado"
"EpiDashboard";"EpiDashboard.DashboardSharedStrings";"GADGET_TABDESC_COLORS_STYLES";"Set cell shading and color gradient.";"Defina o sombreamento das células e o gradiente de cor.";"";"Revisado"
"EpiDashboard";"EpiDashboard.DashboardSharedStrings";"GADGET_TABDESC_COLUMNS_CHART";"Select the variables for the column chart.";"Selecione as variáveis do gráfico de colunas.";"";"Revisado"
"EpiDashboard";"EpiDashboard.DashboardSharedStrings";"GADGET_TABDESC_COMBINEDFEQ";"Select items to include in the frequency.";"Selecione os itens a incluir na frequência.";"";"Revisado"
"EpiDashboard";"EpiDashboard.DashboardSharedStrings";"GADGET_TABDESC_COMPLEX_MEANS";"Select the variables for the Complex Sample Means.";"Selecione as variáveis das Médias de Amostra Complexa.";"";"Revisado"
"EpiDashboard";"EpiDashboard.DashboardSharedStrings";"GADGET_TABDESC_COMPLEX_SAMPLE";"Select the variables for the Complex Sample Frequencies.";"Selecione as variáveis das Frequências de Amostra Complexa.";"";"Revisado"
"EpiDashboard";"EpiDashboard.DashboardSharedStrings";"GADGET_TABDESC_COMPLEX_TABLES";"Select the variables for the Complex Sample Tables.";"Selecione as variáveis das Tabelas de Amostra Complexa.";"";"Revisado"
"EpiDashboard";"EpiDashboard.DashboardSharedStrings";"GADGET_TABDESC_COORD_VARIABLES";"Choose variables for point coordinates.";"Escolha as variáveis das coordenadas do ponto.";"";"Revisado"
"EpiDashboard";"EpiDashboard.DashboardSharedStrings";"GADGET_TABDESC_DATASOURCE";"Choose data source.";"Escolha a fonte de dados.";"";"Revisado"
"EpiDashboard";"EpiDashboard.DashboardSharedStrings";"GADGET_TABDESC_DISPLAY";"Change display options.";"Altere as opções de exibição.";"";"Revisado"
"EpiDashboard";"EpiDashboard.DashboardSharedStrings";"GADGET_TABDESC_DOT_COLOR";"Set dot value and color representation.";"Defina o valor do ponto e a representação de cor.";"";"Revisado"
"EpiDashboard";"EpiDashboard.DashboardSharedStrings";"GADGET_TABDESC_EPICURVE_CHART";"Select the variables for the Epi curve chart.";"Selecione as variáveis do gráfico de curva epidêmica.";"";"Revisado"
"EpiDashboard";"EpiDashboard.DashboardSharedStrings";"GADGET_TABDESC_EXPOSURE_OUTCOME";"Select the columns for exposure and outcome.";"Selecione as colunas de exposição e desfecho.";"";"Revisado"
"EpiDashboard";"EpiDashboard.DashboardSharedStrings";"GADGET_TABDESC_FILTERS";"Set data filters for this gadget.";"Defina os filtros de dados deste gadget.";"";"Revisado"
"EpiDashboard";"EpiDashboard.DashboardSharedStrings";"GADGET_TABDESC_FILTERS_MAPS";"Set data filters for this layer.";"Defina os filtros de dados desta camada.";"";"Revisado"
"EpiDashboard";"EpiDashboard.DashboardSharedStrings";"GADGET_TABDESC_FREQUENCY";"Select the column for the frequency.";"Selecione a coluna da frequência.";"";"Revisado"
"EpiDashboard";"EpiDashboard.DashboardSharedStrings";"GADGET_TABDESC_LABELS";"Customize chart labels.";"Personalize os rótulos do gráfico.";"";"Revisado"
"EpiDashboard";"EpiDashboard.DashboardSharedStrings";"GADGET_TABDESC_LEGEND";"Set Legend options.";"Defina as opções da legenda.";"";"Revisado"
"EpiDashboard";"EpiDashboard.DashboardSharedStrings";"GADGET_TABDESC_LINE_CHART";"Select the variables for the line  chart.";"Selecione as variáveis do gráfico de linha.";"";"Revisado"
"EpiDashboard";"EpiDashboard.DashboardSharedStrings";"GADGET_TABDESC_LINEAR_REGRESSION";"Select the variables for the Linear Regression.";"Selecione as variáveis da regressão linear.";"";"Revisado"
"EpiDashboard";"EpiDashboard.DashboardSharedStrings";"GADGET_TABDESC_LINELIST";"Select columns to display in the list.";"Selecione as colunas a exibir na lista.";"";"Revisado"
"EpiDashboard";"EpiDashboard.DashboardSharedStrings";"GADGET_TABDESC_LOGISTIC_REGRESSION";"Select the variables for the Logistic Regression.";"Selecione as variáveis da regressão logística.";"";"Revisado"
"EpiDashboard";"EpiDashboard.DashboardSharedStrings";"GADGET_TABDESC_MAP_VARIABLES";"Step 2 of 3) Choose variables for map.";"Etapa 2 de 3) Escolha as variáveis do mapa.";"";"Revisado"
"EpiDashboard";"EpiDashboard.DashboardSharedStrings";"GADGET_TABDESC_MEANS";"Select colunms to display in a list.";"Selecione as colunas a exibir em uma lista.";"";"Revisado"
"EpiDashboard";"EpiDashboard.DashboardSharedStrings";"GADGET_TABDESC_PARETO_CHART";"Select the variables for the pareto chart.";"Selecione as variáveis do gráfico de Pareto.";"";"Revisado"
"EpiDashboard";"EpiDashboard.DashboardSharedStrings";"GADGET_TABDESC_PIE_CHART";"Select the variables for the pie  chart.";"Selecione as variáveis do gráfico de pizza.";"";"Revisado"
"EpiDashboard";"EpiDashboard.DashboardSharedStrings";"GADGET_TABDESC_SCATTER_CHART";"Select the variables for the scatter chart.";"Selecione as variáveis do gráfico de dispersão.";"";"Revisado"
"EpiDashboard";"EpiDashboard.DashboardSharedStrings";"GADGET_TABDESC_SETCOLOR";"Select a Color";"Selecione uma cor";"";"Revisado"
"EpiDashboard";"EpiDashboard.DashboardSharedStrings";"GADGET_TABDESC_SETCOLORS";"Set color representations.";"Defina as representações de cor.";"";"Revisado"
"EpiDashboard";"EpiDashboard.DashboardSharedStrings";"GADGET_TABDESC_SORTING";"Set a sort order and create list groups.";"Defina uma ordem de classificação e crie grupos na lista.";"";"Revisado"
"EpiDashboard";"EpiDashboard.DashboardSharedStrings";"GADGET_TABDESC_WORDCLOUD";"Select the text variable to parse to the word cloud.";"Selecione a variável de texto a analisar na nuvem de palavras.";"";"Revisado"
"EpiDashboard";"EpiDashboard.DashboardSharedStrings";"GADGET_TEXT_DATA";"2. Text data:   (LastName LIKE '%sen') OR (LastName = 'Smith')";"2. Dados de texto:   (LastName LIKE '%sen') OR (LastName = 'Smith')";"";"Revisado"
"EpiDashboard";"EpiDashboard.DashboardSharedStrings";"GADGET_THRESHOLD";"Threshold (Std. Deviations):";"Limiar (desvios padrão):";"";"Revisado"
"EpiDashboard";"EpiDashboard.DashboardSharedStrings";"GADGET_TOTAL";"Total";"Total";"";""
"EpiDashboard";"EpiDashboard.DashboardSharedStrings";"GADGET_TRANSPARENCY_BOTTOM";"Transparency % (bottom):";"Transparência % (inferior):";"";"Revisado"
"EpiDashboard";"EpiDashboard.DashboardSharedStrings";"GADGET_TRANSPARENCY_TOP";"Transparency % (top):";"Transparência % (superior):";"";"Revisado"
"EpiDashboard";"EpiDashboard.DashboardSharedStrings";"GADGET_TRUE_VALUE";"Value to treat as true:";"Valor a considerar como verdadeiro:";"";""
"EpiDashboard";"EpiDashboard.DashboardSharedStrings";"GADGET_TRUE_VALUE_REQ";"Value to treat as true is required when combine mode is Boolean.";"O valor a tratar como verdadeiro é obrigatório quando o modo de combinação é Boolean.";"";"Revisado"
"EpiDashboard";"EpiDashboard.DashboardSharedStrings";"GADGET_URL";"URL:";"URL:";"";""
"EpiDashboard";"EpiDashboard.DashboardSharedStrings";"GADGET_USE_CONDITIONAL_CELL_SHADING";"Conditional cell shading";"Sombreamento condicional de célula";"";""
"EpiDashboard";"EpiDashboard.DashboardSharedStrings";"GADGET_USE_FIELD_PROMPT";"";"Usar rótulo do campo";"";"Revisado"
"EpiDashboard";"EpiDashboard.DashboardSharedStrings";"GADGET_USE_FIELD_PROMPTS";"Use field prompts";"Usar rótulos dos campos";"";"Revisado"
"EpiDashboard";"EpiDashboard.DashboardSharedStrings";"GADGET_USE_REFERENCE_VALUE";"Use reference value";"Usar valor de referência";"";"Revisado"
"EpiDashboard";"EpiDashboard.DashboardSharedStrings";"GADGET_USER_FIELDS_PROMPTS";"";"Usar rótulos dos campos";"";"Revisado"
"EpiDashboard";"EpiDashboard.DashboardSharedStrings";"GADGET_VALUE";"Value";"Valor";"";""
"EpiDashboard";"EpiDashboard.DashboardSharedStrings";"GADGET_VALUE_FIELD_NAME";"The value of Field Name:";"O valor de Nome do campo:";"";"Revisado"
"EpiDashboard";"EpiDashboard.DashboardSharedStrings";"GADGET_VALUE_MAPPING";"2x2 Value Mapping";"Mapeamento de valores 2x2";"";"Revisado"
"EpiDashboard";"EpiDashboard.DashboardSharedStrings";"GADGET_VALUE_TEXT";"Value:";"Valor:";"";""
"EpiDashboard";"EpiDashboard.DashboardSharedStrings";"GADGET_VARIABLE_PARSE";"Variable to parse:";"Variável a analisar:";"";"Revisado"
"EpiDashboard";"EpiDashboard.DashboardSharedStrings";"GADGET_VARIABLES_CHORPLTH";"Select variables for layer.";"Selecione as variáveis da camada.";"";"Revisado"
"EpiDashboard";"EpiDashboard.DashboardSharedStrings";"GADGET_VARIABLES_TO_DISPLAY";"Variables to display:";"Variáveis a exibir:";"";"Revisado"
"EpiDashboard";"EpiDashboard.DashboardSharedStrings";"GADGET_VARIANCE";"Variance";"Variância";"";"Revisado"
"EpiDashboard";"EpiDashboard.DashboardSharedStrings";"GADGET_WEIGHT_VARIABLE";"Weight:";"Peso:";"";""
"EpiDashboard";"EpiDashboard.DashboardSharedStrings";"GADGET_WIDTH";"Width:";"Largura:";"";""
"EpiDashboard";"EpiDashboard.DashboardSharedStrings";"GADGET_WORDS_IGNORE";"Common words to ignore:";"Palavras comuns a ignorar:";"";"Revisado"
"EpiDashboard";"EpiDashboard.DashboardSharedStrings";"GADGET_X_END_VALUE";"";"Valor final do eixo X:";"";"Revisado"
"EpiDashboard";"EpiDashboard.DashboardSharedStrings";"GADGET_X_FIELD";"";"Campo do eixo X:";"";"Revisado"
"EpiDashboard";"EpiDashboard.DashboardSharedStrings";"GADGET_X_LABEL_ROTATION";"";"Rotação do rótulo do eixo X:";"";"Revisado"
"EpiDashboard";"EpiDashboard.DashboardSharedStrings";"GADGET_X_START_VALUE";"";"Valor inicial do eixo X:";"";"Revisado"
"EpiDashboard";"EpiDashboard.DashboardSharedStrings";"GADGET_XAXIS";"X-Axis";"Eixo X";"";"Revisado"
"EpiDashboard";"EpiDashboard.DashboardSharedStrings";"GADGET_XAXIS_ANGLE";"X-axis angle:";"Ângulo do eixo X:";"";"Revisado"
"EpiDashboard";"EpiDashboard.DashboardSharedStrings";"GADGET_XAXIS_DATA_FONTSIZE";"X-axis data values font-size:";"Tamanho da fonte dos valores de dados do eixo X:";"";"Revisado"
"EpiDashboard";"EpiDashboard.DashboardSharedStrings";"GADGET_XAXIS_ENDVALUE";"X-axis end value:";"Valor final do eixo X:";"";"Revisado"
"EpiDashboard";"EpiDashboard.DashboardSharedStrings";"GADGET_XAXIS_LABEL";"X-axis label:";"Rótulo do eixo X:";"";"Revisado"
"EpiDashboard";"EpiDashboard.DashboardSharedStrings";"GADGET_XAXIS_LABEL_FONTSIZE";"X-axis label font size:";"Tamanho da fonte do rótulo do eixo X:";"";"Revisado"
"EpiDashboard";"EpiDashboard.DashboardSharedStrings";"GADGET_XAXIS_LABEL_TYPE";"X-axis label type:";"Tipo de rótulo do eixo X:";"";"Revisado"
"EpiDashboard";"EpiDashboard.DashboardSharedStrings";"GADGET_XAXIS_STARTVALUE";"X-axis start value:";"Valor inicial do eixo X:";"";"Revisado"
"EpiDashboard";"EpiDashboard.DashboardSharedStrings";"GADGET_Y_FIELD";"";"Campo do eixo Y:";"";"Revisado"
"EpiDashboard";"EpiDashboard.DashboardSharedStrings";"GADGET_Y2_AXISFORMAT";"Y2-axis format:";"Formato do eixo Y2:";"";"Revisado"
"EpiDashboard";"EpiDashboard.DashboardSharedStrings";"GADGET_Y2_AXISLABEL";"Y2-axis label:";"Rótulo do eixo Y2:";"";"Revisado"
"EpiDashboard";"EpiDashboard.DashboardSharedStrings";"GADGET_Y2_AXISLEGEND_TITLE";"Y2-axis legend title:";"Título da legenda do eixo Y2:";"";"Revisado"
"EpiDashboard";"EpiDashboard.DashboardSharedStrings";"GADGET_YAXIS_DATA_FONTSIZE";"Y-axis data values font size:";"Tamanho da fonte dos valores de dados do eixo Y:";"";"Revisado"
"EpiDashboard";"EpiDashboard.DashboardSharedStrings";"GADGET_YAXIS_FORMAT";"Y-axis format:";"Formato do eixo Y:";"";"Revisado"
"EpiDashboard";"EpiDashboard.DashboardSharedStrings";"GADGET_YAXIS_LABEL";"Y-axis label:";"Rótulo do eixo Y:";"";"Revisado"
"EpiDashboard";"EpiDashboard.DashboardSharedStrings";"GADGET_YAXIS_LABEL_FONTSIZE";"Y-axis label font size:";"Tamanho da fonte do rótulo do eixo Y:";"";"Revisado"
"EpiDashboard";"EpiDashboard.DashboardSharedStrings";"GADGET_YAXIS_MAXVALUE";"Y-axis max value:";"Valor máximo do eixo Y:";"";"Revisado"
"EpiDashboard";"EpiDashboard.DashboardSharedStrings";"GADGET_YAXIS_MINVALUE";"Y-axis min value:";"Valor mínimo do eixo Y:";"";"Revisado"
"EpiDashboard";"EpiDashboard.DashboardSharedStrings";"GADGET_YAXIS_STEPVALUE";"Y-axis step value:";"Valor do passo do eixo Y:";"";"Revisado"
"EpiDashboard";"EpiDashboard.DashboardSharedStrings";"GADGET_YES_VALUES";"Yes values:";"Valores Sim:";"";"Revisado"
"EpiDashboard";"EpiDashboard.DashboardSharedStrings";"GADGETS_YAXIS_HEADER";"Y2-Axis";"Eixo Y2";"";"Revisado"
"EpiDashboard";"EpiDashboard.DashboardSharedStrings";"INSTRUCTIONS";"Right-click on canvas to add content.";"Clique com o botão direito no canvas para adicionar conteúdo.";"";"Revisado"
"EpiDashboard";"EpiDashboard.DashboardSharedStrings";"INSTRUCTIONS_FINISHED_CACHING";"Finished caching data locally. Right-click on canvas to add content.";"Armazenamento local de dados concluído. Clique com o botão direito no canvas para adicionar conteúdo.";"";"Revisado"
"EpiDashboard";"EpiDashboard.DashboardSharedStrings";"MAP_CHANGE_BOUNDARY_ALERT";"You are about to change to a different boundary format.  Are you sure you want to clear the current boundary settings?";"Você está prestes a mudar para um formato de limites diferente. Tem certeza de que deseja limpar as configurações de limites atuais?";"";"Revisado"
"EpiDashboard";"EpiDashboard.DashboardSharedStrings";"MAP_ERROR_CRYPTOGRAPHY";"There was a problem referencing an external cryptography DLL.";"Ocorreu um problema ao referenciar uma DLL de criptografia externa.";"";"Revisado"
"EpiDashboard";"EpiDashboard.DashboardSharedStrings";"MAP_ERROR_MANY_STOPS";"There are too many Time Stops associated with the selected field.";"Há pontos de tempo demais associados ao campo selecionado.";"";"Revisado"
"EpiDashboard";"EpiDashboard.DashboardSharedStrings";"MAP_IMAGE_SAVED";"Map image has been saved.";"A imagem do mapa foi salva.";"";"Revisado"
"EpiDashboard";"EpiDashboard.DashboardSharedStrings";"MAP_LAYER_EDIT";"Edit data layer";"Editar camada de dados";"";"Revisado"
"EpiDashboard";"EpiDashboard.DashboardSharedStrings";"MAP_LOADING";"Loading...";"Carregando…";"";"Revisado"
"EpiDashboard";"EpiDashboard.DashboardSharedStrings";"MAP_OPEN";"Map Open";"Abrir mapa";"";"Revisado"
"EpiDashboard";"EpiDashboard.DashboardSharedStrings";"MAP_OPEN_UNSUCCESSFUL";"Unable to open the selected map file.";"Não foi possível abrir o arquivo de mapa selecionado.";"";"Revisado"
"EpiDashboard";"EpiDashboard.DashboardSharedStrings";"MAP_POINT_COLOR";"Color of points";"Cor dos pontos";"";"Revisado"
"EpiDashboard";"EpiDashboard.DashboardSharedStrings";"MAP_SAVED";"Map has been saved.";"O mapa foi salvo.";"";"Revisado"
"EpiDashboard";"EpiDashboard.DashboardSharedStrings";"MAP_TIME_FIELD";"Time Field";"Campo de tempo";"";"Revisado"
"EpiDashboard";"EpiDashboard.DashboardSharedStrings";"MAP_TIMELAPSE";"Time Lapse";"Time-lapse";"";"Revisado"
"EpiDashboard";"EpiDashboard.DashboardSharedStrings";"MENU_ADD_BASELAYER";"Add Base Layer";"Adicionar camada base";"";"Revisado"
"EpiDashboard";"EpiDashboard.DashboardSharedStrings";"MENU_ADD_BASELAYER_MAP";"Adds a base layer to the map.";"Adiciona uma camada base ao mapa.";"";"Revisado"
"EpiDashboard";"EpiDashboard.DashboardSharedStrings";"MENU_ADD_LAYER";"Add Data Layer";"Adicionar camada de dados";"";"Revisado"
"EpiDashboard";"EpiDashboard.DashboardSharedStrings";"MENU_ADD_LAYER_MAP";"Adds a data layer to the map.";"Adiciona uma camada de dados ao mapa.";"";"Revisado"
"EpiDashboard";"EpiDashboard.DashboardSharedStrings";"MENU_FILTERS";"Filters";"Filtros";"";""
"EpiDashboard";"EpiDashboard.DashboardSharedStrings";"MENU_FILTERS_TEXT";"Expands the Dashboard Filters gadget to add or edit filters.";"Expande o gadget de filtros do Painel Visual para adicionar ou editar filtros.";"";"Revisado"
"EpiDashboard";"EpiDashboard.DashboardSharedStrings";"MENU_FULLSCREEN";"Full Screen";"Tela cheia";"";"Revisado"
"EpiDashboard";"EpiDashboard.DashboardSharedStrings";"MENU_FULLSCREEN_MODE";"Switches to full screen mode.";"Alterna para o modo de tela cheia.";"";"Revisado"
"EpiDashboard";"EpiDashboard.DashboardSharedStrings";"MENU_NEW_VARIABLE";"Variables";"Variáveis";"";"Revisado"
"EpiDashboard";"EpiDashboard.DashboardSharedStrings";"MENU_NEW_VARIABLE_TEXT";"Expands the Dashboard Variables gadget to add or edit variables.";"Expande o gadget de variáveis do Painel Visual para adicionar ou editar variáveis.";"";"Revisado"
"EpiDashboard";"EpiDashboard.DashboardSharedStrings";"MENU_OPEN";"Open";"Abrir";"";""
"EpiDashboard";"EpiDashboard.DashboardSharedStrings";"MENU_OPEN_MAP";"Opens a previously saved map.";"Abre um mapa salvo anteriormente.";"";"Revisado"
"EpiDashboard";"EpiDashboard.DashboardSharedStrings";"MENU_OPEN_TEXT";"Opens an existing Dashboard canvas file.";"Abre um arquivo de canvas do Painel Visual existente.";"";"Revisado"
"EpiDashboard";"EpiDashboard.DashboardSharedStrings";"MENU_OPTIONS";"Options";"Opções";"";"Revisado"
"EpiDashboard";"EpiDashboard.DashboardSharedStrings";"MENU_OPTIONS_TEXT";"Shows a menu of options for the Dashboard application.";"Exibe um menu de opções do aplicativo Painel Visual.";"";"Revisado"
"EpiDashboard";"EpiDashboard.DashboardSharedStrings";"MENU_REFRESH";"Refresh";"Atualizar";"";"Revisado"
"EpiDashboard";"EpiDashboard.DashboardSharedStrings";"MENU_REFRESH_TEXT";"Updates and refreshes the current data source.";"Atualiza a fonte de dados atual.";"";"Revisado"
"EpiDashboard";"EpiDashboard.DashboardSharedStrings";"MENU_SAVE";"Save";"Salvar";"";""
"EpiDashboard";"EpiDashboard.DashboardSharedStrings";"MENU_SAVE_AS";"Save as";"Salvar como";"";""
"EpiDashboard";"EpiDashboard.DashboardSharedStrings";"MENU_SAVE_AS_IMAGE";"Save as Image";"Salvar como imagem";"";"Revisado"
"EpiDashboard";"EpiDashboard.DashboardSharedStrings";"MENU_SAVE_AS_IMAGE_MAP";"Saves the current map as an image.";"Salva o mapa atual como imagem.";"";"Revisado"
"EpiDashboard";"EpiDashboard.DashboardSharedStrings";"MENU_SAVE_AS_TEXT";"Saves the current Dashboard canvas to a different file.";"Salva o canvas atual do Painel Visual em outro arquivo.";"";"Revisado"
"EpiDashboard";"EpiDashboard.DashboardSharedStrings";"MENU_SAVE_MAP";"Saves the current map.";"Salva o mapa atual.";"";"Revisado"
"EpiDashboard";"EpiDashboard.DashboardSharedStrings";"MENU_SAVE_TEXT";"Saves the current Dashboard canvas.";"Salva o canvas atual do Painel Visual.";"";"Revisado"
"EpiDashboard";"EpiDashboard.DashboardSharedStrings";"MENU_SET_DATA_SOURCE";"Set Data Source";"Definir fonte de dados";"";"Revisado"
"EpiDashboard";"EpiDashboard.DashboardSharedStrings";"MENU_SET_DATA_SOURCE_TEXT";"Attaches a data source (Epi Info 7 project, Excel spreadsheet, etc.) to a new, blank Dashboard canvas.";"Anexa uma fonte de dados (projeto do Epi Info 7, planilha do Excel etc.) a um novo canvas do Painel Visual em branco.";"";"Revisado"
"EpiDashboard";"EpiDashboard.DashboardSharedStrings";"MENU_TIME_LAPSE";"Create Time Lapse";"Criar time-lapse";"";"Revisado"
"EpiDashboard";"EpiDashboard.DashboardSharedStrings";"MENU_TIME_LAPSE_MAP";"Creates a time lapse with case cluster layers on the map.";"Cria um time-lapse com camadas de aglomerados de casos no mapa.";"";"Revisado"
"EpiDashboard";"EpiDashboard.DashboardSharedStrings";"MENU_WINDOW";"Window";"Janela";"";"Revisado"
"EpiDashboard";"EpiDashboard.DashboardSharedStrings";"MENU_WINDOW_MODE";"Switches to window mode.";"Alterna para o modo em janela.";"";"Revisado"
"EpiDashboard";"EpiDashboard.DashboardSharedStrings";"NOTIFICATION_CANVAS_SAVE";"The current canvas was saved to file {0}.";"O canvas atual foi salvo no arquivo {0}.";"";"Revisado"
"EpiDashboard";"EpiDashboard.DashboardSharedStrings";"OUTPUT_SAVED";"Output has been saved.";"A saída foi salva.";"";"Revisado"
"EpiDashboard";"EpiDashboard.DashboardSharedStrings";"PROPERTIES_LEGEND_FONT_SIZE_INVALID";"Legend font size must be between 5 and 100.";"O tamanho da fonte da legenda deve estar entre 5 e 100.";"";"Revisado"
"EpiDashboard";"EpiDashboard.DashboardSharedStrings";"PROPERTIES_MAIN_VARIABLE_REQ";"Main variable must be selected.";"É necessário selecionar a variável principal.";"";"Revisado"
"EpiDashboard";"EpiDashboard.DashboardSharedStrings";"PROPERTIES_OUTCOME_VARIABLE_REQ";"Outcome variable must be selected.";"É necessário selecionar a variável de desfecho.";"";"Revisado"
"EpiDashboard";"EpiDashboard.DashboardSharedStrings";"PROPERTIES_XAXIS_FONT_SIZE_INVALID";"X-Axis font size must be between 5 and 100.";"O tamanho da fonte do eixo X deve estar entre 5 e 100.";"";"Revisado"
"EpiDashboard";"EpiDashboard.DashboardSharedStrings";"PROPERTIES_Y2_AXIS_VARIABLE_REQ";"Second y-axis variable must be selected for this y-axis type.";"É necessário selecionar a variável do segundo eixo Y para este tipo de eixo Y.";"";"Revisado"
"EpiDashboard";"EpiDashboard.DashboardSharedStrings";"PROPERTIES_YAXIS_FONT_SIZE_INVALID";"Y-Axis font size must be between 5 and 100.";"O tamanho da fonte do eixo Y deve estar entre 5 e 100.";"";"Revisado"
"EpiDashboard";"EpiDashboard.DashboardSharedStrings";"RALATED_DATASOURCE";"Related Data Sources:";"Fontes de dados relacionadas:";"";"Revisado"
"EpiDashboard";"EpiDashboard.DashboardSharedStrings";"RECORD_COUNT";"(Records: {0})";"({0} registros)";"";""
"EpiDashboard";"EpiDashboard.DashboardSharedStrings";"REMAPPER_MESSAGE_ALREADY_BOOLEAN";"The exposure and outcome are boolean. No remapping is needed.";"A exposição e o desfecho são booleanos. Não é necessário remapear.";"";"Revisado"
"EpiDashboard";"EpiDashboard.DashboardSharedStrings";"SAVE_CHANGES";"Do you wish to save the changes you made to this dashboard canvas?";"Deseja salvar as alterações feitas neste canvas do Painel Visual?";"";"Revisado"
"EpiDashboard";"EpiDashboard.DashboardSharedStrings";"SAVE_CHANGES_TO_FILE";"Do you wish to save the changes you made to {0}?";"Deseja salvar as alterações feitas em {0}?";"";"Revisado"
"EpiDashboard";"EpiDashboard.DashboardSharedStrings";"SAVE_SUCCESSFUL";"Save Successful";"Salvo com sucesso";"";"Revisado"
"EpiDashboard";"EpiDashboard.DashboardSharedStrings";"TABLES_CORRECTED";"Corrected";"Corrigido";"";""
"EpiDashboard";"EpiDashboard.DashboardSharedStrings";"TABLES_ESTIMATE";"Estimate";"Estimativa";"";""
"EpiDashboard";"EpiDashboard.DashboardSharedStrings";"TABLES_FISHER_EXACT";"Fisher-Exact";"Exato de Fisher";"";"Revisado"
"EpiDashboard";"EpiDashboard.DashboardSharedStrings";"TABLES_LOWER";"Lower";"Inferior";"";"Revisado"
"EpiDashboard";"EpiDashboard.DashboardSharedStrings";"TABLES_MH";"Mantel-Haenszel";"Mantel-Haenszel";"";""
"EpiDashboard";"EpiDashboard.DashboardSharedStrings";"TABLES_MIDP_EXACT";"Mid-P Exact";"Mid-P exato";"";"Revisado"
"EpiDashboard";"EpiDashboard.DashboardSharedStrings";"TABLES_MLE_ODDS_RATIO";"MLE Odds ratio (Mid-P)";"Razão de chances por MLE (Mid-P)";"";"Revisado"
"EpiDashboard";"EpiDashboard.DashboardSharedStrings";"TABLES_ODDS_RATIO";"Odds ratio";"Razão de chances";"";"Revisado"
"EpiDashboard";"EpiDashboard.DashboardSharedStrings";"TABLES_ODDS_RISK_PARAMS";"Odds- and Risk-based parameters";"Parâmetros baseados em chances e riscos";"";"Revisado"
"EpiDashboard";"EpiDashboard.DashboardSharedStrings";"TABLES_RISK_DIFFERENCE";"Risk difference";"Diferença de risco";"";""
"EpiDashboard";"EpiDashboard.DashboardSharedStrings";"TABLES_RISK_RATIO";"Risk ratio";"Risco relativo";"";"Revisado"
"EpiDashboard";"EpiDashboard.DashboardSharedStrings";"TABLES_SINGLE_TABLE_ANALYSIS_HEADER";"Single Table Analysis";"Análise de tabela única";"";"Revisado"
"EpiDashboard";"EpiDashboard.DashboardSharedStrings";"TABLES_STATISTICAL_TESTS";"Statistical Tests";"Testes estatísticos";"";"Revisado"
"EpiDashboard";"EpiDashboard.DashboardSharedStrings";"TABLES_UNCORRECTED";"Uncorrected";"Não corrigido";"";"Revisado"
"EpiDashboard";"EpiDashboard.DashboardSharedStrings";"TABLES_UPPER";"Upper";"Superior";"";""
"EpiDashboard";"EpiDashboard.DashboardSharedStrings";"TOOLTIP_CLOSE_GADGET";"Closes the gadget.";"Fecha o gadget.";"";"Revisado"
"EpiDashboard";"EpiDashboard.DashboardSharedStrings";"TOOLTIP_COLLAPSE_GADGET";"Collapses or expands the gadget's output.";"Recolhe ou expande a saída do gadget.";"";"Revisado"
"EpiDashboard";"EpiDashboard.DashboardSharedStrings";"TOOLTIP_GADGET_CONFIG";"Opens the gadget configuration panel.";"Abre o painel de configuração do gadget.";"";"Revisado"
"EpiDashboard";"EpiDashboard.DashboardSharedStrings";"TOOLTIP_GADGET_DATA_FILTERS";"Allows the use of custom gadget-specific data filters. Any data filters created for this gadget will be applied in addition to any canvas-wide filters.";"Permite o uso de filtros de dados personalizados específicos do gadget. Os filtros de dados criados para este gadget serão aplicados além de quaisquer filtros do canvas inteiro.";"";"Revisado"
"EpiDashboard";"EpiDashboard.DashboardSharedStrings";"TOOLTIP_GADGET_DESC_PANEL";"Expands the description panel.";"Expande o painel de descrição.";"";"Revisado"
"EpiDashboard";"EpiDashboard.DashboardSharedStrings";"TOOLTIP_MENU_OPEN";"";"Abre um arquivo de canvas do Painel Visual existente.";"";"Revisado"
"EpiDashboard";"EpiDashboard.DashboardSharedStrings";"TOOLTIP_MENU_OPEN_HEADER";"";"Botão Abrir";"";"Revisado"
"EpiDashboard";"EpiDashboard.DashboardSharedStrings";"TOOLTIP_MENU_REFRESH";"";"Atualiza a fonte de dados atual.";"";"Revisado"
"EpiDashboard";"EpiDashboard.DashboardSharedStrings";"TOOLTIP_MENU_REFRESH_HEADER";"";"Botão Atualizar";"";""
"EpiDashboard";"EpiDashboard.DashboardSharedStrings";"TOOLTIP_MENU_SAVE";"";"Salva o canvas atual do Painel Visual.";"";"Revisado"
"EpiDashboard";"EpiDashboard.DashboardSharedStrings";"TOOLTIP_MENU_SAVE_AS";"";"Salva o canvas atual do Painel Visual em outro arquivo.";"";"Revisado"
"EpiDashboard";"EpiDashboard.DashboardSharedStrings";"TOOLTIP_MENU_SAVE_AS_HEADER";"";"Botão Salvar como";"";"Revisado"
"EpiDashboard";"EpiDashboard.DashboardSharedStrings";"TOOLTIP_MENU_SAVE_HEADER";"";"Botão Salvar";"";""
"EpiDashboard";"EpiDashboard.DashboardSharedStrings";"TOOLTIP_MENU_SET_DATA_SOURCE";"";"Anexa uma fonte de dados (projeto do Epi Info 7, planilha do Excel etc.) a um novo canvas do Painel Visual em branco.";"";"Revisado"
"EpiDashboard";"EpiDashboard.DashboardSharedStrings";"TOOLTIP_MENU_SET_DATA_SOURCE_HEADER";"";"Botão Definir fonte de dados";"";"Revisado"
"EpiDashboard";"EpiDashboard.DashboardSharedStrings";"TOOLTIP_SWAP_EXPOSURE";"Swaps the row positions for the exposure values. For example, if 'F' was on the top and 'T' was on the bottom, they would be switched.";"Troca as posições das linhas dos valores de exposição. Por exemplo, se 'F' estava em cima e 'T' embaixo, eles serão trocados.";"";"Revisado"
"EpiDashboard";"EpiDashboard.DashboardSharedStrings";"TOOLTIP_SWAP_OUTCOME";"Swaps the column positions for the outcome values. For example, if 'F' was on the left and 'T' was on the right, they would be switched.";"Troca as posições das colunas dos valores de desfecho. Por exemplo, se 'F' estava à esquerda e 'T' à direita, eles serão trocados.";"";"Revisado"
"EpiDashboard";"EpiDashboard.DashboardSharedStrings";"VARIABLE_CONTROL_CMENU_CONDITIONAL_ASSIGN";"With Conditional Assignment";"Com Atribuição Condicional";"";""
"EpiDashboard";"EpiDashboard.DashboardSharedStrings";"VARIABLE_CONTROL_CMENU_EXPRESSION";"With Assigned Expression";"Com Atribuição de Expressão";"";""
"EpiDashboard";"EpiDashboard.DashboardSharedStrings";"VARIABLE_CONTROL_CMENU_FORMAT";"With Formatted Value";"Com Valor Formatado";"";""
"EpiDashboard";"EpiDashboard.DashboardSharedStrings";"VARIABLE_CONTROL_CMENU_GROUP";"Create Variable Group";"Criar Grupo de Variáveis";"";"Revisado"
"EpiDashboard";"EpiDashboard.DashboardSharedStrings";"VARIABLE_CONTROL_CMENU_RECODE";"With Recoded Value";"Com Valor Recodificado";"";""
"EpiDashboard";"EpiDashboard.DashboardSharedStrings";"VARIABLE_CONTROL_CMENU_SIMPLE_ASSIGN";"With Simple Assignment";"Com Atribuição Simples";"";""
"EpiDashboard";"EpiDashboard.DashboardSharedStrings";"VARIABLE_CONTROL_DEL_VARIABLE";"Delete Variable";"Excluir Variável";"";""
"EpiDashboard";"EpiDashboard.DashboardSharedStrings";"VARIABLE_CONTROL_EDIT_VARIABLE";"Edit Variable";"Editar Variável";"";""
"EpiDashboard";"EpiDashboard.DashboardSharedStrings";"VARIABLE_CONTROL_HEADER";"Variable Definitions:";"Definições de variáveis:";"PT_PT";"Revisado"
"EpiDashboard";"EpiDashboard.DashboardSharedStrings";"VARIABLE_CONTROL_NEW_VARIABLE";"New Variable";"Nova Variável";"";""
"EpiDashboard";"EpiDashboard.DashboardSharedStrings";"VARIABLE_CONTROL_TITLE";"Defined Variables ({0})";"Variáveis definidas ({0})";"";"Revisado"
"EpiDashboard";"EpiDashboard.DashboardSharedStrings";"WARNING";"Warning";"Aviso";"";"Revisado"
"EpiDashboard";"EpiDashboard.DashboardSharedStrings";"WARNING_CONFIRM_CLOSE";"Are you sure you want to remove this gadget from your canvas?";"Tem certeza de que deseja remover este gadget do canvas?";"";"Revisado"
"EpiDashboard";"EpiDashboard.Dialogs.ConditionalAssignDialog";"$this.Text";"Add Variable with Conditional Assignment";"Adicionar Variável com Atribuição Condicional";"";""
"EpiDashboard";"EpiDashboard.Dialogs.ConditionalAssignDialog";"btnCancel.Text";"Cancel";"Cancelar";"";""
"EpiDashboard";"EpiDashboard.Dialogs.ConditionalAssignDialog";"btnIfCondition.Text";"Create/Edit Condition";"Criar/Editar condição";"";"Revisado"
"EpiDashboard";"EpiDashboard.Dialogs.ConditionalAssignDialog";"btnOK.Text";"OK";"OK";"";"Revisado"
"EpiDashboard";"EpiDashboard.Dialogs.ConditionalAssignDialog";"checkboxUseElse.Text";"Use else";"Usar valor alternativo";"LONGO";"Revisado"
"EpiDashboard";"EpiDashboard.Dialogs.ConditionalAssignDialog";"label1.Text";"Assign condition:";"Condição:";"";"Revisado"
"EpiDashboard";"EpiDashboard.Dialogs.ConditionalAssignDialog";"label3.Text";"Assign value:";"Valor a atribuir:";"";"Revisado"
"EpiDashboard";"EpiDashboard.Dialogs.ConditionalAssignDialog";"label4.Text";"Else value:";"Valor alternativo:";"";"Revisado"
"EpiDashboard";"EpiDashboard.Dialogs.ConditionalAssignDialog";"lblDestination.Text";"Assign field:";"Campo de destino:";"";"Revisado"
"EpiDashboard";"EpiDashboard.Dialogs.ConditionalAssignDialog";"lblType.Text";"Assign field type:";"Tipo do campo de destino:";"";"Revisado"
"EpiDashboard";"EpiDashboard.Dialogs.CreateGroupDialog";"$this.Text";"Create Group";"Criar Grupo";"";""
"EpiDashboard";"EpiDashboard.Dialogs.CreateGroupDialog";"btnCancel.Text";"Cancel";"Cancelar";"";""
"EpiDashboard";"EpiDashboard.Dialogs.CreateGroupDialog";"btnOK.Text";"OK";"OK";"";"Revisado"
"EpiDashboard";"EpiDashboard.Dialogs.CreateGroupDialog";"lblField.Text";"Group field name:";"Nome do campo de grupo:";"";""
"EpiDashboard";"EpiDashboard.Dialogs.CreateGroupDialog";"lblInclude.Text";"Items to include in the group:";"Itens a incluir no grupo:";"";""
"EpiDashboard";"EpiDashboard.Dialogs.ExpressionAssignDialog";"$this.Text";"Add Variable with Expression";"Adicionar Variável com Expressão";"";""
"EpiDashboard";"EpiDashboard.Dialogs.ExpressionAssignDialog";"btnCancel.Text";"Cancel";"Cancelar";"";""
"EpiDashboard";"EpiDashboard.Dialogs.ExpressionAssignDialog";"btnOK.Text";"OK";"OK";"";"Revisado"
"EpiDashboard";"EpiDashboard.Dialogs.ExpressionAssignDialog";"lblExpression.Text";"Expression:";"Expressão:";"";""
"EpiDashboard";"EpiDashboard.Dialogs.ExpressionAssignDialog";"lblField.Text";"Assign field:";"Campo de destino:";"";"Revisado"
"EpiDashboard";"EpiDashboard.Dialogs.ExpressionAssignDialog";"lblType.Text";"Data type:";"Tipo de dados:";"";"Revisado"
"EpiDashboard";"EpiDashboard.Dialogs.FillRangesDialog";"$this.Text";"Fill Ranges";"Preencher intervalos";"LONGO";"Revisado"
"EpiDashboard";"EpiDashboard.Dialogs.FillRangesDialog";"btnCancel.Text";"Cancel";"Cancelar";"";""
"EpiDashboard";"EpiDashboard.Dialogs.FillRangesDialog";"btnOK.Text";"OK";"OK";"";"Revisado"
"EpiDashboard";"EpiDashboard.Dialogs.FillRangesDialog";"lblBy.Text";"By:";"Por:";"";""
"EpiDashboard";"EpiDashboard.Dialogs.FillRangesDialog";"lblEnd.Text";"End value:";"Valor final:";"";""
"EpiDashboard";"EpiDashboard.Dialogs.FillRangesDialog";"lblStart.Text";"Start value:";"Valor inicial:";"";""
"EpiDashboard";"EpiDashboard.Dialogs.FormatDialog";"$this.Text";"Add Formatted Variable";"Adicionar Variável Formatada";"";""
"EpiDashboard";"EpiDashboard.Dialogs.FormatDialog";"btnCancel.Text";"Cancel";"Cancelar";"";""
"EpiDashboard";"EpiDashboard.Dialogs.FormatDialog";"btnOK.Text";"OK";"OK";"";"Revisado"
"EpiDashboard";"EpiDashboard.Dialogs.FormatDialog";"lblDestinationField.Text";"Destination field:";"Campo de destino:";"";""
"EpiDashboard";"EpiDashboard.Dialogs.FormatDialog";"lblFormat.Text";"Source field:";"Campo de origem:";"";"Revisado"
"EpiDashboard";"EpiDashboard.Dialogs.FormatDialog";"lblPreview.Text";"Preview:";"Pré-visualização:";"LONGO";"Revisado"
"EpiDashboard";"EpiDashboard.Dialogs.FormatDialog";"lblShow.Text";"Format type:";"Tipo de formato:";"";""
"EpiDashboard";"EpiDashboard.Dialogs.RecodeDialog";"$this.Text";"Add Recoded Variable";"Adicionar Variável Recodificada";"";""
"EpiDashboard";"EpiDashboard.Dialogs.RecodeDialog";"btnCancel.Text";"Cancel";"Cancelar";"";""
"EpiDashboard";"EpiDashboard.Dialogs.RecodeDialog";"btnFillRanges.Text";"Fill Ranges";"Preencher intervalos";"LONGO";"Revisado"
"EpiDashboard";"EpiDashboard.Dialogs.RecodeDialog";"btnOK.Text";"OK";"OK";"";"Revisado"
"EpiDashboard";"EpiDashboard.Dialogs.RecodeDialog";"checkboxMaintainSortOrder.Text";"Maintain sort order where appropriate";"Manter a ordem de classificação, se apropriado";"";""
"EpiDashboard";"EpiDashboard.Dialogs.RecodeDialog";"checkboxUseWildcards.Text";"Use wildcards";"Usar curingas";"";"Revisado"
"EpiDashboard";"EpiDashboard.Dialogs.RecodeDialog";"lblDestination.Text";"Destination field:";"Campo de destino:";"";""
"EpiDashboard";"EpiDashboard.Dialogs.RecodeDialog";"lblElseValue.Text";"Else value:";"Valor alternativo:";"";"Revisado"
"EpiDashboard";"EpiDashboard.Dialogs.RecodeDialog";"lblSource.Text";"Source field:";"Campo de origem:";"";""
"EpiDashboard";"EpiDashboard.Dialogs.RecodeDialog";"lblType.Text";"Destination field type:";"Tipo do campo de destino:";"";""
"EpiDashboard";"EpiDashboard.Dialogs.SimpleAssignDialog";"$this.Text";"Add Variable with Simple Assignment";"Adicionar Variável com Atribuição Simples";"";""
"EpiDashboard";"EpiDashboard.Dialogs.SimpleAssignDialog";"btnCancel.Text";"Cancel";"Cancelar";"";""
"EpiDashboard";"EpiDashboard.Dialogs.SimpleAssignDialog";"btnOK.Text";"OK";"OK";"";"Revisado"
"EpiDashboard";"EpiDashboard.Dialogs.SimpleAssignDialog";"label1.Text";"Description of assignment type:";"Descrição do tipo de atribuição:";"";""
"EpiDashboard";"EpiDashboard.Dialogs.SimpleAssignDialog";"lblAssignmentType.Text";"Assignment type:";"Tipo de atribuição:";"";""
"EpiDashboard";"EpiDashboard.Dialogs.SimpleAssignDialog";"lblField.Text";"Assign field:";"Campo de destino:";"";"Revisado"
"EpiDashboard";"EpiDashboard.Dialogs.SimpleAssignDialog";"lblParam1.Text";"Parameter #1:";"Parâmetro #1:";"";""
"EpiDashboard";"EpiDashboard.Dialogs.SimpleAssignDialog";"lblParam2.Text";"Parameter #2:";"Parâmetro #2:";"";""
"EpiDashboard";"EpiDashboard.Dialogs.SimpleAssignDialog";"lblParam3.Text";"Parameter #3:";"Parâmetro #3:";"";""
"EpiDashboard";"EpiDashboard.Dialogs.ValueMapperDialog";"$this.Text";"Value Mappings";"Mapeamentos de valores";"";"Revisado"
"EpiDashboard";"EpiDashboard.Dialogs.ValueMapperDialog";"btnCancel.Text";"Cancel";"Cancelar";"";""
"EpiDashboard";"EpiDashboard.Dialogs.ValueMapperDialog";"btnClear.Text";"Clear";"Limpar";"";""
"EpiDashboard";"EpiDashboard.Dialogs.ValueMapperDialog";"btnOK.Text";"OK";"OK";"";"Revisado"
"EpiDashboard";"EpiDashboard.Dialogs.ValueMapperDialog";"label1.Text";"Yes values:";"Valores Sim:";"";""
"EpiDashboard";"EpiDashboard.Dialogs.ValueMapperDialog";"label2.Text";"No values:";"Valores Não:";"";"Revisado"
"EpiDashboard";"EpiDashboard.Dialogs.ValueMapperDialog";"label3.Text";"All Values:";"Todos os valores:";"";""
"EpiDashboard";"EpiDashboard.LineListSharedStrings";"ALLOW_UPDATES";"Allow updates";"Permitir atualizações";"";""
"EpiDashboard";"EpiDashboard.LineListSharedStrings";"CMENU_CLOSE";"Close line list";"Fechar lista de registros";"";"Revisado"
"EpiDashboard";"EpiDashboard.LineListSharedStrings";"CMENU_COPY";"Copy list data to clipboard";"Copiar os dados da lista para a área de transferência";"LONGO";"Revisado"
"EpiDashboard";"EpiDashboard.LineListSharedStrings";"CMENU_EXCEL";"Send list data to Excel";"Enviar dados da lista para o Excel";"";""
"EpiDashboard";"EpiDashboard.LineListSharedStrings";"CMENU_HTML";"Send list data to web browser";"Enviar os dados da lista para o navegador";"";"Revisado"
"EpiDashboard";"EpiDashboard.LineListSharedStrings";"CMENU_REMOVE_FIELD";"Remove field";"Remover campo";"";"Revisado"
"EpiDashboard";"EpiDashboard.LineListSharedStrings";"CMENU_REMOVE_SORTING";"Remove all sort criteria";"Remover todos os critérios de classificação";"";"Revisado"
"EpiDashboard";"EpiDashboard.LineListSharedStrings";"CMENU_SEND_TO_BACK";"Send list to back";"Enviar lista para trás";"";"Revisado"
"EpiDashboard";"EpiDashboard.LineListSharedStrings";"CMENU_SWAP_SORT";"Change ascending/descending";"Alternar crescente/decrescente";"";"Revisado"
"EpiDashboard";"EpiDashboard.LineListSharedStrings";"GENERATE_LINE_LIST";"Generate Line List";"Gerar lista de registros";"";"Revisado"
"EpiDashboard";"EpiDashboard.LineListSharedStrings";"GROUP_RESULTS_BY";"Group results by:";"Agrupar resultados por:";"";""
"EpiDashboard";"EpiDashboard.LineListSharedStrings";"INSTRUCTIONS_1";"Ctrl+Left-click on variable names. Ctrl+A will select all variables.";"Ctrl+clique nos nomes das variáveis. Ctrl+A seleciona todas as variáveis.";"";"Revisado"
"EpiDashboard";"EpiDashboard.LineListSharedStrings";"INSTRUCTIONS_2";"* Right-click on variables to remove or change sort properties.";"* Clique com o botão direito nas variáveis para remover ou alterar as propriedades de classificação.";"";"Revisado"
"EpiDashboard";"EpiDashboard.LineListSharedStrings";"LIST_CONFIG_TITLE";"Line List Properties";"Propriedades da lista de registros";"";"Revisado"
"EpiDashboard";"EpiDashboard.LineListSharedStrings";"LIST_VARIABLES_TO_DISPLAY";"List variables to display:";"Lista de variáveis a exibir:";"";""
"EpiDashboard";"EpiDashboard.LineListSharedStrings";"MAX_ROWS_TO_DISPLAY";"Max rows to display:";"Máximo de linhas a exibir:";"";"Revisado"
"EpiDashboard";"EpiDashboard.LineListSharedStrings";"MAX_VAR_NAME_LENGTH";"Max variable name length:";"Comprimento máximo do nome da variável:";"";""
"EpiDashboard";"EpiDashboard.LineListSharedStrings";"SHOW_COLUMN_HEADINGS";"Show column headings";"Mostrar cabeçalhos das colunas";"";"Revisado"
"EpiDashboard";"EpiDashboard.LineListSharedStrings";"SHOW_LINE_COLUMN";"Show line column";"Mostrar coluna de linha";"";"Revisado"
"EpiDashboard";"EpiDashboard.LineListSharedStrings";"SHOW_MISSING_REPRESENTATION";"Show missing representation";"Mostrar representação de ausentes";"";"Revisado"
"EpiDashboard";"EpiDashboard.LineListSharedStrings";"SORT_ORDER";"Sort order: *";"Ordem de classificação: *";"LONGO";""
"EpiDashboard";"EpiDashboard.LineListSharedStrings";"SORT_VARIABLES";"Sort variables:";"Ordenar variáveis:";"";"Revisado"
"EpiDashboard";"EpiDashboard.LineListSharedStrings";"SORT_VARS_TAB_ORDER";"Sort variables by tab order";"Ordenar variáveis pela ordem de tabulação";"";"Revisado"
"EpiDashboard";"EpiDashboard.LineListSharedStrings";"USE_FIELD_PROMPTS";"Use field prompts";"Usar rótulos dos campos";"";"Revisado"
"EpiDashboard";"EpiDashboard.Mapping.MapServerDialog";"$this.Text";"Map Server";"Servidor de mapas";"";"Revisado"
"EpiDashboard";"EpiDashboard.Mapping.MapServerDialog";"btnCancel.Text";"Cancel";"Cancelar";"";""
"EpiDashboard";"EpiDashboard.Mapping.MapServerDialog";"btnConnect.Text";"Connect";"Conectar";"";""
"EpiDashboard";"EpiDashboard.Mapping.MapServerDialog";"btnOk.Text";"OK";"OK";"";""
"EpiDashboard";"EpiDashboard.Mapping.MapServerDialog";"groupBox1.Text";"Map Server Location";"Local do servidor de mapas";"";"Revisado"
"EpiDashboard";"EpiDashboard.Mapping.MapServerDialog";"lblExample.Text";"(example: http://services.nationalmap.gov/ArcGIS/rest/services/govunits/MapServer)";"(exemplo: http://services.nationalmap.gov/ArcGIS/rest/services/govunits/MapServer)";"";"Revisado"
"EpiDashboard";"EpiDashboard.Mapping.MapServerDialog";"lblFeatures.Text";"Select features:";"Selecione as feições:";"";"Revisado"
"EpiDashboard";"EpiDashboard.Mapping.MapServerDialog";"lblUrl.Text";"URL:";"URL:";"";""
"EpiDashboard";"EpiDashboard.Mapping.MapServerDialog";"rdbCustom.Text";"Provide location of another Map Server";"Informar o local de outro servidor de mapas";"";"Revisado"
"EpiDashboard";"EpiDashboard.Mapping.MapServerDialog";"rdbKnown.Text";"Connect to a known Map Server";"Conectar a um servidor de mapas conhecido";"";"Revisado"
"EpiDashboard";"EpiDashboard.Mapping.MapServerFeatureDialog";"$this.Text";"Map Server";"Servidor de mapas";"";"Revisado"
"EpiDashboard";"EpiDashboard.Mapping.MapServerFeatureDialog";"btnCancel.Text";"Cancel";"Cancelar";"";""
"EpiDashboard";"EpiDashboard.Mapping.MapServerFeatureDialog";"btnConnect.Text";"Connect";"Conectar";"";""
"EpiDashboard";"EpiDashboard.Mapping.MapServerFeatureDialog";"btnOk.Text";"OK";"OK";"";""
"EpiDashboard";"EpiDashboard.Mapping.MapServerFeatureDialog";"groupBox1.Text";"Map Server Location";"Local do servidor de mapas";"";"Revisado"
"EpiDashboard";"EpiDashboard.Mapping.MapServerFeatureDialog";"lblExample.Text";"(example: http://services.nationalmap.gov/ArcGIS/rest/services/govunits/MapServer)";"(exemplo: http://services.nationalmap.gov/ArcGIS/rest/services/govunits/MapServer)";"";"Revisado"
"EpiDashboard";"EpiDashboard.Mapping.MapServerFeatureDialog";"lblFeatures.Text";"Select feature:";"Selecione a feição:";"";"Revisado"
"EpiDashboard";"EpiDashboard.Mapping.MapServerFeatureDialog";"lblUrl.Text";"URL:";"URL:";"";""
"EpiDashboard";"EpiDashboard.Mapping.MapServerFeatureDialog";"rdbCustom.Text";"Provide location of another Map Server";"Informar o local de outro servidor de mapas";"";"Revisado"
"EpiDashboard";"EpiDashboard.Mapping.MapServerFeatureDialog";"rdbKnown.Text";"Connect to a known Map Server";"Conectar a um servidor de mapas conhecido";"";"Revisado"
"EpiDashboard";"EpiDashboard.Mapping.MapTextDialog";"$this.Text";"Map Text";"Texto do mapa";"";"Revisado"
"EpiDashboard";"EpiDashboard.Mapping.MapTextDialog";"btnCancel.Text";"Cancel";"Cancelar";"";""
"EpiDashboard";"EpiDashboard.Mapping.MapTextDialog";"btnFont.Text";"Browse";"Procurar…";"PONTUACAO";"Revisado"
"EpiDashboard";"EpiDashboard.Mapping.MapTextDialog";"btnOk.Text";"OK";"OK";"";""
"EpiDashboard";"EpiDashboard.Mapping.MapTextDialog";"label1.Text";"Text:";"Texto:";"";"Revisado"
"EpiDashboard";"EpiDashboard.Mapping.MapTextDialog";"label2.Text";"Font:";"Fonte:";"";"Revisado"
"EpiDashboard";"EpiDashboard.Mapping.MapTextDialog";"label3.Text";"Color:";"Cor:";"";"Revisado"
"EpiDashboard";"EpiDashboard.Mapping.MarkerConfigDialog";"$this.Text";"Configure Marker";"Configurar marcador";"";"Revisado"
"EpiDashboard";"EpiDashboard.Mapping.MarkerConfigDialog";"btnCancel.Text";"Cancel";"Cancelar";"";""
"EpiDashboard";"EpiDashboard.Mapping.MarkerConfigDialog";"btnOk.Text";"OK";"OK";"";""
"EpiDashboard";"EpiDashboard.Mapping.MarkerConfigDialog";"label1.Text";"Size:";"Tamanho:";"";"Revisado"
"EpiDashboard";"EpiDashboard.Mapping.MarkerConfigDialog";"label2.Text";"Style:";"Estilo:";"";"Revisado"
"EpiDashboard";"EpiDashboard.Mapping.MarkerConfigDialog";"label3.Text";"Color:";"Cor:";"";"Revisado"
"EpiDashboard";"EpiDashboard.Mapping.RadiusMapConfigDialog";"$this.Text";"Configure Zone";"Configurar zona";"";"Revisado"
"EpiDashboard";"EpiDashboard.Mapping.RadiusMapConfigDialog";"btnCancel.Text";"Cancel";"Cancelar";"";""
"EpiDashboard";"EpiDashboard.Mapping.RadiusMapConfigDialog";"btnOk.Text";"OK";"OK";"";""
"EpiDashboard";"EpiDashboard.Mapping.RadiusMapConfigDialog";"label1.Text";"Radius:";"Raio:";"";"Revisado"
"EpiDashboard";"EpiDashboard.Mapping.RadiusMapConfigDialog";"label2.Text";"Units:";"Unidades:";"";"Revisado"
"EpiDashboard";"EpiDashboard.Mapping.RadiusMapConfigDialog";"label3.Text";"Color:";"Cor:";"";"Revisado"
"EpiDashboard";"EpiDashboard.Mapping.TimeConfigDialog";"$this.Text";"Configure Time";"Configurar tempo";"";"Revisado"
"EpiDashboard";"EpiDashboard.Mapping.TimeConfigDialog";"btnCancel.Text";"Cancel";"Cancelar";"";""
"EpiDashboard";"EpiDashboard.Mapping.TimeConfigDialog";"btnOk.Text";"OK";"OK";"";""
"EpiDashboard";"EpiDashboard.Mapping.TimeConfigDialog";"label2.Text";"Time Variable:";"Variável de tempo:";"";"Revisado"
"MakeView";"Epi.Windows.MakeView.Dialogs.AddProjectTemplateDialog";"$this.Text";"Save Project as Template";"Salvar projeto como modelo";"";"Revisado"
"MakeView";"Epi.Windows.MakeView.Dialogs.AddProjectTemplateDialog";"btnCancel.Text";"Cancel";"Cancelar";"";""
"MakeView";"Epi.Windows.MakeView.Dialogs.AddProjectTemplateDialog";"btnOK.Text";"OK";"OK";"";"Revisado"
"MakeView";"Epi.Windows.MakeView.Dialogs.AddProjectTemplateDialog";"labelDescription.Text";"Description";"Descrição";"";""
"MakeView";"Epi.Windows.MakeView.Dialogs.AddProjectTemplateDialog";"labelTemplateName.Text";"Template Name";"Nome do modelo";"";"Revisado"
"MakeView";"Epi.Windows.MakeView.Dialogs.AddTemplateDialog";"$this.Text";"Add Template";"Adicionar modelo";"";"Revisado"
"MakeView";"Epi.Windows.MakeView.Dialogs.AddTemplateDialog";"btnCancel.Text";"Cancel";"Cancelar";"";""
"MakeView";"Epi.Windows.MakeView.Dialogs.AddTemplateDialog";"btnOK.Text";"OK";"OK";"";"Revisado"
"MakeView";"Epi.Windows.MakeView.Dialogs.AddTemplateDialog";"labelTemplateName.Text";"Template Name";"Nome do modelo";"";"Revisado"
"MakeView";"Epi.Windows.MakeView.Dialogs.AssignDialog";"$this.Text";"Assign";"Atribuir";"";""
"MakeView";"Epi.Windows.MakeView.Dialogs.AssignDialog";"btnAnd.Text";"AND";"AND";"";"Revisado"
"MakeView";"Epi.Windows.MakeView.Dialogs.AssignDialog";"btnCancel.Text";"Cancel";"Cancelar";"";""
"MakeView";"Epi.Windows.MakeView.Dialogs.AssignDialog";"btnClear.Text";"Clear";"Limpar";"";""
"MakeView";"Epi.Windows.MakeView.Dialogs.AssignDialog";"btnFunctions.Text";"Functions";"Funções";"";""
"MakeView";"Epi.Windows.MakeView.Dialogs.AssignDialog";"btnFx.Text";"f(x)";"f(x)";"";""
"MakeView";"Epi.Windows.MakeView.Dialogs.AssignDialog";"btnHelp.Text";"Help";"Ajuda";"";""
"MakeView";"Epi.Windows.MakeView.Dialogs.AssignDialog";"btnMissing.Text";"""Missing""";"""Ausente""";"";"Revisado"
"MakeView";"Epi.Windows.MakeView.Dialogs.AssignDialog";"btnNo.Text";"""No""";"""Não""";"";""
"MakeView";"Epi.Windows.MakeView.Dialogs.AssignDialog";"btnNot.Text";"";"Não";"";""
"MakeView";"Epi.Windows.MakeView.Dialogs.AssignDialog";"btnNot.ToolTipText";"";"Não";"";""
"MakeView";"Epi.Windows.MakeView.Dialogs.AssignDialog";"btnOK.Text";"OK";"OK";"";"Revisado"
"MakeView";"Epi.Windows.MakeView.Dialogs.AssignDialog";"btnOr.Text";"OR";"OR";"";"Revisado"
"MakeView";"Epi.Windows.MakeView.Dialogs.AssignDialog";"btnSaveOnly.Text";"Save Only";"Somente salvar";"";"Revisado"
"MakeView";"Epi.Windows.MakeView.Dialogs.AssignDialog";"btnYes.Text";"""Yes""";"""Sim""";"";""
"MakeView";"Epi.Windows.MakeView.Dialogs.AssignDialog";"groupBox1.Text";"";"Operadores";"";""
"MakeView";"Epi.Windows.MakeView.Dialogs.AssignDialog";"Label1.Text";"Assign Variable";"Atribuir variável";"";"Revisado"
"MakeView";"Epi.Windows.MakeView.Dialogs.AssignDialog";"Label2.Text";"= Expression";"= Expressão";"";"Revisado"
"MakeView";"Epi.Windows.MakeView.Dialogs.AssignDialog";"Label3.Text";"Available Variables";"Variáveis disponíveis";"";"Revisado"
"MakeView";"Epi.Windows.MakeView.Dialogs.AssignDialog";"toolStrip3.Text";"";"toolStrip3";"";""
"MakeView";"Epi.Windows.MakeView.Dialogs.AssignDialog";"toolStrip4.Text";"";"toolStrip4";"";""
"MakeView";"Epi.Windows.MakeView.Dialogs.AssignVariableToMirrorFieldDialog";"$this.Text";"Assign Variable To Mirror Field";"Atribuir variável ao campo espelho";"";"Revisado"
"MakeView";"Epi.Windows.MakeView.Dialogs.AssignVariableToMirrorFieldDialog";"btnCancel.Text";"Cancel";"Cancelar";"";""
"MakeView";"Epi.Windows.MakeView.Dialogs.AssignVariableToMirrorFieldDialog";"btnOK.Text";"OK";"OK";"";"Revisado"
"MakeView";"Epi.Windows.MakeView.Dialogs.AssignVariableToMirrorFieldDialog";"label1.Text";"Mirror Field Name:";"Nome do campo espelho:";"";"Revisado"
"MakeView";"Epi.Windows.MakeView.Dialogs.BackgroundDialog";"$this.Text";"Background";"Fundo";"";""
"MakeView";"Epi.Windows.MakeView.Dialogs.BackgroundDialog";"btnCancel.Text";"Cancel";"Cancelar";"";""
"MakeView";"Epi.Windows.MakeView.Dialogs.BackgroundDialog";"btnChangeColor.Text";"Change Color...";"Alterar cor…";"";"Revisado"
"MakeView";"Epi.Windows.MakeView.Dialogs.BackgroundDialog";"btnChooseImage.Text";"Choose Image...";"Escolher imagem…";"";"Revisado"
"MakeView";"Epi.Windows.MakeView.Dialogs.BackgroundDialog";"btnClearColor.Text";"Clear Color";"Remover cor";"";"Revisado"
"MakeView";"Epi.Windows.MakeView.Dialogs.BackgroundDialog";"btnClearImage.Text";"Clear Image";"Remover imagem";"";"Revisado"
"MakeView";"Epi.Windows.MakeView.Dialogs.BackgroundDialog";"btnOK.Text";"OK";"OK";"";"Revisado"
"MakeView";"Epi.Windows.MakeView.Dialogs.BackgroundDialog";"GroupBox1.Text";"Background Image";"Imagem de fundo";"";"Revisado"
"MakeView";"Epi.Windows.MakeView.Dialogs.BackgroundDialog";"GroupBox2.Text";"Background Color";"Cor de fundo";"";"Revisado"
"MakeView";"Epi.Windows.MakeView.Dialogs.BackgroundDialog";"GroupBox3.Text";"Image and Color";"Imagem e cor";"";"Revisado"
"MakeView";"Epi.Windows.MakeView.Dialogs.BackgroundDialog";"lblImageLayout.Text";"Image Layout:";"Layout da imagem:";"";"Revisado"
"MakeView";"Epi.Windows.MakeView.Dialogs.BackgroundDialog";"rbApplyToAll.Text";"Apply to all pages in form";"Aplicar a todas as páginas do formulário";"";"Revisado"
"MakeView";"Epi.Windows.MakeView.Dialogs.BackgroundDialog";"rbApplyToCurrent.Text";"Apply to current page only";"Aplicar somente à página atual";"";"Revisado"
"MakeView";"Epi.Windows.MakeView.Dialogs.BeepDialog";"$this.Text";"Beep";"Beep";"";"Revisado"
"MakeView";"Epi.Windows.MakeView.Dialogs.BeepDialog";"btnCancel.Text";"Cancel";"Cancelar";"";""
"MakeView";"Epi.Windows.MakeView.Dialogs.BeepDialog";"btnHelp.Text";"&Help";"&Ajuda";"";"Revisado"
"MakeView";"Epi.Windows.MakeView.Dialogs.BeepDialog";"btnOK.Text";"OK";"OK";"";"Revisado"
"MakeView";"Epi.Windows.MakeView.Dialogs.BeepDialog";"btnSaveOnly.Text";"&Save Only";"&Somente salvar";"";"Revisado"
"MakeView";"Epi.Windows.MakeView.Dialogs.BeepDialog";"lblNoOptions.Text";"There are no options for this command";"Não há opções para este comando";"";""
"MakeView";"Epi.Windows.MakeView.Dialogs.CheckCodeCommandDialogs.AutoSearchDialog";"$this.Text";"Auto Search";"Busca automática";"";"Revisado"
"MakeView";"Epi.Windows.MakeView.Dialogs.CheckCodeCommandDialogs.AutoSearchDialog";"btnCancel.Text";"Cancel";"Cancelar";"";""
"MakeView";"Epi.Windows.MakeView.Dialogs.CheckCodeCommandDialogs.AutoSearchDialog";"btnHelp.Text";"Help";"Ajuda";"";"Revisado"
"MakeView";"Epi.Windows.MakeView.Dialogs.CheckCodeCommandDialogs.AutoSearchDialog";"btnOk.Text";"OK";"OK";"";"Revisado"
"MakeView";"Epi.Windows.MakeView.Dialogs.CheckCodeCommandDialogs.AutoSearchDialog";"Button3.Text";"";"Ajuda";"";""
"MakeView";"Epi.Windows.MakeView.Dialogs.CheckCodeCommandDialogs.AutoSearchDialog";"chkAlways.Text";"Run on new and existing records (always)";"Executar com os registros novos e existentes (sempre)";"";""
"MakeView";"Epi.Windows.MakeView.Dialogs.CheckCodeCommandDialogs.AutoSearchDialog";"chkContinue.Text";"Prevent moving to matching record";"Impedir a ida ao registro correspondente";"";"Revisado"
"MakeView";"Epi.Windows.MakeView.Dialogs.CheckCodeCommandDialogs.AutoSearchDialog";"chkDisplayList.Text";"Only display selected fields";"Mostrar somente os campos selecionados";"";""
"MakeView";"Epi.Windows.MakeView.Dialogs.CheckCodeCommandDialogs.CallDialog";"$this.Text";"Call";"Chamar";"";""
"MakeView";"Epi.Windows.MakeView.Dialogs.CheckCodeCommandDialogs.CallDialog";"btnCancel.Text";"Cancel";"Cancelar";"";""
"MakeView";"Epi.Windows.MakeView.Dialogs.CheckCodeCommandDialogs.CallDialog";"btnHelp.Text";"Help";"Ajuda";"";""
"MakeView";"Epi.Windows.MakeView.Dialogs.CheckCodeCommandDialogs.CallDialog";"btnOk.Text";"OK";"OK";"";"Revisado"
"MakeView";"Epi.Windows.MakeView.Dialogs.CheckCodeCommandDialogs.CallDialog";"Button3.Text";"";"Ajuda";"";""
"MakeView";"Epi.Windows.MakeView.Dialogs.CheckCodeCommandDialogs.ClearDialog";"$this.Text";"Clear";"Limpar";"";""
"MakeView";"Epi.Windows.MakeView.Dialogs.CheckCodeCommandDialogs.ClearDialog";"btnCancel.Text";"Cancel";"Cancelar";"";""
"MakeView";"Epi.Windows.MakeView.Dialogs.CheckCodeCommandDialogs.ClearDialog";"btnHelp.Text";"Help";"Ajuda";"";""
"MakeView";"Epi.Windows.MakeView.Dialogs.CheckCodeCommandDialogs.ClearDialog";"btnOk.Text";"OK";"OK";"";"Revisado"
"MakeView";"Epi.Windows.MakeView.Dialogs.CheckCodeCommandDialogs.ClearDialog";"Button3.Text";"";"Ajuda";"";""
"MakeView";"Epi.Windows.MakeView.Dialogs.CheckCodeCommandDialogs.DialogConfigDialog";"$this.Text";"Dialog";"Diálogo";"";""
"MakeView";"Epi.Windows.MakeView.Dialogs.CheckCodeCommandDialogs.DialogConfigDialog";"btnCancel.Text";"Cancel";"Cancelar";"";""
"MakeView";"Epi.Windows.MakeView.Dialogs.CheckCodeCommandDialogs.DialogConfigDialog";"btnClear.Text";"Clear";"Limpar";"";""
"MakeView";"Epi.Windows.MakeView.Dialogs.CheckCodeCommandDialogs.DialogConfigDialog";"btnHelp.Text";"Help";"Ajuda";"";""
"MakeView";"Epi.Windows.MakeView.Dialogs.CheckCodeCommandDialogs.DialogConfigDialog";"btnOK.Text";"OK";"OK";"";"Revisado"
"MakeView";"Epi.Windows.MakeView.Dialogs.CheckCodeCommandDialogs.DialogConfigDialog";"Button3.Text";"";"Limpar";"";""
"MakeView";"Epi.Windows.MakeView.Dialogs.CheckCodeCommandDialogs.DialogConfigDialog";"Button4.Text";"";"Ajuda";"";""
"MakeView";"Epi.Windows.MakeView.Dialogs.CheckCodeCommandDialogs.DialogConfigDialog";"GroupBox1.Text";"Dialog Type";"Tipo de diálogo";"";"Revisado"
"MakeView";"Epi.Windows.MakeView.Dialogs.CheckCodeCommandDialogs.DialogConfigDialog";"Label1.Text";"Title";"Título";"";""
"MakeView";"Epi.Windows.MakeView.Dialogs.CheckCodeCommandDialogs.DialogConfigDialog";"Label2.Text";"Prompt";"Mensagem";"";"Revisado"
"MakeView";"Epi.Windows.MakeView.Dialogs.CheckCodeCommandDialogs.DialogConfigDialog";"lblDialogFormat.Text";"";"Formato do diálogo";"";"Revisado"
"MakeView";"Epi.Windows.MakeView.Dialogs.CheckCodeCommandDialogs.DialogConfigDialog";"lblDialogType.Text";"&Dialog Type";"&Tipo de diálogo";"";"Revisado"
"MakeView";"Epi.Windows.MakeView.Dialogs.CheckCodeCommandDialogs.DialogConfigDialog";"lblInputMask.Text";"Input &Mask";"&Máscara de entrada";"";"Revisado"
"MakeView";"Epi.Windows.MakeView.Dialogs.CheckCodeCommandDialogs.DialogConfigDialog";"lblInputVar.Text";"&Input Variable";"Variável de &entrada";"";"Revisado"
"MakeView";"Epi.Windows.MakeView.Dialogs.CheckCodeCommandDialogs.DialogConfigDialog";"lblInputVariable.Text";"";"Variável de entrada";"";"Revisado"
"MakeView";"Epi.Windows.MakeView.Dialogs.CheckCodeCommandDialogs.DialogConfigDialog";"lblLength.Text";"&Length";"&Comprimento";"";"Revisado"
"MakeView";"Epi.Windows.MakeView.Dialogs.CheckCodeCommandDialogs.DialogConfigDialog";"lblShowTable.Text";"Show Ta&ble";"Mostrar ta&bela";"";"Revisado"
"MakeView";"Epi.Windows.MakeView.Dialogs.CheckCodeCommandDialogs.DialogConfigDialog";"lblShowVar.Text";"Sho&w Variable";"Mostrar &variável";"";"Revisado"
"MakeView";"Epi.Windows.MakeView.Dialogs.CheckCodeCommandDialogs.DialogConfigDialog";"lblShowVariable.Text";"";"Mostrar variável";"";"Revisado"
"MakeView";"Epi.Windows.MakeView.Dialogs.CheckCodeCommandDialogs.DialogConfigDialog";"lblVarType.Text";"Variable &Type";"Tipo de v&ariável";"";"Revisado"
"MakeView";"Epi.Windows.MakeView.Dialogs.CheckCodeCommandDialogs.DialogConfigDialog";"rdbGetVariable.Text";"Get Variable";"Obter variável";"";"Revisado"
"MakeView";"Epi.Windows.MakeView.Dialogs.CheckCodeCommandDialogs.DialogConfigDialog";"rdbListValues.Text";"List of Values";"Lista de valores";"";"Revisado"
"MakeView";"Epi.Windows.MakeView.Dialogs.CheckCodeCommandDialogs.DialogConfigDialog";"rdbSimple.Text";"Simple";"Simples";"";""
"MakeView";"Epi.Windows.MakeView.Dialogs.CheckCodeCommandDialogs.DisableDialog";"$this.Text";"Disable";"Desabilitar";"";"Revisado"
"MakeView";"Epi.Windows.MakeView.Dialogs.CheckCodeCommandDialogs.DisableDialog";"btnCancel.Text";"Cancel";"Cancelar";"";""
"MakeView";"Epi.Windows.MakeView.Dialogs.CheckCodeCommandDialogs.DisableDialog";"btnHelp.Text";"Help";"Ajuda";"";""
"MakeView";"Epi.Windows.MakeView.Dialogs.CheckCodeCommandDialogs.DisableDialog";"btnOk.Text";"OK";"OK";"";"Revisado"
"MakeView";"Epi.Windows.MakeView.Dialogs.CheckCodeCommandDialogs.DisableDialog";"Button3.Text";"";"Ajuda";"";""
"MakeView";"Epi.Windows.MakeView.Dialogs.CheckCodeCommandDialogs.EnableDialog";"$this.Text";"Enable";"Habilitar";"";"Revisado"
"MakeView";"Epi.Windows.MakeView.Dialogs.CheckCodeCommandDialogs.EnableDialog";"btnCancel.Text";"Cancel";"Cancelar";"";""
"MakeView";"Epi.Windows.MakeView.Dialogs.CheckCodeCommandDialogs.EnableDialog";"btnHelp.Text";"Help";"Ajuda";"";"Revisado"
"MakeView";"Epi.Windows.MakeView.Dialogs.CheckCodeCommandDialogs.EnableDialog";"btnOk.Text";"OK";"OK";"";"Revisado"
"MakeView";"Epi.Windows.MakeView.Dialogs.CheckCodeCommandDialogs.EnableDialog";"Button3.Text";"";"Ajuda";"";""
"MakeView";"Epi.Windows.MakeView.Dialogs.CheckCodeCommandDialogs.ExecuteDialog";"$this.Text";"Execute";"Executar";"";""
"MakeView";"Epi.Windows.MakeView.Dialogs.CheckCodeCommandDialogs.ExecuteDialog";"btnBrowse.Text";"Browse";"Procurar…";"PONTUACAO";"Revisado"
"MakeView";"Epi.Windows.MakeView.Dialogs.CheckCodeCommandDialogs.ExecuteDialog";"btnCancel.Text";"Cancel";"Cancelar";"";""
"MakeView";"Epi.Windows.MakeView.Dialogs.CheckCodeCommandDialogs.ExecuteDialog";"btnClear.Text";"Clear";"Limpar";"";""
"MakeView";"Epi.Windows.MakeView.Dialogs.CheckCodeCommandDialogs.ExecuteDialog";"btnHelp.Text";"Help";"Ajuda";"";""
"MakeView";"Epi.Windows.MakeView.Dialogs.CheckCodeCommandDialogs.ExecuteDialog";"btnOk.Text";"OK";"OK";"";"Revisado"
"MakeView";"Epi.Windows.MakeView.Dialogs.CheckCodeCommandDialogs.ExecuteDialog";"Button5.Text";"";"Ajuda";"";""
"MakeView";"Epi.Windows.MakeView.Dialogs.CheckCodeCommandDialogs.ExecuteDialog";"cbxWaitforExecution.Text";"&Wait for command to execute";"&Aguardar a execução do comando";"";"Revisado"
"MakeView";"Epi.Windows.MakeView.Dialogs.CheckCodeCommandDialogs.ExecuteDialog";"Label1.Text";"Filename or Command";"Nome do arquivo ou comando";"";"Revisado"
"MakeView";"Epi.Windows.MakeView.Dialogs.CheckCodeCommandDialogs.GeocodeDialog";"$this.Text";"Geocode";"Geocodificar";"";"Revisado"
"MakeView";"Epi.Windows.MakeView.Dialogs.CheckCodeCommandDialogs.GeocodeDialog";"btnCancel.Text";"Cancel";"Cancelar";"";""
"MakeView";"Epi.Windows.MakeView.Dialogs.CheckCodeCommandDialogs.GeocodeDialog";"btnHelp.Text";"Help";"Ajuda";"";"Revisado"
"MakeView";"Epi.Windows.MakeView.Dialogs.CheckCodeCommandDialogs.GeocodeDialog";"btnOk.Text";"OK";"OK";"";"Revisado"
"MakeView";"Epi.Windows.MakeView.Dialogs.CheckCodeCommandDialogs.GeocodeDialog";"Button3.Text";"";"Ajuda";"";""
"MakeView";"Epi.Windows.MakeView.Dialogs.CheckCodeCommandDialogs.GeocodeDialog";"label1.Text";"Address Field:";"Campo de endereço:";"";"Revisado"
"MakeView";"Epi.Windows.MakeView.Dialogs.CheckCodeCommandDialogs.GeocodeDialog";"label2.Text";"Latitude Field:";"Campo de latitude:";"";"Revisado"
"MakeView";"Epi.Windows.MakeView.Dialogs.CheckCodeCommandDialogs.GeocodeDialog";"label3.Text";"Longitude Field:";"Campo de longitude:";"";"Revisado"
"MakeView";"Epi.Windows.MakeView.Dialogs.CheckCodeCommandDialogs.GoToDialog";"$this.Text";"Go To";"Ir para";"";"Revisado"
"MakeView";"Epi.Windows.MakeView.Dialogs.CheckCodeCommandDialogs.GoToDialog";"btnCancel.Text";"Cancel";"Cancelar";"";""
"MakeView";"Epi.Windows.MakeView.Dialogs.CheckCodeCommandDialogs.GoToDialog";"btnHelp.Text";"Help";"Ajuda";"";""
"MakeView";"Epi.Windows.MakeView.Dialogs.CheckCodeCommandDialogs.GoToDialog";"btnOk.Text";"OK";"OK";"";"Revisado"
"MakeView";"Epi.Windows.MakeView.Dialogs.CheckCodeCommandDialogs.GoToDialog";"Button3.Text";"";"Ajuda";"";""
"MakeView";"Epi.Windows.MakeView.Dialogs.CheckCodeCommandDialogs.GoToFormDialog";"$this.Text";"Go To Form";"Ir para o formulário";"LONGO";"Revisado"
"MakeView";"Epi.Windows.MakeView.Dialogs.CheckCodeCommandDialogs.GoToFormDialog";"btnCancel.Text";"Cancel";"Cancelar";"";""
"MakeView";"Epi.Windows.MakeView.Dialogs.CheckCodeCommandDialogs.GoToFormDialog";"btnHelp.Text";"Help";"Ajuda";"";"Revisado"
"MakeView";"Epi.Windows.MakeView.Dialogs.CheckCodeCommandDialogs.GoToFormDialog";"btnOk.Text";"OK";"OK";"";""
"MakeView";"Epi.Windows.MakeView.Dialogs.CheckCodeCommandDialogs.HelpConfigDialog";"$this.Text";"Help";"Ajuda";"";""
"MakeView";"Epi.Windows.MakeView.Dialogs.CheckCodeCommandDialogs.HelpConfigDialog";"btnCancel.Text";"Cancel";"Cancelar";"";""
"MakeView";"Epi.Windows.MakeView.Dialogs.CheckCodeCommandDialogs.HelpConfigDialog";"btnOK.Text";"OK";"OK";"";"Revisado"
"MakeView";"Epi.Windows.MakeView.Dialogs.CheckCodeCommandDialogs.HelpConfigDialog";"Button1.Text";"Browse";"Procurar…";"PONTUACAO";"Revisado"
"MakeView";"Epi.Windows.MakeView.Dialogs.CheckCodeCommandDialogs.HelpConfigDialog";"Button6.Text";"Help";"Ajuda";"";""
"MakeView";"Epi.Windows.MakeView.Dialogs.CheckCodeCommandDialogs.HelpConfigDialog";"Label1.Text";"Filename";"Arquivo";"";"Revisado"
"MakeView";"Epi.Windows.MakeView.Dialogs.CheckCodeCommandDialogs.HelpConfigDialog";"Label2.Text";"Anchor";"Âncora";"";""
"MakeView";"Epi.Windows.MakeView.Dialogs.CheckCodeCommandDialogs.HideDialog";"$this.Text";"Hide";"Ocultar";"";""
"MakeView";"Epi.Windows.MakeView.Dialogs.CheckCodeCommandDialogs.HideDialog";"btnCancel.Text";"Cancel";"Cancelar";"";""
"MakeView";"Epi.Windows.MakeView.Dialogs.CheckCodeCommandDialogs.HideDialog";"btnHelp.Text";"Help";"Ajuda";"";""
"MakeView";"Epi.Windows.MakeView.Dialogs.CheckCodeCommandDialogs.HideDialog";"btnOk.Text";"OK";"OK";"";"Revisado"
"MakeView";"Epi.Windows.MakeView.Dialogs.CheckCodeCommandDialogs.HideDialog";"Button3.Text";"";"Ajuda";"";""
"MakeView";"Epi.Windows.MakeView.Dialogs.CheckCodeCommandDialogs.HighlightDialog";"$this.Text";"Highlight";"Destacar";"";"Revisado"
"MakeView";"Epi.Windows.MakeView.Dialogs.CheckCodeCommandDialogs.HighlightDialog";"btnCancel.Text";"Cancel";"Cancelar";"";""
"MakeView";"Epi.Windows.MakeView.Dialogs.CheckCodeCommandDialogs.HighlightDialog";"btnHelp.Text";"Help";"Ajuda";"";"Revisado"
"MakeView";"Epi.Windows.MakeView.Dialogs.CheckCodeCommandDialogs.HighlightDialog";"btnOk.Text";"OK";"OK";"";"Revisado"
"MakeView";"Epi.Windows.MakeView.Dialogs.CheckCodeCommandDialogs.HighlightDialog";"Button3.Text";"";"Ajuda";"";""
"MakeView";"Epi.Windows.MakeView.Dialogs.CheckCodeCommandDialogs.IfClauseDialog";"$this.Text";"If";"Se";"";""
"MakeView";"Epi.Windows.MakeView.Dialogs.CheckCodeCommandDialogs.IfClauseDialog";"btnAnd.Text";"AND";"AND";"";"Revisado"
"MakeView";"Epi.Windows.MakeView.Dialogs.CheckCodeCommandDialogs.IfClauseDialog";"btnCancel.Text";"Cancel";"Cancelar";"";""
"MakeView";"Epi.Windows.MakeView.Dialogs.CheckCodeCommandDialogs.IfClauseDialog";"btnClear.Text";"Clear";"Limpar";"";""
"MakeView";"Epi.Windows.MakeView.Dialogs.CheckCodeCommandDialogs.IfClauseDialog";"btnFunction.Text";"f(x)";"f(x)";"";""
"MakeView";"Epi.Windows.MakeView.Dialogs.CheckCodeCommandDialogs.IfClauseDialog";"btnFunctionElse.Text";"f(x)";"f(x)";"";""
"MakeView";"Epi.Windows.MakeView.Dialogs.CheckCodeCommandDialogs.IfClauseDialog";"btnFunctionThen.Text";"f(x)";"f(x)";"";""
"MakeView";"Epi.Windows.MakeView.Dialogs.CheckCodeCommandDialogs.IfClauseDialog";"btnHelp.Text";"Help";"Ajuda";"";""
"MakeView";"Epi.Windows.MakeView.Dialogs.CheckCodeCommandDialogs.IfClauseDialog";"btnMissing.Text";"""Missing""";"""Ausente""";"";"Revisado"
"MakeView";"Epi.Windows.MakeView.Dialogs.CheckCodeCommandDialogs.IfClauseDialog";"btnNo.Text";"""No""";"""Não""";"";""
"MakeView";"Epi.Windows.MakeView.Dialogs.CheckCodeCommandDialogs.IfClauseDialog";"btnOk.Text";"OK";"OK";"";"Revisado"
"MakeView";"Epi.Windows.MakeView.Dialogs.CheckCodeCommandDialogs.IfClauseDialog";"btnOr.Text";"OR";"OR";"";"Revisado"
"MakeView";"Epi.Windows.MakeView.Dialogs.CheckCodeCommandDialogs.IfClauseDialog";"btnYes.Text";"""Yes""";"""Sim""";"";""
"MakeView";"Epi.Windows.MakeView.Dialogs.CheckCodeCommandDialogs.IfClauseDialog";"Button21.Text";"";"Funções";"";""
"MakeView";"Epi.Windows.MakeView.Dialogs.CheckCodeCommandDialogs.IfClauseDialog";"Button22.Text";"";"Limpar";"";""
"MakeView";"Epi.Windows.MakeView.Dialogs.CheckCodeCommandDialogs.IfClauseDialog";"Button23.Text";"";"Ajuda";"";""
"MakeView";"Epi.Windows.MakeView.Dialogs.CheckCodeCommandDialogs.IfClauseDialog";"groupBox1.Text";"";"Operadores";"";""
"MakeView";"Epi.Windows.MakeView.Dialogs.CheckCodeCommandDialogs.IfClauseDialog";"Label1.Text";"If Condition:";"Condição SE:";"";""
"MakeView";"Epi.Windows.MakeView.Dialogs.CheckCodeCommandDialogs.IfClauseDialog";"Label2.Text";"Available Variables:";"Variáveis disponíveis:";"";"Revisado"
"MakeView";"Epi.Windows.MakeView.Dialogs.CheckCodeCommandDialogs.IfClauseDialog";"label3.Text";"Then:";"Então:";"";""
"MakeView";"Epi.Windows.MakeView.Dialogs.CheckCodeCommandDialogs.IfClauseDialog";"label4.Text";"Else:";"Senão:";"";""
"MakeView";"Epi.Windows.MakeView.Dialogs.CheckCodeCommandDialogs.IfClauseDialog";"toolStrip3.Text";"";"toolStrip3";"";""
"MakeView";"Epi.Windows.MakeView.Dialogs.CheckCodeCommandDialogs.IfClauseDialog";"toolStrip4.Text";"";"toolStrip4";"";""
"MakeView";"Epi.Windows.MakeView.Dialogs.CheckCodeCommandDialogs.SetNotRequiredDialog";"$this.Text";"Set Not Required";"Definir como não obrigatório";"";"Revisado"
"MakeView";"Epi.Windows.MakeView.Dialogs.CheckCodeCommandDialogs.SetNotRequiredDialog";"btnCancel.Text";"Cancel";"Cancelar";"";"Revisado"
"MakeView";"Epi.Windows.MakeView.Dialogs.CheckCodeCommandDialogs.SetNotRequiredDialog";"btnHelp.Text";"Help";"Ajuda";"";"Revisado"
"MakeView";"Epi.Windows.MakeView.Dialogs.CheckCodeCommandDialogs.SetNotRequiredDialog";"btnOk.Text";"OK";"OK";"";""
"MakeView";"Epi.Windows.MakeView.Dialogs.CheckCodeCommandDialogs.SetRequiredDialog";"$this.Text";"Set Required";"Definir como obrigatório";"LONGO";"Revisado"
"MakeView";"Epi.Windows.MakeView.Dialogs.CheckCodeCommandDialogs.SetRequiredDialog";"btnCancel.Text";"Cancel";"Cancelar";"";""
"MakeView";"Epi.Windows.MakeView.Dialogs.CheckCodeCommandDialogs.SetRequiredDialog";"btnHelp.Text";"Help";"Ajuda";"";"Revisado"
"MakeView";"Epi.Windows.MakeView.Dialogs.CheckCodeCommandDialogs.SetRequiredDialog";"btnOk.Text";"OK";"OK";"";""
"MakeView";"Epi.Windows.MakeView.Dialogs.CheckCodeCommandDialogs.UnhideDialog";"$this.Text";"Unhide";"Reexibir";"";"Revisado"
"MakeView";"Epi.Windows.MakeView.Dialogs.CheckCodeCommandDialogs.UnhideDialog";"btnCancel.Text";"Cancel";"Cancelar";"";""
"MakeView";"Epi.Windows.MakeView.Dialogs.CheckCodeCommandDialogs.UnhideDialog";"btnHelp.Text";"Help";"Ajuda";"";""
"MakeView";"Epi.Windows.MakeView.Dialogs.CheckCodeCommandDialogs.UnhideDialog";"btnOk.Text";"OK";"OK";"";"Revisado"
"MakeView";"Epi.Windows.MakeView.Dialogs.CheckCodeCommandDialogs.UnhideDialog";"Button3.Text";"";"Ajuda";"";""
"MakeView";"Epi.Windows.MakeView.Dialogs.CheckCodeCommandDialogs.UnhighlightDialog";"$this.Text";"Unhighlight";"Remover destaque";"";"Revisado"
"MakeView";"Epi.Windows.MakeView.Dialogs.CheckCodeCommandDialogs.UnhighlightDialog";"btnCancel.Text";"Cancel";"Cancelar";"";""
"MakeView";"Epi.Windows.MakeView.Dialogs.CheckCodeCommandDialogs.UnhighlightDialog";"btnHelp.Text";"Help";"Ajuda";"";"Revisado"
"MakeView";"Epi.Windows.MakeView.Dialogs.CheckCodeCommandDialogs.UnhighlightDialog";"btnOk.Text";"OK";"OK";"";"Revisado"
"MakeView";"Epi.Windows.MakeView.Dialogs.CheckCodeCommandDialogs.UnhighlightDialog";"Button3.Text";"";"Ajuda";"";""
"MakeView";"Epi.Windows.MakeView.Dialogs.CheckCodeCommandDialogs.VariableAssignmentDialog";"$this.Text";"Assign";"Atribuir";"";""
"MakeView";"Epi.Windows.MakeView.Dialogs.CheckCodeCommandDialogs.VariableAssignmentDialog";"btnAnd.Text";"AND";"AND";"";"Revisado"
"MakeView";"Epi.Windows.MakeView.Dialogs.CheckCodeCommandDialogs.VariableAssignmentDialog";"btnCancel.Text";"Cancel";"Cancelar";"";""
"MakeView";"Epi.Windows.MakeView.Dialogs.CheckCodeCommandDialogs.VariableAssignmentDialog";"btnClear.Text";"Clear";"Limpar";"";""
"MakeView";"Epi.Windows.MakeView.Dialogs.CheckCodeCommandDialogs.VariableAssignmentDialog";"btnFunctions.Text";"Functions";"Funções";"";""
"MakeView";"Epi.Windows.MakeView.Dialogs.CheckCodeCommandDialogs.VariableAssignmentDialog";"btnFx.Text";"f(x)";"f(x)";"";""
"MakeView";"Epi.Windows.MakeView.Dialogs.CheckCodeCommandDialogs.VariableAssignmentDialog";"btnHelp.Text";"Help";"Ajuda";"";""
"MakeView";"Epi.Windows.MakeView.Dialogs.CheckCodeCommandDialogs.VariableAssignmentDialog";"btnMissing.Text";"""Missing""";"""Ausente""";"";"Revisado"
"MakeView";"Epi.Windows.MakeView.Dialogs.CheckCodeCommandDialogs.VariableAssignmentDialog";"btnNo.Text";"""No""";"""Não""";"";""
"MakeView";"Epi.Windows.MakeView.Dialogs.CheckCodeCommandDialogs.VariableAssignmentDialog";"btnOk.Text";"OK";"OK";"";"Revisado"
"MakeView";"Epi.Windows.MakeView.Dialogs.CheckCodeCommandDialogs.VariableAssignmentDialog";"btnOr.Text";"OR";"OR";"";"Revisado"
"MakeView";"Epi.Windows.MakeView.Dialogs.CheckCodeCommandDialogs.VariableAssignmentDialog";"btnYes.Text";"""Yes""";"""Sim""";"";""
"MakeView";"Epi.Windows.MakeView.Dialogs.CheckCodeCommandDialogs.VariableAssignmentDialog";"Button19.Text";"";"Funções";"";""
"MakeView";"Epi.Windows.MakeView.Dialogs.CheckCodeCommandDialogs.VariableAssignmentDialog";"Button20.Text";"";"Limpar";"";""
"MakeView";"Epi.Windows.MakeView.Dialogs.CheckCodeCommandDialogs.VariableAssignmentDialog";"Button21.Text";"";"Ajuda";"";""
"MakeView";"Epi.Windows.MakeView.Dialogs.CheckCodeCommandDialogs.VariableAssignmentDialog";"groupBox1.Text";"";"Operadores";"";""
"MakeView";"Epi.Windows.MakeView.Dialogs.CheckCodeCommandDialogs.VariableAssignmentDialog";"Label1.Text";"";"Atribuir variável";"";"Revisado"
"MakeView";"Epi.Windows.MakeView.Dialogs.CheckCodeCommandDialogs.VariableAssignmentDialog";"Label2.Text";"";"= Expressão";"";"Revisado"
"MakeView";"Epi.Windows.MakeView.Dialogs.CheckCodeCommandDialogs.VariableAssignmentDialog";"Label3.Text";"";"Variáveis disponíveis";"";"Revisado"
"MakeView";"Epi.Windows.MakeView.Dialogs.CheckCodeCommandDialogs.VariableAssignmentDialog";"lblAssignTo.Text";"Assign Variable";"Atribuir variável";"";"Revisado"
"MakeView";"Epi.Windows.MakeView.Dialogs.CheckCodeCommandDialogs.VariableAssignmentDialog";"lblAvailableVariables.Text";"Available Variables";"Variáveis disponíveis";"";"Revisado"
"MakeView";"Epi.Windows.MakeView.Dialogs.CheckCodeCommandDialogs.VariableAssignmentDialog";"lblEqualsExpression.Text";"= Expression";"= Expressão";"";"Revisado"
"MakeView";"Epi.Windows.MakeView.Dialogs.CheckCodeCommandDialogs.VariableAssignmentDialog";"toolStrip3.Text";"";"toolStrip3";"";""
"MakeView";"Epi.Windows.MakeView.Dialogs.CheckCodeCommandDialogs.VariableAssignmentDialog";"toolStrip4.Text";"";"toolStrip4";"";""
"MakeView";"Epi.Windows.MakeView.Dialogs.CheckCodeCommandDialogs.VariableDefinitionDialog";"$this.Text";"Define";"Definir";"";""
"MakeView";"Epi.Windows.MakeView.Dialogs.CheckCodeCommandDialogs.VariableDefinitionDialog";"btnCancel.Text";"Cancel";"Cancelar";"";""
"MakeView";"Epi.Windows.MakeView.Dialogs.CheckCodeCommandDialogs.VariableDefinitionDialog";"btnClear.Text";"C&lear";"L&impar";"";"Revisado"
"MakeView";"Epi.Windows.MakeView.Dialogs.CheckCodeCommandDialogs.VariableDefinitionDialog";"btnHelp.Text";"&Help";"&Ajuda";"";"Revisado"
"MakeView";"Epi.Windows.MakeView.Dialogs.CheckCodeCommandDialogs.VariableDefinitionDialog";"btnOK.Text";"OK";"OK";"";"Revisado"
"MakeView";"Epi.Windows.MakeView.Dialogs.CheckCodeCommandDialogs.VariableDefinitionDialog";"gbxScope.Text";"Scope";"Escopo";"";"Revisado"
"MakeView";"Epi.Windows.MakeView.Dialogs.CheckCodeCommandDialogs.VariableDefinitionDialog";"groupBox1.Text";"Optional Settings";"Configurações opcionais";"";"Revisado"
"MakeView";"Epi.Windows.MakeView.Dialogs.CheckCodeCommandDialogs.VariableDefinitionDialog";"lblVarName.Text";"&Variable Name";"&Nome da variável";"";"Revisado"
"MakeView";"Epi.Windows.MakeView.Dialogs.CheckCodeCommandDialogs.VariableDefinitionDialog";"lblVarType.Text";"Variable &Type";"&Tipo de variável";"";"Revisado"
"MakeView";"Epi.Windows.MakeView.Dialogs.CheckCodeCommandDialogs.VariableDefinitionDialog";"rbGlobal.Text";"&Global";"&Global";"";"Revisado"
"MakeView";"Epi.Windows.MakeView.Dialogs.CheckCodeCommandDialogs.VariableDefinitionDialog";"rbPermanent.Text";"&Permanent";"&Permanente";"";"Revisado"
"MakeView";"Epi.Windows.MakeView.Dialogs.CheckCodeCommandDialogs.VariableDefinitionDialog";"rbStandard.Text";"S&tandard";"Pa&drão";"";"Revisado"
"MakeView";"Epi.Windows.MakeView.Dialogs.CodesDialog";"$this.Text";"Codes";"Códigos";"";""
"MakeView";"Epi.Windows.MakeView.Dialogs.CodesDialog";"btnCancel.Text";"";"Cancelar";"";""
"MakeView";"Epi.Windows.MakeView.Dialogs.CodesDialog";"btnCreate.Text";"";"&Criar nova";"";"Revisado"
"MakeView";"Epi.Windows.MakeView.Dialogs.CodesDialog";"btnDelete.Text";"";"Excluir";"";"Revisado"
"MakeView";"Epi.Windows.MakeView.Dialogs.CodesDialog";"btnMatchFields.Text";"Link";"Vincular";"";"Revisado"
"MakeView";"Epi.Windows.MakeView.Dialogs.CodesDialog";"btnOK.Text";"";"OK";"";"Revisado"
"MakeView";"Epi.Windows.MakeView.Dialogs.CodesDialog";"btnUseExisting.Text";"";"Usar existente";"";"Revisado"
"MakeView";"Epi.Windows.MakeView.Dialogs.CodesDialog";"cbxSort.Text";"";"Não ordenar";"";""
"MakeView";"Epi.Windows.MakeView.Dialogs.CodesDialog";"groupBox1.Text";"";"Fonte de dados";"";"Revisado"
"MakeView";"Epi.Windows.MakeView.Dialogs.CodesDialog";"groupBoxLinkFields.Text";"Link fields to table columns.";"Vincular campos às colunas da tabela.";"";"Revisado"
"MakeView";"Epi.Windows.MakeView.Dialogs.CodesDialog";"lblCodes.Text";"Codes for field: ";"Códigos do campo: ";"";"Revisado"
"MakeView";"Epi.Windows.MakeView.Dialogs.CodesDialog";"lblFields.Text";"Select field(s) to be linked to the above field.";"Selecione o(s) campo(s) a vincular ao campo acima.";"";"Revisado"
"MakeView";"Epi.Windows.MakeView.Dialogs.CodesDialog";"lblTable.Text";"Codes Table";"Tabela de códigos";"";"Revisado"
"MakeView";"Epi.Windows.MakeView.Dialogs.CodesDialog";"lblVariable.Text";"var";"var";"";"Revisado"
"MakeView";"Epi.Windows.MakeView.Dialogs.CodesUsingExistingTableDialog";"$this.Text";"";"Corresponder campos";"";"Revisado"
"MakeView";"Epi.Windows.MakeView.Dialogs.CodesUsingExistingTableDialog";"btnCancel.Text";"";"Cancelar";"";""
"MakeView";"Epi.Windows.MakeView.Dialogs.CodesUsingExistingTableDialog";"btnLink.Text";"";"Vincular";"";""
"MakeView";"Epi.Windows.MakeView.Dialogs.CodesUsingExistingTableDialog";"btnOK.Text";"";"OK";"";"Revisado"
"MakeView";"Epi.Windows.MakeView.Dialogs.CodesUsingExistingTableDialog";"btnPreviewTable.Text";"";"Exibir tabela";"";"Revisado"
"MakeView";"Epi.Windows.MakeView.Dialogs.CodesUsingExistingTableDialog";"btnUnlink.Text";"";"Desvincular";"";"Revisado"
"MakeView";"Epi.Windows.MakeView.Dialogs.CodesUsingExistingTableDialog";"grpLinkedFields.Text";"";"Vincular campos associados";"";"Revisado"
"MakeView";"Epi.Windows.MakeView.Dialogs.CodesUsingExistingTableDialog";"lblAssociatedFields.Text";"";"Campos vinculados";"";"Revisado"
"MakeView";"Epi.Windows.MakeView.Dialogs.CodesUsingExistingTableDialog";"lblCodeTablefields.Text";"";"Selecione os campos da tabela de códigos que correspondem aos campos selecionados no formulário.";"";"Revisado"
"MakeView";"Epi.Windows.MakeView.Dialogs.CodesUsingExistingTableDialog";"lblIntroduction.Text";"";"Os campos de texto a seguir foram criados no seu formulário. Selecione os campos de texto da tabela que você deseja vincular a cada campo do formulário.";"";"Revisado"
"MakeView";"Epi.Windows.MakeView.Dialogs.CodesUsingExistingTableDialog";"lblRequired.Text";"";"Campo de lista suspensa obrigatório";"";"Revisado"
"MakeView";"Epi.Windows.MakeView.Dialogs.CodesUsingExistingTableDialog";"lblTableFieldsHeadline.Text";"";"Campos da tabela";"";"Revisado"
"MakeView";"Epi.Windows.MakeView.Dialogs.CodesUsingExistingTableDialog";"lblViewFields.Text";"";"Selecione os campos do formulário que receberão os valores da tabela de códigos";"";"Revisado"
"MakeView";"Epi.Windows.MakeView.Dialogs.CodesUsingExistingTableDialog";"lblViewFieldsHeadline.Text";"";"Campos do formulário";"";"Revisado"
"MakeView";"Epi.Windows.MakeView.Dialogs.CopyViewDialog";"$this.Text";"Copy View";"Copiar formulário";"LONGO";"Revisado"
"MakeView";"Epi.Windows.MakeView.Dialogs.CopyViewDialog";"btnCancel.Text";"Cancel";"Cancelar";"";""
"MakeView";"Epi.Windows.MakeView.Dialogs.CopyViewDialog";"btnOK.Text";"OK";"OK";"";"Revisado"
"MakeView";"Epi.Windows.MakeView.Dialogs.CopyViewDialog";"CheckBox1.Text";"Copy code tables or links in same MDB";"Copiar tabelas de códigos ou vínculos no mesmo MDB";"";"Revisado"
"MakeView";"Epi.Windows.MakeView.Dialogs.CopyViewDialog";"RadioButton1.Text";"Make another view of current data table (do not make another data table)";"Criar outro formulário a partir da tabela de dados atual (sem criar outra tabela de dados)";"";"Revisado"
"MakeView";"Epi.Windows.MakeView.Dialogs.CopyViewDialog";"RadioButton2.Text";"Copy both view and data table";"Copiar o formulário e a tabela de dados";"";"Revisado"
"MakeView";"Epi.Windows.MakeView.Dialogs.CopyViewDialog";"RadioButton3.Text";"Make new view only. A new empty data table will be made automatically during first data entry";"Criar somente o novo formulário. Uma nova tabela de dados vazia será criada automaticamente na primeira inserção de dados";"";"Revisado"
"MakeView";"Epi.Windows.MakeView.Dialogs.CreateEditDialog";"$this.Text";"Making or Editing a View";"Criar ou editar um formulário";"";"Revisado"
"MakeView";"Epi.Windows.MakeView.Dialogs.CreateEditDialog";"btnCancel.Text";"Cancel";"Cancelar";"";""
"MakeView";"Epi.Windows.MakeView.Dialogs.CreateEditDialog";"Button1.Text";"Make New View";"Criar novo formulário";"";"Revisado"
"MakeView";"Epi.Windows.MakeView.Dialogs.CreateEditDialog";"Button2.Text";"Make View From Existing Data Table";"Criar formulário a partir de uma tabela de dados existente";"";"Revisado"
"MakeView";"Epi.Windows.MakeView.Dialogs.CreateNewTableDialog";"$this.Text";"";"Criar nova tabela";"";"Revisado"
"MakeView";"Epi.Windows.MakeView.Dialogs.CreateNewTableDialog";"btnCancel.Text";"";"Cancelar";"";""
"MakeView";"Epi.Windows.MakeView.Dialogs.CreateNewTableDialog";"btnDelete.Text";"";"Excluir";"";"Revisado"
"MakeView";"Epi.Windows.MakeView.Dialogs.CreateNewTableDialog";"btnOK.Text";"";"OK";"";"Revisado"
"MakeView";"Epi.Windows.MakeView.Dialogs.CreateNewTableDialog";"groupBox1.Text";"";"Fonte de dados";"";"Revisado"
"MakeView";"Epi.Windows.MakeView.Dialogs.CreateViewDialog";"$this.Text";"Create a New Form";"Criar um novo formulário";"";"Revisado"
"MakeView";"Epi.Windows.MakeView.Dialogs.CreateViewDialog";"btnBack.Text";"< &Back";"< &Voltar";"";"Revisado"
"MakeView";"Epi.Windows.MakeView.Dialogs.CreateViewDialog";"btnCancel.Text";"Cancel";"Cancelar";"";""
"MakeView";"Epi.Windows.MakeView.Dialogs.CreateViewDialog";"btnOK.Text";"OK";"OK";"";"Revisado"
"MakeView";"Epi.Windows.MakeView.Dialogs.CreateViewDialog";"lblViewName.Text";"Form Name:";"Nome do formulário:";"LONGO";"Revisado"
"MakeView";"Epi.Windows.MakeView.Dialogs.DefineVariableDialog";"$this.Text";"Define Variable";"Definir variável";"";"Revisado"
"MakeView";"Epi.Windows.MakeView.Dialogs.DefineVariableDialog";"btnCancel.Text";"Cancel";"Cancelar";"";""
"MakeView";"Epi.Windows.MakeView.Dialogs.DefineVariableDialog";"btnClear.Text";"C&lear";"L&impar";"";"Revisado"
"MakeView";"Epi.Windows.MakeView.Dialogs.DefineVariableDialog";"btnHelp.Text";"&Help";"&Ajuda";"";"Revisado"
"MakeView";"Epi.Windows.MakeView.Dialogs.DefineVariableDialog";"btnOK.Text";"OK";"OK";"";"Revisado"
"MakeView";"Epi.Windows.MakeView.Dialogs.DefineVariableDialog";"btnSaveOnly.Text";"&Save Only";"&Somente salvar";"";"Revisado"
"MakeView";"Epi.Windows.MakeView.Dialogs.DefineVariableDialog";"gbxScope.Text";"Scope";"Escopo";"";"Revisado"
"MakeView";"Epi.Windows.MakeView.Dialogs.DefineVariableDialog";"groupBox1.Text";"Optional Settings";"Configurações opcionais";"";"Revisado"
"MakeView";"Epi.Windows.MakeView.Dialogs.DefineVariableDialog";"lblDLLObjectDef.Text";"DLL Object Definition";"Definição do objeto DLL";"";"Revisado"
"MakeView";"Epi.Windows.MakeView.Dialogs.DefineVariableDialog";"lblVarName.Text";"&Variable Name";"&Nome da variável";"";"Revisado"
"MakeView";"Epi.Windows.MakeView.Dialogs.DefineVariableDialog";"lblVarNameErr.Text";"Variable name error messages...";"Mensagens de erro do nome da variável...";"";"Revisado"
"MakeView";"Epi.Windows.MakeView.Dialogs.DefineVariableDialog";"lblVarType.Text";"Variable &Type";"&Tipo de variável";"";"Revisado"
"MakeView";"Epi.Windows.MakeView.Dialogs.DefineVariableDialog";"rdbGlobal.Text";"&Global";"&Global";"";"Revisado"
"MakeView";"Epi.Windows.MakeView.Dialogs.DefineVariableDialog";"rdbPermanent.Text";"&Permanent";"&Permanente";"";"Revisado"
"MakeView";"Epi.Windows.MakeView.Dialogs.DefineVariableDialog";"rdbStandard.Text";"S&tandard";"Pa&drão";"";"Revisado"
"MakeView";"Epi.Windows.MakeView.Dialogs.DialogDialog";"$this.Text";"Dialog";"Diálogo";"";""
"MakeView";"Epi.Windows.MakeView.Dialogs.DialogDialog";"btnCancel.Text";"Cancel";"Cancelar";"";""
"MakeView";"Epi.Windows.MakeView.Dialogs.DialogDialog";"btnClear.Text";"C&lear";"L&impar";"";"Revisado"
"MakeView";"Epi.Windows.MakeView.Dialogs.DialogDialog";"btnHelp.Text";"&Help";"&Ajuda";"";"Revisado"
"MakeView";"Epi.Windows.MakeView.Dialogs.DialogDialog";"btnOK.Text";"OK";"OK";"";"Revisado"
"MakeView";"Epi.Windows.MakeView.Dialogs.DialogDialog";"btnSaveOnly.Text";"&Save Only";"&Somente salvar";"";"Revisado"
"MakeView";"Epi.Windows.MakeView.Dialogs.DialogDialog";"gbxDialogType.Text";"Dialog T&ype";"Tipo de &diálogo";"";"Revisado"
"MakeView";"Epi.Windows.MakeView.Dialogs.DialogDialog";"lblDialogType.Text";"&Dialog Type";"&Tipo de diálogo";"";"Revisado"
"MakeView";"Epi.Windows.MakeView.Dialogs.DialogDialog";"lblInputMask.Text";"Input &Mask";"&Máscara de entrada";"";"Revisado"
"MakeView";"Epi.Windows.MakeView.Dialogs.DialogDialog";"lblInputVar.Text";"&Input Variable";"Variável de &entrada";"";"Revisado"
"MakeView";"Epi.Windows.MakeView.Dialogs.DialogDialog";"lblLength.Text";"&Length";"&Comprimento";"";"Revisado"
"MakeView";"Epi.Windows.MakeView.Dialogs.DialogDialog";"lblPrompt.Text";"&Prompt";"Me&nsagem";"";"Revisado"
"MakeView";"Epi.Windows.MakeView.Dialogs.DialogDialog";"lblShowTable.Text";"Show Ta&ble";"Mostrar ta&bela";"";"Revisado"
"MakeView";"Epi.Windows.MakeView.Dialogs.DialogDialog";"lblShowVar.Text";"Sho&w Variable";"Mostrar &variável";"";"Revisado"
"MakeView";"Epi.Windows.MakeView.Dialogs.DialogDialog";"lblTitle.Text";"&Title";"Tít&ulo";"";"Revisado"
"MakeView";"Epi.Windows.MakeView.Dialogs.DialogDialog";"lblVarType.Text";"Variable &Type";"Tipo de va&riável";"";"Revisado"
"MakeView";"Epi.Windows.MakeView.Dialogs.DialogDialog";"rdbGetVar.Text";"&Get Variable";"&Obter variável";"";"Revisado"
"MakeView";"Epi.Windows.MakeView.Dialogs.DialogDialog";"rdbListofValues.Text";"List of &Values";"&Lista de valores";"";"Revisado"
"MakeView";"Epi.Windows.MakeView.Dialogs.DialogDialog";"rdbSimple.Text";"Si&mple";"Sim&ples";"";"Revisado"
"MakeView";"Epi.Windows.MakeView.Dialogs.DialogListDialog";"$this.Text";"Multi-Choice Items";"Itens de múltipla escolha";"";"Revisado"
"MakeView";"Epi.Windows.MakeView.Dialogs.DialogListDialog";"btnCancel.Text";"Cancel";"Cancelar";"";""
"MakeView";"Epi.Windows.MakeView.Dialogs.DialogListDialog";"btnClear.Text";"C&lear";"L&impar";"";"Revisado"
"MakeView";"Epi.Windows.MakeView.Dialogs.DialogListDialog";"btnDelete.Text";"Delete";"Excluir";"";"Revisado"
"MakeView";"Epi.Windows.MakeView.Dialogs.DialogListDialog";"btnHelp.Text";"&Help";"&Ajuda";"";"Revisado"
"MakeView";"Epi.Windows.MakeView.Dialogs.DialogListDialog";"btnInsert.Text";"Insert";"Inserir";"";"Revisado"
"MakeView";"Epi.Windows.MakeView.Dialogs.DialogListDialog";"btnOK.Text";"OK";"OK";"";""
"MakeView";"Epi.Windows.MakeView.Dialogs.DialogListDialog";"gbxSelections.Text";"Selections";"Seleções";"";"Revisado"
"MakeView";"Epi.Windows.MakeView.Dialogs.FieldDefinitionDialogs.CheckBoxFieldDefinition";"$this.Text";"Check Box";"Caixa de seleção";"";"Revisado"
"MakeView";"Epi.Windows.MakeView.Dialogs.FieldDefinitionDialogs.CheckBoxFieldDefinition";"checkBoxPlaceBoxOnRight.Text";"Place Box on Right";"Colocar a caixa à direita";"";"Revisado"
"MakeView";"Epi.Windows.MakeView.Dialogs.FieldDefinitionDialogs.CodesFieldDefinition";"$this.Text";"Codes";"Códigos";"";""
"MakeView";"Epi.Windows.MakeView.Dialogs.FieldDefinitionDialogs.CodesFieldDefinition";"lblSelectFields.Text";"Select field(s) to be linked to ";"Selecione o(s) campo(s) a vincular a ";"";"Revisado"
"MakeView";"Epi.Windows.MakeView.Dialogs.FieldDefinitionDialogs.CodeTableDefinition";"$this.Text";"Create Code Table";"Criar tabela de códigos";"";"Revisado"
"MakeView";"Epi.Windows.MakeView.Dialogs.FieldDefinitionDialogs.CodeTableDefinition";"btnCancel.Text";"Cancel";"Cancelar";"";""
"MakeView";"Epi.Windows.MakeView.Dialogs.FieldDefinitionDialogs.CodeTableDefinition";"btnOk.Text";"OK";"OK";"";"Revisado"
"MakeView";"Epi.Windows.MakeView.Dialogs.FieldDefinitionDialogs.CodeTableDefinition";"label1.Text";"Code Table Name:";"Nome da tabela de códigos:";"";"Revisado"
"MakeView";"Epi.Windows.MakeView.Dialogs.FieldDefinitionDialogs.CommandButtonFieldDefinition";"$this.Text";"Command Button";"Botão de comando";"";"Revisado"
"MakeView";"Epi.Windows.MakeView.Dialogs.FieldDefinitionDialogs.CommandButtonFieldDefinition";"btnButtonFont.Text";"Font";"Fonte";"";""
"MakeView";"Epi.Windows.MakeView.Dialogs.FieldDefinitionDialogs.CommentLegalFieldDefinition";"$this.Text";"Comment Legal";"Código-descrição";"";""
"MakeView";"Epi.Windows.MakeView.Dialogs.FieldDefinitionDialogs.ContiguousFieldDefinition";"cbxRange.Text";"Range";"Intervalo";"";""
"MakeView";"Epi.Windows.MakeView.Dialogs.FieldDefinitionDialogs.ContiguousFieldDefinition";"lblLower.Text";"Lower:";"Inferior:";"";""
"MakeView";"Epi.Windows.MakeView.Dialogs.FieldDefinitionDialogs.ContiguousFieldDefinition";"lblUpper.Text";"Upper:";"Superior:";"";""
"MakeView";"Epi.Windows.MakeView.Dialogs.FieldDefinitionDialogs.DataSourceSelector";"$this.Text";"Set Up Code/Legal Links";"Configurar vínculos de códigos/valores legais";"LONGO";"Revisado"
"MakeView";"Epi.Windows.MakeView.Dialogs.FieldDefinitionDialogs.DataSourceSelector";"btnCancel.Text";"Cancel";"Cancelar";"";""
"MakeView";"Epi.Windows.MakeView.Dialogs.FieldDefinitionDialogs.DataSourceSelector";"btnCreate.Text";"Create New";"Criar nova";"";"Revisado"
"MakeView";"Epi.Windows.MakeView.Dialogs.FieldDefinitionDialogs.DataSourceSelector";"btnDelete.Text";"Delete";"Excluir";"";"Revisado"
"MakeView";"Epi.Windows.MakeView.Dialogs.FieldDefinitionDialogs.DataSourceSelector";"btnExisting.Text";"Use Existing";"Usar existente";"";"Revisado"
"MakeView";"Epi.Windows.MakeView.Dialogs.FieldDefinitionDialogs.DataSourceSelector";"btnOk.Text";"OK";"OK";"";"Revisado"
"MakeView";"Epi.Windows.MakeView.Dialogs.FieldDefinitionDialogs.DataSourceSelector";"chkSort.Text";"Do not sort";"Não ordenar";"";""
"MakeView";"Epi.Windows.MakeView.Dialogs.FieldDefinitionDialogs.DataSourceSelector";"groupBox1.Text";"Data Source";"Fonte de dados";"";"Revisado"
"MakeView";"Epi.Windows.MakeView.Dialogs.FieldDefinitionDialogs.DateFieldDefinition";"$this.Text";"Date";"Data";"";""
"MakeView";"Epi.Windows.MakeView.Dialogs.FieldDefinitionDialogs.DateFieldDefinition";"chkNotfutureDate.Text";"Not Future Date";"Não permitir data futura";"";"Revisado"
"MakeView";"Epi.Windows.MakeView.Dialogs.FieldDefinitionDialogs.DateFieldDefinition";"labelLowerRange.Text";"Lower:";"Inferior:";"";""
"MakeView";"Epi.Windows.MakeView.Dialogs.FieldDefinitionDialogs.DateFieldDefinition";"labelUpperRange.Text";"Upper:";"Superior:";"";""
"MakeView";"Epi.Windows.MakeView.Dialogs.FieldDefinitionDialogs.DateFieldDefinition";"UseRange.Text";"Range";"Intervalo";"";""
"MakeView";"Epi.Windows.MakeView.Dialogs.FieldDefinitionDialogs.DateTimeFieldDefinition";"$this.Text";"Date / Time";"Data/Hora";"";""
"MakeView";"Epi.Windows.MakeView.Dialogs.FieldDefinitionDialogs.FieldDefinition";"$this.Text";"FieldDefinition";"Definição de campo";"";"Revisado"
"MakeView";"Epi.Windows.MakeView.Dialogs.FieldDefinitionDialogs.FieldDefinition";"btnCancel.Text";"Cancel";"Cancelar";"";""
"MakeView";"Epi.Windows.MakeView.Dialogs.FieldDefinitionDialogs.FieldDefinition";"btnFieldFont.Text";"Field Font";"Fonte do campo";"";"Revisado"
"MakeView";"Epi.Windows.MakeView.Dialogs.FieldDefinitionDialogs.FieldDefinition";"btnOk.Text";"OK";"OK";"";"Revisado"
"MakeView";"Epi.Windows.MakeView.Dialogs.FieldDefinitionDialogs.FieldDefinition";"btnPromptFont.Text";"Prompt Font";"Fonte do rótulo";"";"Revisado"
"MakeView";"Epi.Windows.MakeView.Dialogs.FieldDefinitionDialogs.FieldDefinition";"groupBox1.Text";"Attributes";"Atributos";"";""
"MakeView";"Epi.Windows.MakeView.Dialogs.FieldDefinitionDialogs.GenericFieldDefinition";"$this.Text";"GenericFieldDefinition";"Definição de campo genérico";"";"Revisado"
"MakeView";"Epi.Windows.MakeView.Dialogs.FieldDefinitionDialogs.GenericFieldDefinition";"label1.Text";"Field Name:";"Nome do campo:";"";"Revisado"
"MakeView";"Epi.Windows.MakeView.Dialogs.FieldDefinitionDialogs.GenericFieldDefinition";"lblPrompt.Text";"&Question or Prompt:";"&Pergunta ou rótulo:";"";"Revisado"
"MakeView";"Epi.Windows.MakeView.Dialogs.FieldDefinitionDialogs.GridFieldDefinition";"$this.Text";"Grid";"Grade";"";""
"MakeView";"Epi.Windows.MakeView.Dialogs.FieldDefinitionDialogs.GridFieldDefinition";"btnAdd.Text";"&Add";"&Adicionar";"";"Revisado"
"MakeView";"Epi.Windows.MakeView.Dialogs.FieldDefinitionDialogs.GridFieldDefinition";"groupBox2.Text";"Column Definitions";"Definições de coluna";"PT_PT";"Revisado"
"MakeView";"Epi.Windows.MakeView.Dialogs.FieldDefinitionDialogs.GroupDefinition";"btnCancel.Text";"Cancel";"Cancelar";"";""
"MakeView";"Epi.Windows.MakeView.Dialogs.FieldDefinitionDialogs.GroupDefinition";"btnColor.Text";"Custom";"Personalizar";"";""
"MakeView";"Epi.Windows.MakeView.Dialogs.FieldDefinitionDialogs.GroupDefinition";"btnOk.Text";"OK";"OK";"";"Revisado"
"MakeView";"Epi.Windows.MakeView.Dialogs.FieldDefinitionDialogs.GroupDefinition";"label1.Text";"Group Title:";"Título do grupo:";"";"Revisado"
"MakeView";"Epi.Windows.MakeView.Dialogs.FieldDefinitionDialogs.GroupDefinition";"labelChooseColor.Text";"Choose Color:";"Escolher cor:";"";"Revisado"
"MakeView";"Epi.Windows.MakeView.Dialogs.FieldDefinitionDialogs.GroupDefinition";"labelSelectedColor.Text";"Selected Color:";"Cor selecionada:";"";"Revisado"
"MakeView";"Epi.Windows.MakeView.Dialogs.FieldDefinitionDialogs.GroupFieldDefinition";"$this.Text";"Group Properties";"Propriedades do grupo";"";"Revisado"
"MakeView";"Epi.Windows.MakeView.Dialogs.FieldDefinitionDialogs.GroupFieldDefinition";"btnColor.Text";"Color";"Cor";"";""
"MakeView";"Epi.Windows.MakeView.Dialogs.FieldDefinitionDialogs.GroupFieldDefinition";"btnLabelFont.Text";"";"Fonte";"";""
"MakeView";"Epi.Windows.MakeView.Dialogs.FieldDefinitionDialogs.GUIDFieldDefinition";"$this.Text";"Unique Identifier";"Identificador único";"";"Revisado"
"MakeView";"Epi.Windows.MakeView.Dialogs.FieldDefinitionDialogs.ImageFieldDefinition";"$this.Text";"Image";"Imagem";"";""
"MakeView";"Epi.Windows.MakeView.Dialogs.FieldDefinitionDialogs.ImageFieldDefinition";"btnFont.Text";"Font";"Fonte";"";""
"MakeView";"Epi.Windows.MakeView.Dialogs.FieldDefinitionDialogs.ImageFieldDefinition";"chkRetainSize.Text";"Retain Image Size";"Manter o tamanho da imagem";"";"Revisado"
"MakeView";"Epi.Windows.MakeView.Dialogs.FieldDefinitionDialogs.LabelFieldDefinition";"$this.Text";"Label/Title";"Rótulo/Título";"";"Revisado"
"MakeView";"Epi.Windows.MakeView.Dialogs.FieldDefinitionDialogs.LabelFieldDefinition";"btnLabelFont.Text";"Font";"Fonte";"";""
"MakeView";"Epi.Windows.MakeView.Dialogs.FieldDefinitionDialogs.LegalValuesFieldDefinition";"$this.Text";"Legal Values";"Valores legais";"";"Revisado"
"MakeView";"Epi.Windows.MakeView.Dialogs.FieldDefinitionDialogs.LegalValuesFieldDefinition";"lblDataSource.Text";"Data Source:";"Fonte de dados:";"";"Revisado"
"MakeView";"Epi.Windows.MakeView.Dialogs.FieldDefinitionDialogs.ListFieldDefinition";"$this.Text";"ListField";"Campo de lista";"";"Revisado"
"MakeView";"Epi.Windows.MakeView.Dialogs.FieldDefinitionDialogs.ListFieldDefinition";"label2.Text";"DisplayItem";"DisplayItem";"";"Revisado"
"MakeView";"Epi.Windows.MakeView.Dialogs.FieldDefinitionDialogs.ListFieldDefinition";"label3.Text";"ValueListItem";"ValueListItem";"";""
"MakeView";"Epi.Windows.MakeView.Dialogs.FieldDefinitionDialogs.ListFieldDefinition";"label4.Text";"Filter:";"Filtro:";"";""
"MakeView";"Epi.Windows.MakeView.Dialogs.FieldDefinitionDialogs.ListFieldDefinition";"lblSelectFields.Text";"Select field to be linked to ";"Selecione o campo a vincular a ";"";"Revisado"
"MakeView";"Epi.Windows.MakeView.Dialogs.FieldDefinitionDialogs.MirrorFieldDefinition";"$this.Text";"Mirror";"Espelho";"";""
"MakeView";"Epi.Windows.MakeView.Dialogs.FieldDefinitionDialogs.MirrorFieldDefinition";"label2.Text";"Assigned Variable:";"Variável atribuída:";"";"Revisado"
"MakeView";"Epi.Windows.MakeView.Dialogs.FieldDefinitionDialogs.MultilineTextFieldDefinition";"$this.Text";"Multiline";"Multilinha";"";""
"MakeView";"Epi.Windows.MakeView.Dialogs.FieldDefinitionDialogs.NumberFieldDefinition";"$this.Text";"Number";"Número";"";""
"MakeView";"Epi.Windows.MakeView.Dialogs.FieldDefinitionDialogs.OptionFieldDefinition";"$this.Text";"Option";"Opção";"";"Revisado"
"MakeView";"Epi.Windows.MakeView.Dialogs.FieldDefinitionDialogs.OptionFieldDefinition";"groupBoxLeftRight.Text";"Start listing the options on the left or right.";"Começar a listar as opções pela esquerda ou pela direita.";"";"Revisado"
"MakeView";"Epi.Windows.MakeView.Dialogs.FieldDefinitionDialogs.OptionFieldDefinition";"groupBoxVerticalHorizontal.Text";"List the options vertically or horizontally.";"Listar as opções na vertical ou na horizontal.";"";"Revisado"
"MakeView";"Epi.Windows.MakeView.Dialogs.FieldDefinitionDialogs.OptionFieldDefinition";"label2.Text";"Number of Choices:";"Número de opções:";"";"Revisado"
"MakeView";"Epi.Windows.MakeView.Dialogs.FieldDefinitionDialogs.OptionFieldDefinition";"label3.Text";"Show label on the:";"Mostrar o rótulo à:";"";"Revisado"
"MakeView";"Epi.Windows.MakeView.Dialogs.FieldDefinitionDialogs.OptionFieldDefinition";"optionGroupBox.Text";"Option Definition";"Definição da opção";"";"Revisado"
"MakeView";"Epi.Windows.MakeView.Dialogs.FieldDefinitionDialogs.OptionFieldDefinition";"radioButtonHorizontal.Text";"Horizontal";"Horizontal";"";""
"MakeView";"Epi.Windows.MakeView.Dialogs.FieldDefinitionDialogs.OptionFieldDefinition";"radioButtonStartOnLeft.Text";"Left";"Esquerda";"";""
"MakeView";"Epi.Windows.MakeView.Dialogs.FieldDefinitionDialogs.OptionFieldDefinition";"radioButtonStartOnRight.Text";"Right";"Direita";"";""
"MakeView";"Epi.Windows.MakeView.Dialogs.FieldDefinitionDialogs.OptionFieldDefinition";"radioButtonVertical.Text";"Vertical";"Vertical";"";""
"MakeView";"Epi.Windows.MakeView.Dialogs.FieldDefinitionDialogs.OptionFieldDefinition";"textOnLeft.Text";"Left";"Esquerda";"";""
"MakeView";"Epi.Windows.MakeView.Dialogs.FieldDefinitionDialogs.OptionFieldDefinition";"textOnRight.Text";"Right";"Direita";"";""
"MakeView";"Epi.Windows.MakeView.Dialogs.FieldDefinitionDialogs.PatternableTextFieldDefinition";"lblPattern.Text";"Pattern:";"Padrão:";"";""
"MakeView";"Epi.Windows.MakeView.Dialogs.FieldDefinitionDialogs.PhoneNumberFieldDefinition";"$this.Text";"Phone Number";"Número de telefone";"";"Revisado"
"MakeView";"Epi.Windows.MakeView.Dialogs.FieldDefinitionDialogs.RelateFieldDefinition";"$this.Text";"Related Form Button";"Botão de formulário relacionado";"";"Revisado"
"MakeView";"Epi.Windows.MakeView.Dialogs.FieldDefinitionDialogs.RelateFieldDefinition";"btnAnd.Text";"And";"And";"";"Revisado"
"MakeView";"Epi.Windows.MakeView.Dialogs.FieldDefinitionDialogs.RelateFieldDefinition";"btnMissing.Text";"""Missing""";"""Missing""";"";"Revisado"
"MakeView";"Epi.Windows.MakeView.Dialogs.FieldDefinitionDialogs.RelateFieldDefinition";"btnNo.Text";"""No""";"""No""";"";"Revisado"
"MakeView";"Epi.Windows.MakeView.Dialogs.FieldDefinitionDialogs.RelateFieldDefinition";"btnOr.Text";"Or";"Or";"";"Revisado"
"MakeView";"Epi.Windows.MakeView.Dialogs.FieldDefinitionDialogs.RelateFieldDefinition";"btnYes.Text";"""Yes""";"""Yes""";"";"Revisado"
"MakeView";"Epi.Windows.MakeView.Dialogs.FieldDefinitionDialogs.RelateFieldDefinition";"chkNutstat.Text";"Relate to Nutstat module";"Relacionar com o módulo Nutstat";"";""
"MakeView";"Epi.Windows.MakeView.Dialogs.FieldDefinitionDialogs.RelateFieldDefinition";"chkReturnToParent.Text";"Return to the parent form after one record has been entered";"Voltar ao formulário pai após a inserção de um registro";"";"Revisado"
"MakeView";"Epi.Windows.MakeView.Dialogs.FieldDefinitionDialogs.RelateFieldDefinition";"grpOperators.Text";"Operators";"Operadores";"";""
"MakeView";"Epi.Windows.MakeView.Dialogs.FieldDefinitionDialogs.RelateFieldDefinition";"label2.Text";"Related Form:";"Formulário relacionado:";"";"Revisado"
"MakeView";"Epi.Windows.MakeView.Dialogs.FieldDefinitionDialogs.RelateFieldDefinition";"lblAvailableVariables.Text";"Available Variables:";"Variáveis disponíveis:";"";"Revisado"
"MakeView";"Epi.Windows.MakeView.Dialogs.FieldDefinitionDialogs.RelateFieldDefinition";"lblCondition.Text";"Condition:";"Condição:";"";"Revisado"
"MakeView";"Epi.Windows.MakeView.Dialogs.FieldDefinitionDialogs.RelateFieldDefinition";"rdbAccessibleAlways.Text";"Accessible always";"Sempre acessível";"";""
"MakeView";"Epi.Windows.MakeView.Dialogs.FieldDefinitionDialogs.RelateFieldDefinition";"rdbAccessibleWithConditions.Text";"Accessible only when following conditions are true";"Acessível somente quando as seguintes condições forem verdadeiras";"";""
"MakeView";"Epi.Windows.MakeView.Dialogs.FieldDefinitionDialogs.RelateFieldDefinition";"toolStrip3.Text";"toolStrip3";"toolStrip3";"";""
"MakeView";"Epi.Windows.MakeView.Dialogs.FieldDefinitionDialogs.RelateFieldDefinition";"toolStrip4.Text";"toolStrip4";"toolStrip4";"";""
"MakeView";"Epi.Windows.MakeView.Dialogs.FieldDefinitionDialogs.SingleLineTextFieldDefinition";"$this.Text";"Text";"Texto";"";""
"MakeView";"Epi.Windows.MakeView.Dialogs.FieldDefinitionDialogs.SingleLineTextFieldDefinition";"lblSize.Text";"Maximum Number of Characters:";"Número máximo de caracteres:";"";"Revisado"
"MakeView";"Epi.Windows.MakeView.Dialogs.FieldDefinitionDialogs.TextFieldDefinition";"$this.Text";"TextFieldDialog";"Campo de texto";"";"Revisado"
"MakeView";"Epi.Windows.MakeView.Dialogs.FieldDefinitionDialogs.TextFieldDefinition";"chkReadOnly.Text";"Read Only";"Somente leitura";"";"Revisado"
"MakeView";"Epi.Windows.MakeView.Dialogs.FieldDefinitionDialogs.TextFieldDefinition";"chkRepeatLast.Text";"Repeat Last";"Repetir o último";"";"Revisado"
"MakeView";"Epi.Windows.MakeView.Dialogs.FieldDefinitionDialogs.TextFieldDefinition";"chkRequired.Text";"Required";"Obrigatório";"";"Revisado"
"MakeView";"Epi.Windows.MakeView.Dialogs.FieldDefinitionDialogs.TimeFieldDefinition";"$this.Text";"Time";"Hora";"";""
"MakeView";"Epi.Windows.MakeView.Dialogs.FieldDefinitionDialogs.UpperCaseTextFieldDefinition";"$this.Text";"Text (Uppercase)";"Texto (maiúsculas)";"";"Revisado"
"MakeView";"Epi.Windows.MakeView.Dialogs.FieldDefinitionDialogs.YesNoFieldDefinition";"$this.Text";"Yes / No";"Sim / Não";"";""
"MakeView";"Epi.Windows.MakeView.Dialogs.FieldSelectionDialog";"$this.Text";"Select a Field";"Selecione um campo";"";"Revisado"
"MakeView";"Epi.Windows.MakeView.Dialogs.FieldSelectionDialog";"btnCancel.Text";"Cancel";"Cancelar";"";""
"MakeView";"Epi.Windows.MakeView.Dialogs.FieldSelectionDialog";"btnOK.Text";"OK";"OK";"";"Revisado"
"MakeView";"Epi.Windows.MakeView.Dialogs.FieldSelectionDialog";"Label1.Text";"Select a Field";"Selecione um campo";"";"Revisado"
"MakeView";"Epi.Windows.MakeView.Dialogs.GridColumnsDialog";"$this.Text";"Grid Columns";"Colunas da grade";"";"Revisado"
"MakeView";"Epi.Windows.MakeView.Dialogs.GridColumnsDialog";"btnCancel.Text";"Cancel";"Cancelar";"";""
"MakeView";"Epi.Windows.MakeView.Dialogs.GridColumnsDialog";"btnOk.Text";"OK";"OK";"";"Revisado"
"MakeView";"Epi.Windows.MakeView.Dialogs.GridColumnsDialog";"btnSaveColumn.Text";"&Save Column";"&Salvar coluna";"";"Revisado"
"MakeView";"Epi.Windows.MakeView.Dialogs.GridColumnsDialog";"cbxRange.Text";"Range";"Intervalo";"";""
"MakeView";"Epi.Windows.MakeView.Dialogs.GridColumnsDialog";"cbxReadOnly.Text";"Read Only";"Somente leitura";"";"Revisado"
"MakeView";"Epi.Windows.MakeView.Dialogs.GridColumnsDialog";"cbxRepeatLast.Text";"Repeat Last";"Repetir o último";"";"Revisado"
"MakeView";"Epi.Windows.MakeView.Dialogs.GridColumnsDialog";"cbxRequired.Text";"Required";"Obrigatório";"";"Revisado"
"MakeView";"Epi.Windows.MakeView.Dialogs.GridColumnsDialog";"cbxUniqueField.Text";"Unique Field";"Campo único";"";"Revisado"
"MakeView";"Epi.Windows.MakeView.Dialogs.GridColumnsDialog";"gbxFieldOrVariable.Text";"Attributes";"Atributos";"";""
"MakeView";"Epi.Windows.MakeView.Dialogs.GridColumnsDialog";"lblChangePrompt.Text";"Column Name:";"Nome da coluna:";"";"Revisado"
"MakeView";"Epi.Windows.MakeView.Dialogs.GridColumnsDialog";"lblDataSource.Text";"Data Source:";"Fonte de dados:";"";"Revisado"
"MakeView";"Epi.Windows.MakeView.Dialogs.GridColumnsDialog";"lblEnterColumnName.Text";"Enter Column Header Name for Grid:";"Digite o nome do cabeçalho da coluna da grade:";"";"Revisado"
"MakeView";"Epi.Windows.MakeView.Dialogs.GridColumnsDialog";"lblLower.Text";"Lower:";"Inferior:";"";""
"MakeView";"Epi.Windows.MakeView.Dialogs.GridColumnsDialog";"lblPattern.Text";"Pattern:";"Padrão:";"";""
"MakeView";"Epi.Windows.MakeView.Dialogs.GridColumnsDialog";"lblSize.Text";"Size:";"Tamanho:";"";""
"MakeView";"Epi.Windows.MakeView.Dialogs.GridColumnsDialog";"lblType.Text";"Column &Type:";"&Tipo de coluna:";"";"Revisado"
"MakeView";"Epi.Windows.MakeView.Dialogs.GridColumnsDialog";"lblUpper.Text";"Upper:";"Superior:";"";""
"MakeView";"Epi.Windows.MakeView.Dialogs.GridSettingsDialog";"$this.Text";"Grid Settings";"Configurações da grade";"";"Revisado"
"MakeView";"Epi.Windows.MakeView.Dialogs.GridSettingsDialog";"btnCancel.Text";"Cancel";"Cancelar";"";""
"MakeView";"Epi.Windows.MakeView.Dialogs.GridSettingsDialog";"btnOK.Text";"OK";"OK";"";"Revisado"
"MakeView";"Epi.Windows.MakeView.Dialogs.GridSettingsDialog";"chkShowGrid.Text";"Show Grid";"Mostrar grade";"";"Revisado"
"MakeView";"Epi.Windows.MakeView.Dialogs.GridSettingsDialog";"chkSnapToGrid.Text";"Snap to grid";"Ajustar à grade";"";"Revisado"
"MakeView";"Epi.Windows.MakeView.Dialogs.GridSettingsDialog";"gbSnapToGrid.Text";"Snap to Grid Settings";"Configurações de ajuste à grade";"";"Revisado"
"MakeView";"Epi.Windows.MakeView.Dialogs.GridSettingsDialog";"lblGridSize.Text";"Grid Square Size:";"Tamanho do quadrado da grade:";"";"Revisado"
"MakeView";"Epi.Windows.MakeView.Dialogs.GridSettingsDialog";"rbSnapToField.Text";"Snap entry field to grid";"Ajustar o campo de entrada à grade";"";"Revisado"
"MakeView";"Epi.Windows.MakeView.Dialogs.GridSettingsDialog";"rbSnapToPrompt.Text";"Snap prompt to grid";"Ajustar o rótulo à grade";"";"Revisado"
"MakeView";"Epi.Windows.MakeView.Dialogs.ImportCheckCodeDialog";"$this.Text";"Import Epi 6 Check Code";"Importar código de verificação do Epi 6";"";"Revisado"
"MakeView";"Epi.Windows.MakeView.Dialogs.ImportCheckCodeDialog";"btnCancel.Text";"Cancel";"Cancelar";"";""
"MakeView";"Epi.Windows.MakeView.Dialogs.ImportCheckCodeDialog";"Button3.Text";"OK";"OK";"";"Revisado"
"MakeView";"Epi.Windows.MakeView.Dialogs.ImportCheckCodeDialog";"CheckBox1.Text";"Overwrite any existing CHECK code";"Sobrescrever qualquer código de verificação existente";"";""
"MakeView";"Epi.Windows.MakeView.Dialogs.ImportCheckCodeDialog";"CheckBox2.Text";"Suppress summary report of Epi 6 fields that don't match Epi 7 field list";"Suprimir o relatório resumido dos campos do Epi 6 que não correspondem à lista de campos do Epi 7";"";"Revisado"
"MakeView";"Epi.Windows.MakeView.Dialogs.ImportCheckCodeDialog";"CheckBox3.Text";"Automatically generate code tables (lookup tables)";"Gerar tabelas de códigos automaticamente (tabelas de consulta)";"";"Revisado"
"MakeView";"Epi.Windows.MakeView.Dialogs.ImportCheckCodeDialog";"Label1.Text";"Path and Filename of CHK file";"Caminho e nome do arquivo CHK";"";"Revisado"
"MakeView";"Epi.Windows.MakeView.Dialogs.ImportCheckCodeDialog";"Label2.Text";"Path and Filename of MDB file";"Caminho e nome do arquivo MDB";"";"Revisado"
"MakeView";"Epi.Windows.MakeView.Dialogs.LegalValuesDialog";"$this.Text";"Set Up Code / Legal Links";"Configurar vínculos de códigos/valores legais";"";"Revisado"
"MakeView";"Epi.Windows.MakeView.Dialogs.LegalValuesDialog";"btnCancel.Text";"Cancel";"Cancelar";"";""
"MakeView";"Epi.Windows.MakeView.Dialogs.LegalValuesDialog";"btnCreate.Text";"&Create New";"&Criar nova";"";"Revisado"
"MakeView";"Epi.Windows.MakeView.Dialogs.LegalValuesDialog";"btnDelete.Text";"&Delete Link";"&Excluir vínculo";"";"Revisado"
"MakeView";"Epi.Windows.MakeView.Dialogs.LegalValuesDialog";"btnFromExisting.Text";"&Create New from Existing";"Criar nova a partir de uma e&xistente";"";"Revisado"
"MakeView";"Epi.Windows.MakeView.Dialogs.LegalValuesDialog";"btnOK.Text";"OK";"OK";"";"Revisado"
"MakeView";"Epi.Windows.MakeView.Dialogs.LegalValuesDialog";"btnUseExisting.Text";"&Use Existing";"&Usar existente";"";"Revisado"
"MakeView";"Epi.Windows.MakeView.Dialogs.LegalValuesDialog";"cbxSort.Text";"Do not sort";"Não ordenar";"";""
"MakeView";"Epi.Windows.MakeView.Dialogs.LegalValuesDialog";"groupBox1.Text";"Data Source";"Fonte de dados";"";"Revisado"
"MakeView";"Epi.Windows.MakeView.Dialogs.ListDialog";"$this.Text";"Codes";"Códigos";"";""
"MakeView";"Epi.Windows.MakeView.Dialogs.ListDialog";"btnCancel.Text";"Cancel";"Cancelar";"";""
"MakeView";"Epi.Windows.MakeView.Dialogs.ListDialog";"btnCreate.Text";"&Create New";"&Criar nova";"";"Revisado"
"MakeView";"Epi.Windows.MakeView.Dialogs.ListDialog";"btnDelete.Text";"&Delete";"&Excluir";"";"Revisado"
"MakeView";"Epi.Windows.MakeView.Dialogs.ListDialog";"btnOK.Text";"OK";"OK";"";"Revisado"
"MakeView";"Epi.Windows.MakeView.Dialogs.ListDialog";"btnUseExisting.Text";"&Use Existing";"&Usar existente";"";"Revisado"
"MakeView";"Epi.Windows.MakeView.Dialogs.ListDialog";"cbxSort.Text";"Do not sort";"Não ordenar";"";""
"MakeView";"Epi.Windows.MakeView.Dialogs.ListDialog";"groupBox1.Text";"Data Source";"Fonte de dados";"";"Revisado"
"MakeView";"Epi.Windows.MakeView.Dialogs.ListDialog";"lblCodes.Text";"Codes for field: ";"Códigos do campo: ";"";"Revisado"
"MakeView";"Epi.Windows.MakeView.Dialogs.ListDialog";"lblFields.Text";"Select field(s) to be linked to the above field.";"Selecione o(s) campo(s) a vincular ao campo acima.";"";"Revisado"
"MakeView";"Epi.Windows.MakeView.Dialogs.ListDialog";"lblTable.Text";"Codes Table";"Tabela de códigos";"";"Revisado"
"MakeView";"Epi.Windows.MakeView.Dialogs.ListDialog";"lblVariable.Text";"var";"var";"";"Revisado"
"MakeView";"Epi.Windows.MakeView.Dialogs.MatchFieldsDialog";"$this.Text";"Match Fields";"Corresponder campos";"";"Revisado"
"MakeView";"Epi.Windows.MakeView.Dialogs.MatchFieldsDialog";"btnCancel.Text";"Cancel";"Cancelar";"";""
"MakeView";"Epi.Windows.MakeView.Dialogs.MatchFieldsDialog";"btnLink.Text";"Link";"Vincular";"";"Revisado"
"MakeView";"Epi.Windows.MakeView.Dialogs.MatchFieldsDialog";"btnOK.Text";"OK";"OK";"";""
"MakeView";"Epi.Windows.MakeView.Dialogs.MatchFieldsDialog";"btnPreviewTable.Text";"View Table";"Exibir tabela";"";"Revisado"
"MakeView";"Epi.Windows.MakeView.Dialogs.MatchFieldsDialog";"btnUnlink.Text";"Unlink";"Desvincular";"";"Revisado"
"MakeView";"Epi.Windows.MakeView.Dialogs.MatchFieldsDialog";"grpLinkedFields.Text";"Link Associated Fields";"Vincular campos associados";"";"Revisado"
"MakeView";"Epi.Windows.MakeView.Dialogs.MatchFieldsDialog";"lblAssociatedFields.Text";"Linked Fields";"Campos vinculados";"";"Revisado"
"MakeView";"Epi.Windows.MakeView.Dialogs.MatchFieldsDialog";"lblIntroduction.Text";"Match the fields in the form to their corresponding columns in the code table. ";"Associe os campos do formulário às colunas correspondentes da tabela de códigos. ";"";"Revisado"
"MakeView";"Epi.Windows.MakeView.Dialogs.MatchFieldsDialog";"lblRequired.Text";"Select the column linked to the codes field.";"Selecione a coluna vinculada ao campo de códigos.";"";"Revisado"
"MakeView";"Epi.Windows.MakeView.Dialogs.MatchFieldsDialog";"lblTableFieldsHeadline.Text";"Table Fields";"Campos da tabela";"";"Revisado"
"MakeView";"Epi.Windows.MakeView.Dialogs.MatchFieldsDialog";"lblViewFieldsHeadline.Text";"Form Fields";"Campos do formulário";"LONGO";"Revisado"
"MakeView";"Epi.Windows.MakeView.Dialogs.NewColumnNameDialog";"$this.Text";"Column Name";"Nome da coluna";"";"Revisado"
"MakeView";"Epi.Windows.MakeView.Dialogs.NewColumnNameDialog";"btnCancel.Text";"Cancel";"Cancelar";"";""
"MakeView";"Epi.Windows.MakeView.Dialogs.NewColumnNameDialog";"btnOK.Text";"OK";"OK";"";""
"MakeView";"Epi.Windows.MakeView.Dialogs.NewColumnNameDialog";"lblNewColumnName.Text";"New Column Name";"Novo nome da coluna";"";"Revisado"
"MakeView";"Epi.Windows.MakeView.Dialogs.OptionFieldItemsDialogs";"$this.Text";"Options";"Opções";"";""
"MakeView";"Epi.Windows.MakeView.Dialogs.OptionFieldItemsDialogs";"btnCancel.Text";"Cancel";"Cancelar";"";""
"MakeView";"Epi.Windows.MakeView.Dialogs.OptionFieldItemsDialogs";"btnOK.Text";"OK";"OK";"";"Revisado"
"MakeView";"Epi.Windows.MakeView.Dialogs.OptionFieldItemsDialogs";"groupBox1.Text";"Text Alignment";"Alinhamento do texto";"";"Revisado"
"MakeView";"Epi.Windows.MakeView.Dialogs.OptionFieldItemsDialogs";"rdbLeft.Text";"&Left";"&Esquerda";"";"Revisado"
"MakeView";"Epi.Windows.MakeView.Dialogs.OptionFieldItemsDialogs";"rdbRight.Text";"&Right";"&Direita";"";"Revisado"
"MakeView";"Epi.Windows.MakeView.Dialogs.OrgKey";"$this.Text";"Enter Organization Key";"Informar a chave da organização";"";"Revisado"
"MakeView";"Epi.Windows.MakeView.Dialogs.OrgKey";"btnClose.Text";"Close";"Fechar";"";"Revisado"
"MakeView";"Epi.Windows.MakeView.Dialogs.OrgKey";"btnSubmit.Text";"Submit";"Enviar";"";""
"MakeView";"Epi.Windows.MakeView.Dialogs.OrgKey";"DialogPromptLabel.Text";"The organization key is required for security purposes before you publish the form to the web. ";"A chave da organização é necessária, por motivos de segurança, antes de publicar o formulário na web. ";"";"Revisado"
"MakeView";"Epi.Windows.MakeView.Dialogs.OrgKey";"label3.Text";"Organization Key:";"Chave da organização:";"";"Revisado"
"MakeView";"Epi.Windows.MakeView.Dialogs.OrgKey";"lblError.Text";"Organization Key is not valid. Please enter a correct key.";"A chave da organização não é válida. Digite uma chave correta.";"";"Revisado"
"MakeView";"Epi.Windows.MakeView.Dialogs.OrgKey";"lblSuccess.Text";"[Success Message]";"[Success Message]";"";""
"MakeView";"Epi.Windows.MakeView.Dialogs.PageSetupDialog";"$this.Text";"Page Setup";"Configurar página";"";"Revisado"
"MakeView";"Epi.Windows.MakeView.Dialogs.PageSetupDialog";"btnCancel.Text";"Cancel";"Cancelar";"";""
"MakeView";"Epi.Windows.MakeView.Dialogs.PageSetupDialog";"btnOK.Text";"OK";"OK";"";"Revisado"
"MakeView";"Epi.Windows.MakeView.Dialogs.PageSetupDialog";"groupBoxLabelAlign.Text";"Default Label-Field Alignment";"Alinhamento padrão do rótulo e do campo";"";"Revisado"
"MakeView";"Epi.Windows.MakeView.Dialogs.PageSetupDialog";"groupBoxOrientation.Text";"Orientation";"Orientação";"";""
"MakeView";"Epi.Windows.MakeView.Dialogs.PageSetupDialog";"groupBoxSize.Text";"Size";"Tamanho";"";""
"MakeView";"Epi.Windows.MakeView.Dialogs.PageSetupDialog";"labelHeight.Text";"Height (px)";"Altura (px)";"";""
"MakeView";"Epi.Windows.MakeView.Dialogs.PageSetupDialog";"labelWidth.Text";"Width (px)";"Largura (px)";"";""
"MakeView";"Epi.Windows.MakeView.Dialogs.PageSetupDialog";"radioButtonLabelAlignHorizontal.Text";"Horizontal";"Horizontal";"";""
"MakeView";"Epi.Windows.MakeView.Dialogs.PageSetupDialog";"radioButtonLabelAlignVertical.Text";"Vertical";"Vertical";"";""
"MakeView";"Epi.Windows.MakeView.Dialogs.PageSetupDialog";"radioButtonLandscape.Text";"Landscape";"Paisagem";"";"Revisado"
"MakeView";"Epi.Windows.MakeView.Dialogs.PageSetupDialog";"radioButtonPortrait.Text";"Portrait";"Retrato";"";"Revisado"
"MakeView";"Epi.Windows.MakeView.Dialogs.PreviewTableDialog";"$this.Text";"Preview Table";"Exibir tabela";"";"Revisado"
"MakeView";"Epi.Windows.MakeView.Dialogs.PreviewTableDialog";"btnCancel.Text";"Back";"Voltar";"";""
"MakeView";"Epi.Windows.MakeView.Dialogs.PreviewTableDialog";"btnOK.Text";"OK";"OK";"";"Revisado"
"MakeView";"Epi.Windows.MakeView.Dialogs.PreviewTableDialog";"groupBox1.Text";"Data Source";"Fonte de dados";"";"Revisado"
"MakeView";"Epi.Windows.MakeView.Dialogs.PreviewTableDialog";"lblInstruction.Text";"label1";"label1";"";"Revisado"
"MakeView";"Epi.Windows.MakeView.Dialogs.QuitDialog";"$this.Text";"Quit";"Sair";"";""
"MakeView";"Epi.Windows.MakeView.Dialogs.QuitDialog";"btnCancel.Text";"Cancel";"Cancelar";"";""
"MakeView";"Epi.Windows.MakeView.Dialogs.QuitDialog";"btnHelp.Text";"&Help";"&Ajuda";"";"Revisado"
"MakeView";"Epi.Windows.MakeView.Dialogs.QuitDialog";"btnOK.Text";"OK";"OK";"";"Revisado"
"MakeView";"Epi.Windows.MakeView.Dialogs.QuitDialog";"btnSaveOnly.Text";"&Save Only";"&Somente salvar";"";"Revisado"
"MakeView";"Epi.Windows.MakeView.Dialogs.QuitDialog";"lblQuitProgram.Text";"Exit the program?";"Sair do programa?";"";""
"MakeView";"Epi.Windows.MakeView.Dialogs.ReadDialog";"$this.Text";"Make Form from Table";"Criar formulário a partir de tabela";"";"Revisado"
"MakeView";"Epi.Windows.MakeView.Dialogs.ReadDialog";"btnCancel.Text";"Cancel";"Cancelar";"";""
"MakeView";"Epi.Windows.MakeView.Dialogs.ReadDialog";"btnFindDataSource.Text";"Browse";"Procurar…";"PONTUACAO";"Revisado"
"MakeView";"Epi.Windows.MakeView.Dialogs.ReadDialog";"btnOK.Text";"OK";"OK";"";"Revisado"
"MakeView";"Epi.Windows.MakeView.Dialogs.ReadDialog";"columnHeaderItem.Text";"Item";"Item";"";""
"MakeView";"Epi.Windows.MakeView.Dialogs.ReadDialog";"gbxExplorer.Text";"Data Source Explorer";"Explorador de fontes de dados";"";"Revisado"
"MakeView";"Epi.Windows.MakeView.Dialogs.ReadDialog";"gbxShow.Text";"Form Name";"Nome do formulário";"LONGO";"Revisado"
"MakeView";"Epi.Windows.MakeView.Dialogs.ReadDialog";"lblDataSource.Text";"&Data Source";"&Fonte de dados";"";"Revisado"
"MakeView";"Epi.Windows.MakeView.Dialogs.ReadDialog";"lblDataSourceDrivers.Text";"Database &Type";"&Tipo de banco de dados";"";"Revisado"
"MakeView";"Epi.Windows.MakeView.Dialogs.RelatedFormDialog";"$this.Text";"Conditions for Related Form to be Active";"Condições para o formulário relacionado ficar ativo";"";"Revisado"
"MakeView";"Epi.Windows.MakeView.Dialogs.RelatedFormDialog";"btnCancel.Text";"Cancel";"Cancelar";"";""
"MakeView";"Epi.Windows.MakeView.Dialogs.RelatedFormDialog";"Button1.Text";"OK";"OK";"";"Revisado"
"MakeView";"Epi.Windows.MakeView.Dialogs.RelatedFormDialog";"Button15.Text";"And";"And";"";"Revisado"
"MakeView";"Epi.Windows.MakeView.Dialogs.RelatedFormDialog";"Button16.Text";"Or";"Or";"";"Revisado"
"MakeView";"Epi.Windows.MakeView.Dialogs.RelatedFormDialog";"Button17.Text";"""Yes""";"""Yes""";"NAO_TRADUZIDO";"Revisado"
"MakeView";"Epi.Windows.MakeView.Dialogs.RelatedFormDialog";"Button18.Text";"""No""";"""No""";"";"Revisado"
"MakeView";"Epi.Windows.MakeView.Dialogs.RelatedFormDialog";"Button3.Text";"Help";"Ajuda";"";""
"MakeView";"Epi.Windows.MakeView.Dialogs.RelatedFormDialog";"CheckBox1.Text";"Return to parent form after one record has been entered";"Voltar ao formulário pai depois de inserir um registro";"";"Revisado"
"MakeView";"Epi.Windows.MakeView.Dialogs.RelatedFormDialog";"CheckBox2.Text";"Relate to Nutstat module";"Relacionar com o módulo Nutstat";"";""
"MakeView";"Epi.Windows.MakeView.Dialogs.RelatedFormDialog";"GroupBox1.Text";"Form should be accessible";"O formulário deve estar acessível";"";"Revisado"
"MakeView";"Epi.Windows.MakeView.Dialogs.RelatedFormDialog";"Label1.Text";"Form can be accessed when: <Field name> = ""Value"" or Variable";"O formulário pode ser acessado quando: <Nome do campo> = ""Valor"" ou variável";"ANGULAR";"Revisado"
"MakeView";"Epi.Windows.MakeView.Dialogs.RelatedFormDialog";"Label2.Text";"Available Variables:";"Variáveis disponíveis:";"";"Revisado"
"MakeView";"Epi.Windows.MakeView.Dialogs.RelatedFormDialog";"RadioButton1.Text";"Any time";"A qualquer momento";"LONGO";"Revisado"
"MakeView";"Epi.Windows.MakeView.Dialogs.RelatedFormDialog";"RadioButton2.Text";"Only when certain conditions are true";"Somente quando certas condições forem verdadeiras";"";""
"MakeView";"Epi.Windows.MakeView.Dialogs.RenameFormFromTemplatePageDialog";"$this.Text";"New Form Name";"Novo nome do formulário";"";"Revisado"
"MakeView";"Epi.Windows.MakeView.Dialogs.RenameFormFromTemplatePageDialog";"btnCancel.Text";"Cancel";"Cancelar";"";""
"MakeView";"Epi.Windows.MakeView.Dialogs.RenameFormFromTemplatePageDialog";"buttonOK.Text";"OK";"OK";"";"Revisado"
"MakeView";"Epi.Windows.MakeView.Dialogs.RenameFormFromTemplatePageDialog";"labelFormName.Text";"Form Name";"Nome do formulário";"LONGO";"Revisado"
"MakeView";"Epi.Windows.MakeView.Dialogs.RenamePageDialog";"$this.Text";"Set Page Name";"Definir nome da página";"";"Revisado"
"MakeView";"Epi.Windows.MakeView.Dialogs.RenamePageDialog";"btnCancel.Text";"Cancel";"Cancelar";"";""
"MakeView";"Epi.Windows.MakeView.Dialogs.RenamePageDialog";"btnOK.Text";"OK";"OK";"";"Revisado"
"MakeView";"Epi.Windows.MakeView.Dialogs.RenamePageDialog";"lblPageName.Text";"Page Name:";"Nome da página:";"";"Revisado"
"MakeView";"Epi.Windows.MakeView.Dialogs.RenameTemplate";"$this.Text";"Rename Template";"Renomear modelo";"";"Revisado"
"MakeView";"Epi.Windows.MakeView.Dialogs.RenameTemplate";"btnCancel.Text";"Cancel";"Cancelar";"";""
"MakeView";"Epi.Windows.MakeView.Dialogs.RenameTemplate";"btnOK.Text";"OK";"OK";"";"Revisado"
"MakeView";"Epi.Windows.MakeView.Dialogs.RenameTemplate";"labelTemplateName.Text";"Template Name";"Nome do modelo";"";"Revisado"
"MakeView";"Epi.Windows.MakeView.Dialogs.SourceTableDialog";"$this.Text";"";"Editor da tabela de origem";"";"Revisado"
"MakeView";"Epi.Windows.MakeView.Dialogs.SourceTableDialog";"btnCancel.Text";"";"Cancelar";"";""
"MakeView";"Epi.Windows.MakeView.Dialogs.SourceTableDialog";"btnCreate.Text";"";"Criar nova";"";"Revisado"
"MakeView";"Epi.Windows.MakeView.Dialogs.SourceTableDialog";"btnDelete.Text";"";"Excluir vínculo";"";"Revisado"
"MakeView";"Epi.Windows.MakeView.Dialogs.SourceTableDialog";"btnFromExisting.Text";"";"Criar nova a partir de uma existente";"";"Revisado"
"MakeView";"Epi.Windows.MakeView.Dialogs.SourceTableDialog";"btnOK.Text";"";"OK";"";"Revisado"
"MakeView";"Epi.Windows.MakeView.Dialogs.SourceTableDialog";"btnUseExisting.Text";"";"Usar existente";"";"Revisado"
"MakeView";"Epi.Windows.MakeView.Dialogs.SourceTableDialog";"cbxSort.Text";"";"Não ordenar";"";""
"MakeView";"Epi.Windows.MakeView.Dialogs.SourceTableDialog";"checkBox1.Text";"";"checkBox1";"";""
"MakeView";"Epi.Windows.MakeView.Dialogs.SourceTableDialog";"groupBoxAssignColumnToField.Text";"";"Atribuir coluna ao campo.";"";""
"MakeView";"Epi.Windows.MakeView.Dialogs.SourceTableDialog";"labelSelectColumn.Text";"";"Selecione a coluna";"";"Revisado"
"MakeView";"Epi.Windows.MakeView.Dialogs.SourceTableDialog";"selectEditSource.Text";"";"Selecione e edite os dados na tabela de origem.";"";"Revisado"
"MakeView";"Epi.Windows.MakeView.Dialogs.StandardReferenceTableSelectionDialog";"$this.Text";"Standard Reference Table";"Tabela de referência padrão";"";"Revisado"
"MakeView";"Epi.Windows.MakeView.Dialogs.StandardReferenceTableSelectionDialog";"btnCancel.Text";"Cancel";"Cancelar";"";""
"MakeView";"Epi.Windows.MakeView.Dialogs.StandardReferenceTableSelectionDialog";"btnOk.Text";"OK";"OK";"";"Revisado"
"MakeView";"Epi.Windows.MakeView.Dialogs.StandardReferenceTableSelectionDialog";"groupBox1.Text";"Standard Reference Tables";"Tabelas de referência padrão";"";"Revisado"
"MakeView";"Epi.Windows.MakeView.Dialogs.StandardReferenceTableSelectionDialog";"groupBox2.Text";"Field";"Campo";"";""
"MakeView";"Epi.Windows.MakeView.Dialogs.StandardReferenceTableSelectionDialog";"lblDataSource.Text";"Data Source:";"Fonte de dados:";"";"Revisado"
"MakeView";"Epi.Windows.MakeView.Dialogs.StandardReferenceTableSelectionDialog";"rdbOther.Text";"Other";"Outro";"";""
"MakeView";"Epi.Windows.MakeView.Dialogs.StandardReferenceTableSelectionDialog";"rdbPhin.Text";"PHIN";"PHIN";"";""
"MakeView";"Epi.Windows.MakeView.Dialogs.StandardReferenceTableSelectionDialog";"rdbWho.Text";"WHO HealthMapper";"OMS HealthMapper";"";""
"MakeView";"Epi.Windows.MakeView.Dialogs.SupportedFieldTypeAndroidDialog";"$this.Text";"Unsupported Field Types Detected";"Tipos de campo não compatíveis detectados";"";"Revisado"
"MakeView";"Epi.Windows.MakeView.Dialogs.SupportedFieldTypeAndroidDialog";"btnHelp.Text";"Help";"Ajuda";"";"Revisado"
"MakeView";"Epi.Windows.MakeView.Dialogs.SupportedFieldTypeAndroidDialog";"btnOk.Text";"";"OK";"";""
"MakeView";"Epi.Windows.MakeView.Dialogs.SupportedFieldTypeAndroidDialog";"lblDialogTitle.Text";"The application detected field types that are currently unsupported by Epi Info Companion for Android.";"O aplicativo detectou tipos de campo que ainda não são compatíveis com o Epi Info Companion para Android.";"";"Revisado"
"MakeView";"Epi.Windows.MakeView.Dialogs.SupportedFieldTypeAndroidDialog";"lblFields.Text";"Field Name (Field Type)";"Nome do campo (tipo de campo)";"";"Revisado"
"MakeView";"Epi.Windows.MakeView.Dialogs.SupportedFieldTypeAndroidDialog";"lblInstructions.Text";"Remove the fields listed below from your form, or change their field type, then select Copy Form To Android Device.";"Remova do formulário os campos listados abaixo ou altere o tipo deles e, em seguida, selecione Copiar formulário para dispositivo Android.";"";"Revisado"
"MakeView";"Epi.Windows.MakeView.Dialogs.SupportedFieldTypeAndroidDialog";"lblUnsupportedList.Text";"To copy a form to an Android device, do not use the following unsupported field types: Mirror, Phone Number, Date Time, Codes, Grid, Unique Identifier (GUID) or Relate.";"Para copiar um formulário para um dispositivo Android, não use os seguintes tipos de campo não compatíveis: Espelho, Número de Telefone, Data/Hora, Códigos, Grade, Identificador Único (GUID) ou Relacionar.";"";"Revisado"
"MakeView";"Epi.Windows.MakeView.Dialogs.SupportedFieldTypeDialog";"$this.Text";"Unsupported Field Types Detected";"Tipos de campo não compatíveis detectados";"";"Revisado"
"MakeView";"Epi.Windows.MakeView.Dialogs.SupportedFieldTypeDialog";"btnHelp.Text";"Help";"Ajuda";"";""
"MakeView";"Epi.Windows.MakeView.Dialogs.SupportedFieldTypeDialog";"btnOk.Text";"";"OK";"";"Revisado"
"MakeView";"Epi.Windows.MakeView.Dialogs.SupportedFieldTypeDialog";"lblDialogTitle.Text";"Publish Form To Web Survey detected unsupported field types.";"A publicação do formulário no Web Survey detectou tipos de campo não compatíveis.";"";"Revisado"
"MakeView";"Epi.Windows.MakeView.Dialogs.SupportedFieldTypeDialog";"lblFields.Text";"Field Name (Field Type)";"Nome do campo (tipo de campo)";"";"Revisado"
"MakeView";"Epi.Windows.MakeView.Dialogs.SupportedFieldTypeDialog";"lblInstructions.Text";"Remove the fields listed below from your form, or change their field type, then select Publish Form To Web Survey.";"Remova do formulário os campos listados abaixo ou altere o tipo deles e, em seguida, selecione Publicar formulário no Web Survey.";"";"Revisado"
"MakeView";"Epi.Windows.MakeView.Dialogs.SupportedFieldTypeDialog";"lblUnsupportedList.Text";"To publish a form to the web survey, do not use the following unsupported field types:  Command Button, Date/Time, TextUppercase, Grid, Unique Identifier (GUID), Image, Mirror, Phone Number, or Relate.";"Para publicar um formulário no Web Survey, não use os seguintes tipos de campo não compatíveis:  Botão de Comando, Data/Hora, Texto (Maiúsculas), Grade, Identificador Único (GUID), Imagem, Espelho, Número de Telefone ou Relacionar.";"";"Revisado"
"MakeView";"Epi.Windows.MakeView.Dialogs.TableDefinitionDialog";"$this.Text";"New Data Table";"Nova tabela de dados";"";"Revisado"
"MakeView";"Epi.Windows.MakeView.Dialogs.TableDefinitionDialog";"btnCancel.Text";"Cancel";"Cancelar";"";""
"MakeView";"Epi.Windows.MakeView.Dialogs.TableDefinitionDialog";"btnOK.Text";"OK";"OK";"";"Revisado"
"MakeView";"Epi.Windows.MakeView.Dialogs.TableDefinitionDialog";"Label1.Text";"Data table name:";"Nome da tabela de dados:";"";"Revisado"
"MakeView";"Epi.Windows.MakeView.Dialogs.TableDefinitionDialog";"Label2.Text";"Starting ID:";"ID inicial:";"";"Revisado"
"MakeView";"Epi.Windows.MakeView.Dialogs.TableSelectionDialog";"$this.Text";"Select Table";"Selecionar tabela";"";"Revisado"
"MakeView";"Epi.Windows.MakeView.Dialogs.TableSelectionDialog";"btnCancel.Text";"Cancel";"Cancelar";"";""
"MakeView";"Epi.Windows.MakeView.Dialogs.TableSelectionDialog";"Button1.Text";"OK";"OK";"";"Revisado"
"MakeView";"Epi.Windows.MakeView.Dialogs.TableSelectionDialog";"Button3.Text";"Change Project";"Alterar projeto";"";"Revisado"
"MakeView";"Epi.Windows.MakeView.Dialogs.TableSelectionDialog";"Label1.Text";"Select one table";"Selecione uma tabela";"";"Revisado"
"MakeView";"Epi.Windows.MakeView.Dialogs.TabOrderDialog";"$this.Text";"Order of Field Entry";"Ordem de preenchimento dos campos";"";"Revisado"
"MakeView";"Epi.Windows.MakeView.Dialogs.TabOrderDialog";"btnCancel.Text";"Cancel";"Cancelar";"";""
"MakeView";"Epi.Windows.MakeView.Dialogs.TabOrderDialog";"btnOK.Text";"OK";"OK";"";"Revisado"
"MakeView";"Epi.Windows.MakeView.Dialogs.TabOrderDialog";"Label1.Text";"Page Controls:";"Controles da página:";"";"Revisado"
"MakeView";"Epi.Windows.MakeView.Dialogs.UserAuthentication";"$this.Text";"User Authentication";"Autenticação do usuário";"";"Revisado"
"MakeView";"Epi.Windows.MakeView.Dialogs.UserAuthentication";"lblEmailAddress.Text";"Email Address:";"Endereço de e-mail:";"";"Revisado"
"MakeView";"Epi.Windows.MakeView.Dialogs.UserAuthentication";"lblPassword.Text";"Password:";"Senha:";"";"Revisado"
"MakeView";"Epi.Windows.MakeView.Dialogs.UserAuthentication";"lblWebEnterLoginInstructions.Text";"Enter your email address and password to log in to Cloud Data Capture.";"Digite seu endereço de e-mail e sua senha para entrar no Cloud Data Capture.";"GLOSS:Enter (digitar)";"Revisado"
"MakeView";"Epi.Windows.MakeView.Dialogs.UserAuthentication";"lblWebEnterLoginTitle.Text";"Cloud Data Capture - Log In";"Cloud Data Capture - Entrar";"";"Revisado"
"MakeView";"Epi.Windows.MakeView.Dialogs.UserAuthentication";"LoginButton.Text";"OK";"OK";"";""
"MakeView";"Epi.Windows.MakeView.Dialogs.ViewSelectionDialog";"$this.Text";"Open Form";"Abrir formulário";"";"Revisado"
"MakeView";"Epi.Windows.MakeView.Dialogs.ViewSelectionDialog";"btnCancel.Text";"Cancel";"Cancelar";"";""
"MakeView";"Epi.Windows.MakeView.Dialogs.ViewSelectionDialog";"btnChangeProject.Text";"Change Project";"Alterar projeto";"";"Revisado"
"MakeView";"Epi.Windows.MakeView.Dialogs.ViewSelectionDialog";"btnOK.Text";"OK";"OK";"";"Revisado"
"MakeView";"Epi.Windows.MakeView.Dialogs.ViewSelectionDialog";"Label1.Text";"Select a &Table";"Selecione uma &tabela";"";"Revisado"
"MakeView";"Epi.Windows.MakeView.Dialogs.WebEnterOptions";"$this.Text";"Cloud Data Capture Options";"Opções do Cloud Data Capture";"";"Revisado"
"MakeView";"Epi.Windows.MakeView.Dialogs.WebEnterOptions";"BasicRadioButton.Text";"basic";"basic";"";"Revisado"
"MakeView";"Epi.Windows.MakeView.Dialogs.WebEnterOptions";"CancelButton.Text";"Cancel";"Cancelar";"";""
"MakeView";"Epi.Windows.MakeView.Dialogs.WebEnterOptions";"groupBox1.Text";"Connect using Windows Authentication?";"Conectar usando a autenticação do Windows?";"";"Revisado"
"MakeView";"Epi.Windows.MakeView.Dialogs.WebEnterOptions";"groupBox2.Text";"Binding Protocol:";"Protocolo de binding:";"";"Revisado"
"MakeView";"Epi.Windows.MakeView.Dialogs.WebEnterOptions";"lblError.Text";"[Error Message Description]";"[Error Message Description]";"";""
"MakeView";"Epi.Windows.MakeView.Dialogs.WebEnterOptions";"lblWebEnterEndPtAddr.Text";"Endpoint Address:";"Endereço do endpoint:";"";"Revisado"
"MakeView";"Epi.Windows.MakeView.Dialogs.WebEnterOptions";"lblWebEnterInstructions1.Text";"Contact the system administrator to provide the settings to publish forms to Cloud Data Capture.";"Entre em contato com o administrador do sistema para obter as configurações de publicação de formulários no Cloud Data Capture.";"";"Revisado"
"MakeView";"Epi.Windows.MakeView.Dialogs.WebEnterOptions";"lblWebEnterInstructions2.Text";"You can also update this information by clicking the ‘Cloud Data Capture’ tab under the Tools > Options.";"Você também pode atualizar essas informações clicando na guia ‘Cloud Data Capture’ em Ferramentas > Opções.";"";"Revisado"
"MakeView";"Epi.Windows.MakeView.Dialogs.WebEnterOptions";"NoRadioButton.Text";"No";"Não";"";"Revisado"
"MakeView";"Epi.Windows.MakeView.Dialogs.WebEnterOptions";"OkButton.Text";"Apply Settings";"Aplicar configurações";"";"Revisado"
"MakeView";"Epi.Windows.MakeView.Dialogs.WebEnterOptions";"WsHTTpRadioButton.Text";"wsHTTP";"wsHTTP";"";""
"MakeView";"Epi.Windows.MakeView.Dialogs.WebEnterOptions";"YesRadioButton.Text";"Yes (requires basic protocol)";"Sim (requer o protocolo basic)";"";"Revisado"
"MakeView";"Epi.Windows.MakeView.Dialogs.WebEnterPublishDialog";"$this.Text";"Publish Form for Cloud Data Capture";"Publicar formulário no Cloud Data Capture";"";"Revisado"
"MakeView";"Epi.Windows.MakeView.Dialogs.WebEnterPublishDialog";"btnCancel.Text";"Close";"Fechar";"";"Revisado"
"MakeView";"Epi.Windows.MakeView.Dialogs.WebEnterPublishDialog";"btnCopyAllURLs.Text";"Copy All to Clipboard";"Copiar tudo para a Área de Transferência";"LONGO";"Revisado"
"MakeView";"Epi.Windows.MakeView.Dialogs.WebEnterPublishDialog";"btnDetails.Text";"Details";"Detalhes";"";"Revisado"
"MakeView";"Epi.Windows.MakeView.Dialogs.WebEnterPublishDialog";"btnGo.Text";"Launch Cloud Data Capture";"Abrir o Cloud Data Capture";"";"Revisado"
"MakeView";"Epi.Windows.MakeView.Dialogs.WebEnterPublishDialog";"btnPublishForm.Text";"Publish Form";"Publicar formulário";"";"Revisado"
"MakeView";"Epi.Windows.MakeView.Dialogs.WebEnterPublishDialog";"btnShowLog.Text";"Log";"Log";"";""
"MakeView";"Epi.Windows.MakeView.Dialogs.WebEnterPublishDialog";"DataAccessRuleList.Text";"Data Access Rules";"Regras de acesso a dados";"";"Revisado"
"MakeView";"Epi.Windows.MakeView.Dialogs.WebEnterPublishDialog";"Importantlabel3.Text";"Important:";"Importante:";"";""
"MakeView";"Epi.Windows.MakeView.Dialogs.WebEnterPublishDialog";"label1.Text";"Publish Mode:";"Modo de publicação:";"";"Revisado"
"MakeView";"Epi.Windows.MakeView.Dialogs.WebEnterPublishDialog";"label2.Text";"Organization Key:";"Chave da organização:";"";"Revisado"
"MakeView";"Epi.Windows.MakeView.Dialogs.WebEnterPublishDialog";"lblHeading2.Text";"Enter the organization key that was provided to you and click the Publish Form button.
";"Digite a chave da organização que foi fornecida a você e clique no botão Publicar formulário.
";"";"Revisado"
"MakeView";"Epi.Windows.MakeView.Dialogs.WebEnterPublishDialog";"lblPublishModeStatus.Text";"Draft";"Rascunho";"";"Revisado"
"MakeView";"Epi.Windows.MakeView.Dialogs.WebEnterPublishDialog";"lblSecurityToken.Text";"3. Security Token:";"3. Token de segurança:";"";"Revisado"
"MakeView";"Epi.Windows.MakeView.Dialogs.WebEnterPublishDialog";"lblStatus.Text";"Form Publish Status:";"Status da publicação do formulário:";"";"Revisado"
"MakeView";"Epi.Windows.MakeView.Dialogs.WebEnterPublishDialog";"lblSuccessNotice.Text";"Your Form  has been published!  Please copy and save the Form ID and Security Token below.";"Seu formulário foi publicado! Copie e salve o ID do formulário e o token de segurança abaixo.";"";"Revisado"
"MakeView";"Epi.Windows.MakeView.Dialogs.WebEnterPublishDialog";"lblSuccessNotice2.Text";"Copy and save the Form ID and Security Token to download collected responses.";"Copie e salve o ID do formulário e o token de segurança para baixar as respostas coletadas.";"";"Revisado"
"MakeView";"Epi.Windows.MakeView.Dialogs.WebEnterPublishDialog";"lblSurveyKey.Text";"2. Form Id:";"2. ID do formulário:";"LONGO";"Revisado"
"MakeView";"Epi.Windows.MakeView.Dialogs.WebEnterPublishDialog";"lblURL.Text";"1. URL: Log in to Cloud Data Capture to view your form.";"1. URL: entre no Cloud Data Capture para ver seu formulário.";"";"Revisado"
"MakeView";"Epi.Windows.MakeView.Dialogs.WebEnterPublishDialog";"OrganizationKeyLinkLabel.Text";"Organization Key:";"Chave da organização:";"";"Revisado"
"MakeView";"Epi.Windows.MakeView.Dialogs.WebEnterPublishDialog";"OrganizationKeyValueLabel.Text";"dd2889ee-00cd-4d97-9c86-07e7db04d48f";"dd2889ee-00cd-4d97-9c86-07e7db04d48f";"";""
"MakeView";"Epi.Windows.MakeView.Dialogs.WebEnterPublishDialog";"Shareable.Text";"Make Form Shareable";"Tornar o formulário compartilhável";"";"Revisado"
"MakeView";"Epi.Windows.MakeView.Dialogs.WebEnterPublishDialog";"tabEntry.Text";"Publish Options";"Opções de publicação";"";"Revisado"
"MakeView";"Epi.Windows.MakeView.Dialogs.WebEnterPublishDialog";"WebSurveyOptionsLinkLabel.Text";"Web Survey Options";"Opções do Web Survey";"";"Revisado"
"MakeView";"Epi.Windows.MakeView.Dialogs.WebPublishDialog";"$this.Text";"Publish Form to Web Survey";"Publicar formulário no Web Survey";"";"Revisado"
"MakeView";"Epi.Windows.MakeView.Dialogs.WebPublishDialog";"btnCancel.Text";"Close";"Fechar";"";"Revisado"
"MakeView";"Epi.Windows.MakeView.Dialogs.WebPublishDialog";"btnClear.Text";"";"Limpar";"";""
"MakeView";"Epi.Windows.MakeView.Dialogs.WebPublishDialog";"btnCopyAllURLs.Text";"Copy All to Clipboard";"Copiar tudo para a Área de Transferência";"LONGO";"Revisado"
"MakeView";"Epi.Windows.MakeView.Dialogs.WebPublishDialog";"btnDataKeyCopy.Text";"Copy";"Copiar";"";""
"MakeView";"Epi.Windows.MakeView.Dialogs.WebPublishDialog";"btnDetails.Text";"Details";"Detalhes";"";""
"MakeView";"Epi.Windows.MakeView.Dialogs.WebPublishDialog";"btnGo.Text";"Go";"Ir";"";""
"MakeView";"Epi.Windows.MakeView.Dialogs.WebPublishDialog";"btnHelp.Text";"";"Ajuda";"";""
"MakeView";"Epi.Windows.MakeView.Dialogs.WebPublishDialog";"btnKeyCopy.Text";"Copy";"Copiar";"";""
"MakeView";"Epi.Windows.MakeView.Dialogs.WebPublishDialog";"btnNext.Text";"Next";"Avançar";"";"Revisado"
"MakeView";"Epi.Windows.MakeView.Dialogs.WebPublishDialog";"btnPrevious.Text";"Previous";"Voltar";"";"Revisado"
"MakeView";"Epi.Windows.MakeView.Dialogs.WebPublishDialog";"btnPublish.Text";"";"OK";"";"Revisado"
"MakeView";"Epi.Windows.MakeView.Dialogs.WebPublishDialog";"btnPublishForm.Text";"Publish Form";"Publicar formulário";"";"Revisado"
"MakeView";"Epi.Windows.MakeView.Dialogs.WebPublishDialog";"btnShowLog.Text";"Log";"Log";"";""
"MakeView";"Epi.Windows.MakeView.Dialogs.WebPublishDialog";"btnURLCopy.Text";"Copy";"Copiar";"";""
"MakeView";"Epi.Windows.MakeView.Dialogs.WebPublishDialog";"closingTimelabel.Text";"Closing Time";"Hora de encerramento";"";"Revisado"
"MakeView";"Epi.Windows.MakeView.Dialogs.WebPublishDialog";"label1.Text";"Publish Mode:";"Modo de publicação:";"";"Revisado"
"MakeView";"Epi.Windows.MakeView.Dialogs.WebPublishDialog";"label2.Text";"Organization Key:";"Chave da organização:";"";"Revisado"
"MakeView";"Epi.Windows.MakeView.Dialogs.WebPublishDialog";"lblClosingDate.Text";"Survey Closing Date";"Data de encerramento da pesquisa";"";"Revisado"
"MakeView";"Epi.Windows.MakeView.Dialogs.WebPublishDialog";"lblDepartment.Text";"Department:";"Departamento:";"";""
"MakeView";"Epi.Windows.MakeView.Dialogs.WebPublishDialog";"lblDepMirr.Text";"Department:";"Departamento:";"";""
"MakeView";"Epi.Windows.MakeView.Dialogs.WebPublishDialog";"lblHeading1.Text";"The tabs below show an example of the pages that will appear before and after your survey when it is published.
";"As guias abaixo mostram um exemplo das páginas que aparecerão antes e depois da sua pesquisa quando ela for publicada.
";"";"Revisado"
"MakeView";"Epi.Windows.MakeView.Dialogs.WebPublishDialog";"lblHeading2.Text";"Complete the entries on tabs one and two.  Then click 'Publish Form' on tab three.
";"Preencha as informações das guias um e dois. Em seguida, clique em 'Publicar formulário' na guia três.
";"";"Revisado"
"MakeView";"Epi.Windows.MakeView.Dialogs.WebPublishDialog";"lblOrganization.Text";"Organization:";"Organização:";"";""
"MakeView";"Epi.Windows.MakeView.Dialogs.WebPublishDialog";"lblOrganizationKey.Text";"";"Chave da organização (obrigatória)";"";"Revisado"
"MakeView";"Epi.Windows.MakeView.Dialogs.WebPublishDialog";"lblOrgMirr.Text";"Organization:";"Organização:";"";""
"MakeView";"Epi.Windows.MakeView.Dialogs.WebPublishDialog";"lblPublishModeStatus.Text";"DRAFT";"RASCUNHO";"";"Revisado"
"MakeView";"Epi.Windows.MakeView.Dialogs.WebPublishDialog";"lblSecurityToken.Text";"3. Security Token -- IMPORTANT: Be sure to copy and save this Security Token in order to download the data people submit. ";"3. Token de segurança -- IMPORTANTE: copie e salve este token de segurança para baixar os dados enviados pelas pessoas. ";"";"Revisado"
"MakeView";"Epi.Windows.MakeView.Dialogs.WebPublishDialog";"lblStatus.Text";"Form Publish Status:";"Status da publicação do formulário:";"";"Revisado"
"MakeView";"Epi.Windows.MakeView.Dialogs.WebPublishDialog";"lblSuccessNotice.Text";"Your survey has been published!  Please copy and paste the following URL and Keys to be used later.";"Sua pesquisa foi publicada! Copie e cole a URL e as chaves a seguir para usar depois.";"";"Revisado"
"MakeView";"Epi.Windows.MakeView.Dialogs.WebPublishDialog";"lblSuccessNotice2.Text";"Note: The URL and Survey Key haved been written to the Epi Info log file for future reference.  Click 'Log' to see the log file.";"Observação: a URL e a chave da pesquisa foram gravadas no arquivo de log do Epi Info para consulta futura. Clique em 'Log' para ver o arquivo de log.";"";"Revisado"
"MakeView";"Epi.Windows.MakeView.Dialogs.WebPublishDialog";"lblSurveyKey.Text";"2. Survey Key:  Copy and save this Survey Key in order to access the survey after the people submit their responses.";"2. Chave da pesquisa: copie e salve esta chave da pesquisa para acessar a pesquisa depois que as pessoas enviarem as respostas.";"";"Revisado"
"MakeView";"Epi.Windows.MakeView.Dialogs.WebPublishDialog";"lblSurveyStartDate.Text";"Survey Start Date";"Data de início da pesquisa";"";"Revisado"
"MakeView";"Epi.Windows.MakeView.Dialogs.WebPublishDialog";"lblSurveyType.Text";"Can a person submit a completed survey response only once or many times?";"Uma pessoa pode enviar uma resposta completa da pesquisa apenas uma vez ou várias vezes?";"";"Revisado"
"MakeView";"Epi.Windows.MakeView.Dialogs.WebPublishDialog";"lblSurvNum.Text";"Survey Number:";"Número da pesquisa:";"";"Revisado"
"MakeView";"Epi.Windows.MakeView.Dialogs.WebPublishDialog";"lblSurvNumMirr.Text";"Survey #:";"Pesquisa nº:";"";"Revisado"
"MakeView";"Epi.Windows.MakeView.Dialogs.WebPublishDialog";"lblURL.Text";"1. URL :  Send this URL to people you want to complete the survey.";"1. URL: envie esta URL às pessoas que você quer que respondam à pesquisa.";"";"Revisado"
"MakeView";"Epi.Windows.MakeView.Dialogs.WebPublishDialog";"lblWelcome.Text";"Welcome!";"Bem-vindo!";"";"Revisado"
"MakeView";"Epi.Windows.MakeView.Dialogs.WebPublishDialog";"OrganizationKeyLinkLabel.Text";"";"Chave da organização:";"";"Revisado"
"MakeView";"Epi.Windows.MakeView.Dialogs.WebPublishDialog";"OrganizationKeyValueLabel.Text";"";"";"";"Revisado"
"MakeView";"Epi.Windows.MakeView.Dialogs.WebPublishDialog";"rdbMultipleResponse.Text";"Many responses allowed";"Várias respostas permitidas";"";"Revisado"
"MakeView";"Epi.Windows.MakeView.Dialogs.WebPublishDialog";"rdbSingleResponse.Text";"One response only";"Somente uma resposta";"";"Revisado"
"MakeView";"Epi.Windows.MakeView.Dialogs.WebPublishDialog";"StartTimelabel.Text";"Start Time";"Hora de início";"";"Revisado"
"MakeView";"Epi.Windows.MakeView.Dialogs.WebPublishDialog";"tabEntry.Text";"3. Publish Options";"3. Opções de publicação";"";"Revisado"
"MakeView";"Epi.Windows.MakeView.Dialogs.WebPublishDialog";"tabExit.Text";"2. Exit Page";"2. Página de saída";"";"Revisado"
"MakeView";"Epi.Windows.MakeView.Dialogs.WebPublishDialog";"tabIntro.Text";"1. Introduction Page";"1. Página de introdução";"";"Revisado"
"MakeView";"Epi.Windows.MakeView.Dialogs.WebPublishDialog";"WebSurveyOptionsLinkLabel.Text";"Web Survey Options";"Opções do Web Survey";"";"Revisado"
"MakeView";"Epi.Windows.MakeView.Dialogs.WebSurveyOptions";"$this.Text";"Web Survey Options";"Opções do Web Survey";"";"Revisado"
"MakeView";"Epi.Windows.MakeView.Dialogs.WebSurveyOptions";"BasicRadioButton.Text";"basic";"basic";"";"Revisado"
"MakeView";"Epi.Windows.MakeView.Dialogs.WebSurveyOptions";"CancelButton.Text";"Cancel";"Cancelar";"";""
"MakeView";"Epi.Windows.MakeView.Dialogs.WebSurveyOptions";"groupBox1.Text";"Connect using Windows Authentication?";"Conectar usando a autenticação do Windows?";"";"Revisado"
"MakeView";"Epi.Windows.MakeView.Dialogs.WebSurveyOptions";"groupBox2.Text";"Binding Protocol:";"Protocolo de binding:";"";"Revisado"
"MakeView";"Epi.Windows.MakeView.Dialogs.WebSurveyOptions";"lblError.Text";"[Error Message Description]";"[Error Message Description]";"";""
"MakeView";"Epi.Windows.MakeView.Dialogs.WebSurveyOptions";"lblWebSurvEndPtAddr.Text";"Endpoint Address:";"Endereço do endpoint:";"";"Revisado"
"MakeView";"Epi.Windows.MakeView.Dialogs.WebSurveyOptions";"lblWebSurveyInstructions1.Text";"Contact the system administrator to provide the settings to publish forms to Web Survey.";"Entre em contato com o administrador do sistema para obter as configurações de publicação de formulários no Web Survey.";"";"Revisado"
"MakeView";"Epi.Windows.MakeView.Dialogs.WebSurveyOptions";"lblWebSurveyInstructions2.Text";"You can also update this information by clicking the ‘Web Survey’ tab under the Tools > Options.";"Você também pode atualizar essas informações clicando na guia ‘Web Survey’ em Ferramentas > Opções.";"";"Revisado"
"MakeView";"Epi.Windows.MakeView.Dialogs.WebSurveyOptions";"NoRadioButton.Text";"No";"Não";"";"Revisado"
"MakeView";"Epi.Windows.MakeView.Dialogs.WebSurveyOptions";"OkButton.Text";"Apply Settings";"Aplicar configurações";"";"Revisado"
"MakeView";"Epi.Windows.MakeView.Dialogs.WebSurveyOptions";"WsHTTpRadioButton.Text";"wsHTTP";"wsHTTP";"";""
"MakeView";"Epi.Windows.MakeView.Dialogs.WebSurveyOptions";"YesRadioButton.Text";"Yes (requires basic protocol)";"Sim (requer o protocolo basic)";"";"Revisado"
"MakeView";"Epi.Windows.MakeView.Forms.Canvas";"$this.Text";"Canvas";"Canvas";"";"Revisado"
"MakeView";"Epi.Windows.MakeView.Forms.CheckCode";"$this.Text";"Check Code Editor";"Editor de código de verificação";"LONGO";"Revisado"
"MakeView";"Epi.Windows.MakeView.Forms.CheckCode";"advancedToolStripMenuItem.Text";"advanced";"avançado";"";""
"MakeView";"Epi.Windows.MakeView.Forms.CheckCode";"basicToolStripMenuItem.Text";"basic";"básico";"";"Revisado"
"MakeView";"Epi.Windows.MakeView.Forms.CheckCode";"btnAddBlock.Text";"Add Block To Editor";"Adicionar bloco ao editor";"";"Revisado"
"MakeView";"Epi.Windows.MakeView.Forms.CheckCode";"btnCancel.Text";"&Close";"&Fechar";"";"Revisado"
"MakeView";"Epi.Windows.MakeView.Forms.CheckCode";"btnPrint.Text";"&Print";"&Imprimir";"";"Revisado"
"MakeView";"Epi.Windows.MakeView.Forms.CheckCode";"btnSave.Text";"&Save";"&Salvar";"";"Revisado"
"MakeView";"Epi.Windows.MakeView.Forms.CheckCode";"CheckCodeMenu.Text";"menuStrip1";"menuStrip1";"";""
"MakeView";"Epi.Windows.MakeView.Forms.CheckCode";"CheckCodeStatusBar.Text";"statusStrip1";"statusStrip1";"";"Revisado"
"MakeView";"Epi.Windows.MakeView.Forms.CheckCode";"ContextLabel.Text";"context:";"Contexto:";"";""
"MakeView";"Epi.Windows.MakeView.Forms.CheckCode";"copyToolStripMenuItem.Text";"Copy";"Copiar";"";""
"MakeView";"Epi.Windows.MakeView.Forms.CheckCode";"cutToolStripMenuItem.Text";"Cut";"Cortar";"";""
"MakeView";"Epi.Windows.MakeView.Forms.CheckCode";"deleteToolStripMenuItem.Text";"Delete";"Excluir";"";"Revisado"
"MakeView";"Epi.Windows.MakeView.Forms.CheckCode";"enableVariableValidationToolStripMenuItem.Text";"Enable Variable Validation";"Habilitar validação de variáveis";"";"Revisado"
"MakeView";"Epi.Windows.MakeView.Forms.CheckCode";"groupBox1.Text";"1. Choose Field Block for Action";"1. Escolha o bloco de campo da ação";"";"Revisado"
"MakeView";"Epi.Windows.MakeView.Forms.CheckCode";"groupBox2.Text";"2. Add Command To Field Block";"2. Adicionar comando ao bloco de campo";"";"Revisado"
"MakeView";"Epi.Windows.MakeView.Forms.CheckCode";"groupBox3.Text";"Messages";"Mensagens";"";""
"MakeView";"Epi.Windows.MakeView.Forms.CheckCode";"mnuEdit.Text";"&Edit";"&Editar";"";"Revisado"
"MakeView";"Epi.Windows.MakeView.Forms.CheckCode";"mnuEditCopy.Text";"Copy";"Copiar";"";""
"MakeView";"Epi.Windows.MakeView.Forms.CheckCode";"mnuEditCut.Text";"Cut";"Cortar";"";""
"MakeView";"Epi.Windows.MakeView.Forms.CheckCode";"mnuEditFind.Text";"&Find";"&Localizar";"";"Revisado"
"MakeView";"Epi.Windows.MakeView.Forms.CheckCode";"mnuEditFindNext.Text";"Find Next";"Localizar próximo";"LONGO";"Revisado"
"MakeView";"Epi.Windows.MakeView.Forms.CheckCode";"mnuEditPaste.Text";"Paste";"Colar";"";""
"MakeView";"Epi.Windows.MakeView.Forms.CheckCode";"mnuEditRedo.Text";"Redo";"Refazer";"";""
"MakeView";"Epi.Windows.MakeView.Forms.CheckCode";"mnuEditReplace.Text";"&Replace";"&Substituir";"";"Revisado"
"MakeView";"Epi.Windows.MakeView.Forms.CheckCode";"mnuEditUndo.Text";"Undo";"Desfazer";"";""
"MakeView";"Epi.Windows.MakeView.Forms.CheckCode";"mnuFile.Text";"&File";"&Arquivo";"";"Revisado"
"MakeView";"Epi.Windows.MakeView.Forms.CheckCode";"mnuFileClose.Text";"&Close";"&Fechar";"";"Revisado"
"MakeView";"Epi.Windows.MakeView.Forms.CheckCode";"mnuFilePrint.Text";"Print...";"Imprimir…";"";""
"MakeView";"Epi.Windows.MakeView.Forms.CheckCode";"mnuFileSave.Text";"&Save";"&Salvar";"";"Revisado"
"MakeView";"Epi.Windows.MakeView.Forms.CheckCode";"mnuFileSaveAs.Text";"Save &As...";"Salvar &como…";"";"Revisado"
"MakeView";"Epi.Windows.MakeView.Forms.CheckCode";"mnuFileValidate.Text";"Validate";"Validar";"";""
"MakeView";"Epi.Windows.MakeView.Forms.CheckCode";"mnuFonts.Text";"F&onts";"F&ontes";"";"Revisado"
"MakeView";"Epi.Windows.MakeView.Forms.CheckCode";"mnuFontsSetEditorFont.Text";"Set editor font";"Definir a fonte do editor";"";"Revisado"
"MakeView";"Epi.Windows.MakeView.Forms.CheckCode";"pasteToolStripMenuItem.Text";"Paste";"Colar";"";""
"MakeView";"Epi.Windows.MakeView.Forms.CheckCode";"toolStrip1.Text";"MainToolStrip";"MainToolStrip";"";""
"MakeView";"Epi.Windows.MakeView.Forms.CheckCode";"toolStripDropDownButton1.Text";"Edit Mode";"Modo de edição";"";"Revisado"
"MakeView";"Epi.Windows.MakeView.Forms.CheckCode";"toolStripStatusLabel1.Text";"Line:";"Linha:";"";""
"MakeView";"Epi.Windows.MakeView.Forms.CheckCode";"toolStripStatusLabel2.Text";"Column:";"Coluna:";"";""
"MakeView";"Epi.Windows.MakeView.Forms.CheckCode";"toolStripStatusLabel3.Text";"Position:";"Posição:";"";"Revisado"
"MakeView";"Epi.Windows.MakeView.Forms.CheckCode";"toolStripStatusLabel6.Text";"Field Block";"Bloco de campo";"";"Revisado"
"MakeView";"Epi.Windows.MakeView.Forms.CheckCode";"ValidateCodeToolStripButton.Text";"&Validate Check Code";"&Validar código de verificação";"";"Revisado"
"MakeView";"Epi.Windows.MakeView.Forms.CheckCode";"validationToolStripMenuItem.Text";"Tools";"Ferramentas";"";"Revisado"
"MakeView";"Epi.Windows.MakeView.Forms.DataDictionary";"$this.Text";"Data Dictionary";"Dicionário de dados";"";"Revisado"
"MakeView";"Epi.Windows.MakeView.Forms.DataDictionary";"btnAsWebPage.Text";"View/Print as Web Page";"Ver/Imprimir como página da Web";"";"Revisado"
"MakeView";"Epi.Windows.MakeView.Forms.DataDictionary";"btnClose.Text";"Close";"Fechar";"";""
"MakeView";"Epi.Windows.MakeView.Forms.DataDictionary";"lblSelectedView.Text";"Selected Form/Code Table:";"Formulário/tabela de códigos selecionado:";"";"Revisado"
"MakeView";"Epi.Windows.MakeView.Forms.EditorToolWindow";"$this.Text";"Check Code:  Choose field where action will occur.";"Código de verificação: escolha o campo em que a ação ocorrerá.";"";"Revisado"
"MakeView";"Epi.Windows.MakeView.Forms.EditorToolWindow";"btnCancel.Text";"Cancel";"Cancelar";"";""
"MakeView";"Epi.Windows.MakeView.Forms.EditorToolWindow";"btnPrint.Text";"&Print";"&Imprimir";"";"Revisado"
"MakeView";"Epi.Windows.MakeView.Forms.EditorToolWindow";"btnSave.Text";"&Save";"&Salvar";"";"Revisado"
"MakeView";"Epi.Windows.MakeView.Forms.EditorToolWindow";"toolStrip1.Text";"MainToolStrip";"MainToolStrip";"";""
"MakeView";"Epi.Windows.MakeView.Forms.EditorToolWindow";"toolStripLabel1.Text";"Field:";"Campo:";"";""
"MakeView";"Epi.Windows.MakeView.Forms.EditorToolWindow";"toolStripLabel2.Text";"Event:";"Evento:";"";""
"MakeView";"Epi.Windows.MakeView.Forms.MakeViewMainForm";"$this.Text";"Epi Info 7 - Form Designer";"Epi Info 7 - Designer de Formulários";"";"Revisado"
"MakeView";"Epi.Windows.MakeView.Forms.MakeViewMainForm";"aboutEpiInfoToolStripMenuItem.Text";"&About Epi Info 7";"&Sobre o Epi Info 7";"";"Revisado"
"MakeView";"Epi.Windows.MakeView.Forms.MakeViewMainForm";"addPageToolStripMenuItem.Text";"Add Page";"Adicionar página";"LONGO";"Revisado"
"MakeView";"Epi.Windows.MakeView.Forms.MakeViewMainForm";"alignmentToolStripMenuItem.Text";"&Alignment";"&Alinhamento";"";"Revisado"
"MakeView";"Epi.Windows.MakeView.Forms.MakeViewMainForm";"backgroundToolStripMenuItem.Text";"&Background";"&Fundo";"";"Revisado"
"MakeView";"Epi.Windows.MakeView.Forms.MakeViewMainForm";"btnCheckCode.Text";"Chec&k Code";"Código de &verificação";"LONGO";"Revisado"
"MakeView";"Epi.Windows.MakeView.Forms.MakeViewMainForm";"btnCopy.Text";"Copy";"Copiar";"";""
"MakeView";"Epi.Windows.MakeView.Forms.MakeViewMainForm";"btnCut.Text";"Cut";"Cortar";"";""
"MakeView";"Epi.Windows.MakeView.Forms.MakeViewMainForm";"btnEnterData.Text";"&Enter Data";"&Inserir Dados";"";"Revisado"
"MakeView";"Epi.Windows.MakeView.Forms.MakeViewMainForm";"btnNew.Text";"&New Project";"&Novo projeto";"";"Revisado"
"MakeView";"Epi.Windows.MakeView.Forms.MakeViewMainForm";"btnOpen.Text";"&Open Project";"&Abrir projeto";"";"Revisado"
"MakeView";"Epi.Windows.MakeView.Forms.MakeViewMainForm";"btnPaste.Text";"Paste";"Colar";"";""
"MakeView";"Epi.Windows.MakeView.Forms.MakeViewMainForm";"btnSave.Text";"Save";"Salvar";"";""
"MakeView";"Epi.Windows.MakeView.Forms.MakeViewMainForm";"ChangeModetoolStripDropDownButton.Text";"Change Mode";"Alterar modo";"";"Revisado"
"MakeView";"Epi.Windows.MakeView.Forms.MakeViewMainForm";"checkCodeToolStripMenuItem.Text";"&Check Code Editor";"Editor de código de &verificação";"";"Revisado"
"MakeView";"Epi.Windows.MakeView.Forms.MakeViewMainForm";"closeProjectToolStripMenuItem.Text";"&Close Project";"&Fechar projeto";"";"Revisado"
"MakeView";"Epi.Windows.MakeView.Forms.MakeViewMainForm";"contentsToolStripMenuItem.Text";"&Contents";"&Conteúdo";"";"Revisado"
"MakeView";"Epi.Windows.MakeView.Forms.MakeViewMainForm";"copyViewToolStripMenuItem.Text";"Copy &Form";"Copiar &formulário";"";"Revisado"
"MakeView";"Epi.Windows.MakeView.Forms.MakeViewMainForm";"createDataTableToolStripMenuItem.Text";"&Create Data Table";"&Criar tabela de dados";"";"Revisado"
"MakeView";"Epi.Windows.MakeView.Forms.MakeViewMainForm";"deleteDataTableToolStripMenuItem.Text";"&Delete Data Table";"&Excluir tabela de dados";"";"Revisado"
"MakeView";"Epi.Windows.MakeView.Forms.MakeViewMainForm";"deletePageToolStripMenuItem.Text";"&Delete Page";"E&xcluir página";"";"Revisado"
"MakeView";"Epi.Windows.MakeView.Forms.MakeViewMainForm";"displayDataDictionaryToolStripMenuItem.Text";"&Data Dictionary";"&Dicionário de dados";"";"Revisado"
"MakeView";"Epi.Windows.MakeView.Forms.MakeViewMainForm";"draftToolStripMenuItem.Text";"";"Rascunho";"";"Revisado"
"MakeView";"Epi.Windows.MakeView.Forms.MakeViewMainForm";"draftToolStripMenuItem1.Text";"Draft";"Rascunho";"";"Revisado"
"MakeView";"Epi.Windows.MakeView.Forms.MakeViewMainForm";"draftToolStripMenuItem2.Text";"Draft";"Rascunho";"";"Revisado"
"MakeView";"Epi.Windows.MakeView.Forms.MakeViewMainForm";"editToolStripMenuItem.Text";"&Edit";"&Editar";"";"Revisado"
"MakeView";"Epi.Windows.MakeView.Forms.MakeViewMainForm";"EIWSToolStripMenuItem.Text";"Web Survey";"Web Survey";"";""
"MakeView";"Epi.Windows.MakeView.Forms.MakeViewMainForm";"enterDataToolStripMenuItem.Text";"&Enter Data";"&Inserir Dados";"";"Revisado"
"MakeView";"Epi.Windows.MakeView.Forms.MakeViewMainForm";"epiInfoLogsToolStripMenuItem.Text";"Epi Info &Logs";"&Logs do Epi Info";"";"Revisado"
"MakeView";"Epi.Windows.MakeView.Forms.MakeViewMainForm";"EWEToolStripMenuItem.Text";"Cloud Data Capture";"Cloud Data Capture";"";"Revisado"
"MakeView";"Epi.Windows.MakeView.Forms.MakeViewMainForm";"exitMakeViewToolStripMenuItem.Text";"E&xit";"&Sair";"";"Revisado"
"MakeView";"Epi.Windows.MakeView.Forms.MakeViewMainForm";"fieldNamesToolStripMenuItem.Text";"Field Names";"Nomes de campos";"";"Revisado"
"MakeView";"Epi.Windows.MakeView.Forms.MakeViewMainForm";"fileToolStripMenuItem.Text";"&File";"&Arquivo";"";"Revisado"
"MakeView";"Epi.Windows.MakeView.Forms.MakeViewMainForm";"finalToolStripMenuItem.Text";"";"Final";"";""
"MakeView";"Epi.Windows.MakeView.Forms.MakeViewMainForm";"finalToolStripMenuItem1.Text";"Final";"Final";"";""
"MakeView";"Epi.Windows.MakeView.Forms.MakeViewMainForm";"finalToolStripMenuItem2.Text";"Final";"Final";"";"Revisado"
"MakeView";"Epi.Windows.MakeView.Forms.MakeViewMainForm";"forToolStripMenuItem.Text";"F&ormat";"F&ormato";"";"Revisado"
"MakeView";"Epi.Windows.MakeView.Forms.MakeViewMainForm";"groupToolStripMenuItem.Text";"&Group";"&Grupo";"";"Revisado"
"MakeView";"Epi.Windows.MakeView.Forms.MakeViewMainForm";"helpToolStripMenuItem.Text";"&Help";"A&juda";"";"Revisado"
"MakeView";"Epi.Windows.MakeView.Forms.MakeViewMainForm";"horizontalToolStripMenuItem.Text";"&As Table";"Como &tabela";"";"Revisado"
"MakeView";"Epi.Windows.MakeView.Forms.MakeViewMainForm";"Import35xToolStripMenuItem.Text";"Epi Info 3.5.x (.MDB)";"Epi Info 3.5.x (.MDB)";"";""
"MakeView";"Epi.Windows.MakeView.Forms.MakeViewMainForm";"Import6xToolStripMenuItem.Text";"Epi Info 6.x (.REC)";"Epi Info 6.x (.REC)";"";""
"MakeView";"Epi.Windows.MakeView.Forms.MakeViewMainForm";"importCheckCodeToolStripMenuItem.Text";"Import &Check Code";"Importar código de &verificação";"";"Revisado"
"MakeView";"Epi.Windows.MakeView.Forms.MakeViewMainForm";"importEpi6RecFileToolStripMenuItem.Text";"&Import Epi 6 &Rec File";"&Importar arquivo REC do Epi 6";"";"Revisado"
"MakeView";"Epi.Windows.MakeView.Forms.MakeViewMainForm";"insertPageToolStripMenuItem.Text";"Insert Page";"Inserir página";"";"Revisado"
"MakeView";"Epi.Windows.MakeView.Forms.MakeViewMainForm";"insertToolStripMenuItem.Text";"&Insert";"&Inserir";"";"Revisado"
"MakeView";"Epi.Windows.MakeView.Forms.MakeViewMainForm";"MainMenu.Text";"menuStrip1";"menuStrip1";"";""
"MakeView";"Epi.Windows.MakeView.Forms.MakeViewMainForm";"MainToolStripContainer.Text";"toolStripContainer1";"toolStripContainer1";"";""
"MakeView";"Epi.Windows.MakeView.Forms.MakeViewMainForm";"makeAccessPRJToolStripMenuItem.Text";"From Epi Info 7 project (MS Access)";"A partir de um projeto do Epi Info 7 (MS Access)";"";"Revisado"
"MakeView";"Epi.Windows.MakeView.Forms.MakeViewMainForm";"makeProjectToolStripMenuItem.Text";"Make PRJ File";"Criar arquivo PRJ";"";"Revisado"
"MakeView";"Epi.Windows.MakeView.Forms.MakeViewMainForm";"makeSQLPRJToolStripMenuItem.Text";"From Epi Info 7 project (SQL Server)";"A partir de um projeto do Epi Info 7 (SQL Server)";"";"Revisado"
"MakeView";"Epi.Windows.MakeView.Forms.MakeViewMainForm";"makeViewFromDataTableToolStripMenuItem.Text";"&Make Form from Data Table";"&Criar formulário a partir de tabela de dados";"";"Revisado"
"MakeView";"Epi.Windows.MakeView.Forms.MakeViewMainForm";"mnuCopyToPhone.Text";"Copy Form to Mobile Device";"Copiar formulário para dispositivo móvel";"";"Revisado"
"MakeView";"Epi.Windows.MakeView.Forms.MakeViewMainForm";"mnuEditCopy.Text";"Copy";"Copiar";"";""
"MakeView";"Epi.Windows.MakeView.Forms.MakeViewMainForm";"mnuEditCut.Text";"Cut";"Cortar";"";""
"MakeView";"Epi.Windows.MakeView.Forms.MakeViewMainForm";"mnuEditPaste.Text";"Paste";"Colar";"";""
"MakeView";"Epi.Windows.MakeView.Forms.MakeViewMainForm";"mnuImportTemplate.Text";"Get Template";"Obter modelo";"";"Revisado"
"MakeView";"Epi.Windows.MakeView.Forms.MakeViewMainForm";"mnuPublishToWeb.Text";"Publish Form to Web Survey";"Publicar formulário no Web Survey";"";"Revisado"
"MakeView";"Epi.Windows.MakeView.Forms.MakeViewMainForm";"NewPageMenuItem.Text";"New Page";"Nova página";"";"Revisado"
"MakeView";"Epi.Windows.MakeView.Forms.MakeViewMainForm";"NewProjectFromTemplateMenuItem.Text";"New Project from Template";"Novo projeto a partir de modelo";"";"Revisado"
"MakeView";"Epi.Windows.MakeView.Forms.MakeViewMainForm";"NewProjectMenuItem.Text";"New Project";"Novo projeto";"";"Revisado"
"MakeView";"Epi.Windows.MakeView.Forms.MakeViewMainForm";"NewViewMenuItem.Text";"New Form";"Novo formulário";"LONGO";"Revisado"
"MakeView";"Epi.Windows.MakeView.Forms.MakeViewMainForm";"openProjectToolStripMenuItem.Text";"&Open Project";"&Abrir projeto";"";"Revisado"
"MakeView";"Epi.Windows.MakeView.Forms.MakeViewMainForm";"optionsToolStripMenuItem.Text";"&Options";"&Opções";"";"Revisado"
"MakeView";"Epi.Windows.MakeView.Forms.MakeViewMainForm";"orderOfFieldEntryToolStripMenuItem.Text";"&Order of Field Entry (Tab Order)";"&Ordem de preenchimento dos campos (ordem de tabulação)";"";"Revisado"
"MakeView";"Epi.Windows.MakeView.Forms.MakeViewMainForm";"pageSetupToolStripMenuItem.Text";"&Page Setup";"Configurar &página";"";"Revisado"
"MakeView";"Epi.Windows.MakeView.Forms.MakeViewMainForm";"pageToolStripMenuItem1.Text";"&Page";"&Página";"";"Revisado"
"MakeView";"Epi.Windows.MakeView.Forms.MakeViewMainForm";"QuickPublishtoolStripButton.Text";"&Quick Publish";"Publicação &rápida";"";"Revisado"
"MakeView";"Epi.Windows.MakeView.Forms.MakeViewMainForm";"recentProjectsToolStripMenuItem.Text";"&Recent Projects";"Projetos &recentes";"";"Revisado"
"MakeView";"Epi.Windows.MakeView.Forms.MakeViewMainForm";"redoToolStripMenuItem.Text";"&Redo";"&Refazer";"";"Revisado"
"MakeView";"Epi.Windows.MakeView.Forms.MakeViewMainForm";"renamePageToolStripMenuItem.Text";"&Rename Page";"&Renomear página";"";"Revisado"
"MakeView";"Epi.Windows.MakeView.Forms.MakeViewMainForm";"saveToolStripMenuItem.Text";"&Save";"&Salvar";"";"Revisado"
"MakeView";"Epi.Windows.MakeView.Forms.MakeViewMainForm";"setDefaultControlFontToolStripMenuItem.Text";"Set Default &Input Font";"Definir fonte padrão de &entrada";"";"Revisado"
"MakeView";"Epi.Windows.MakeView.Forms.MakeViewMainForm";"setDefaultFontToolStripMenuItem.Text";"Set Default Prompt &Font";"Definir &fonte padrão do rótulo";"";"Revisado"
"MakeView";"Epi.Windows.MakeView.Forms.MakeViewMainForm";"settingsToolStripMenuItem.Text";"&Grid Settings";"Configurações da &grade";"";"Revisado"
"MakeView";"Epi.Windows.MakeView.Forms.MakeViewMainForm";"statusBarToolStripMenuItem.Text";"&Status Bar";"Barra de &status";"";"Revisado"
"MakeView";"Epi.Windows.MakeView.Forms.MakeViewMainForm";"tabOrderToolStripMenuItem.Text";"Tab Order";"Ordem de tabulação";"LONGO";"Revisado"
"MakeView";"Epi.Windows.MakeView.Forms.MakeViewMainForm";"toolsToolStripMenuItem.Text";"&Tools";"&Ferramentas";"";"Revisado"
"MakeView";"Epi.Windows.MakeView.Forms.MakeViewMainForm";"toolStripButtonCloseProject.Text";"&Close Project";"&Fechar projeto";"";"Revisado"
"MakeView";"Epi.Windows.MakeView.Forms.MakeViewMainForm";"toolStripButtonRedo.Text";"Redo";"Refazer";"";""
"MakeView";"Epi.Windows.MakeView.Forms.MakeViewMainForm";"toolStripButtonRedo.ToolTipText";"Ctrl + Y";"Ctrl + Y";"";""
"MakeView";"Epi.Windows.MakeView.Forms.MakeViewMainForm";"toolStripButtonUndo.Text";"Undo";"Desfazer";"";""
"MakeView";"Epi.Windows.MakeView.Forms.MakeViewMainForm";"toolStripButtonUndo.ToolTipText";"Ctrl - Z";"Ctrl - Z";"";""
"MakeView";"Epi.Windows.MakeView.Forms.MakeViewMainForm";"toolStripMenuItem1.Text";"";"Importar projetos";"";"Revisado"
"MakeView";"Epi.Windows.MakeView.Forms.MakeViewMainForm";"toolStripMenuItem2.Text";"";"Formulário de e-mail…";"";"Revisado"
"MakeView";"Epi.Windows.MakeView.Forms.MakeViewMainForm";"toolStripMenuItemPrint.Text";"Print";"Imprimir";"";""
"MakeView";"Epi.Windows.MakeView.Forms.MakeViewMainForm";"toolStripPublishToWebEnter.Text";"Publish Form to Cloud Data Capture";"Publicar formulário no Cloud Data Capture";"";"Revisado"
"MakeView";"Epi.Windows.MakeView.Forms.MakeViewMainForm";"toWebEnterToolStripMenuItem.Text";"To Cloud Data Capture";"Para o Cloud Data Capture";"";"Revisado"
"MakeView";"Epi.Windows.MakeView.Forms.MakeViewMainForm";"toWebSurveyToolStripMenuItem.Text";"To Web Survey";"Para o Web Survey";"";"Revisado"
"MakeView";"Epi.Windows.MakeView.Forms.MakeViewMainForm";"undoToolStripMenuItem.Text";"&Undo";"&Desfazer";"";"Revisado"
"MakeView";"Epi.Windows.MakeView.Forms.MakeViewMainForm";"upgradeToolStripMenuItem.Text";"Upgrade Project";"Atualizar projeto";"";"Revisado"
"MakeView";"Epi.Windows.MakeView.Forms.MakeViewMainForm";"verticalToolStripMenuItem.Text";"&As Stack";"Como &pilha";"";"Revisado"
"MakeView";"Epi.Windows.MakeView.Forms.MakeViewMainForm";"viewToolStripMenuItem.Text";"&View";"E&xibir";"";"Revisado"
"MakeView";"Epi.Windows.MakeView.Forms.MakeViewMainForm";"vocabularyFieldsToolStripMenuItem.Text";"Vocabulary Fields";"Campos de vocabulário";"";"Revisado"
"MakeView";"Epi.Windows.MakeView.Forms.ProjectExplorer";"$this.Text";"Project Explorer";"Explorador de projetos";"";"Revisado"
"Mapping";"Epi.Windows.Mapping.MapMainForm";"$this.Text";"Map";"Mapa";"";""
"Mapping";"Epi.Windows.Mapping.MapMainForm";"btnAddLayer.Text";"";"Adicionar camada de dados";"";"Revisado"
"Mapping";"Epi.Windows.Mapping.MapMainForm";"btnOpen.Text";"";"Abrir";"";""
"Mapping";"Epi.Windows.Mapping.MapMainForm";"btnReference.Text";"";"Adicionar camada de referência";"";"Revisado"
"Mapping";"Epi.Windows.Mapping.MapMainForm";"btnSave.Text";"";"Salvar";"";""
"Mapping";"Epi.Windows.Mapping.MapMainForm";"btnSaveImage.Text";"";"Salvar como imagem";"";"Revisado"
"Mapping";"Epi.Windows.Mapping.MapMainForm";"btnTimeLapse.Text";"";"Criar time-lapse";"";"Revisado"
"Mapping";"Epi.Windows.Mapping.MapMainForm";"caseClusterToolStripMenuItem.Text";"";"Agrupamento de casos";"";"Revisado"
"Mapping";"Epi.Windows.Mapping.MapMainForm";"dotDensityToolStripMenuItem.Text";"";"Densidade de pontos";"";"Revisado"
"Mapping";"Epi.Windows.Mapping.MapMainForm";"fromKMLToolStripMenuItem.Text";"";"De um arquivo KML";"";"Revisado"
"Mapping";"Epi.Windows.Mapping.MapMainForm";"fromMapServerToolStripMenuItem.Text";"";"De um servidor de mapas";"";"Revisado"
"Mapping";"Epi.Windows.Mapping.MapMainForm";"fromShapeFileToolStripMenuItem.Text";"";"De um arquivo shapefile";"";"Revisado"
"Mapping";"Epi.Windows.Mapping.MapMainForm";"toolStripContainer1.Text";"";"toolStripContainer1";"";""
"Mapping";"Epi.Windows.Mapping.MapMainForm";"toolStripMenuItem1.Text";"";"Densidade de cores";"";"Revisado"
"Mapping";"Epi.Windows.Mapping.MapMainForm";"toolStripMenuItem2.Text";"";"Pontos de interesse";"";""
"Mapping";"Epi.Windows.Mapping.MapMainForm";"withKMLBoundariesToolStripMenuItem.Text";"";"Com limites de KML";"";"Revisado"
"Mapping";"Epi.Windows.Mapping.MapMainForm";"withKMLBoundariesToolStripMenuItem1.Text";"";"Com limites de KML";"";"Revisado"
"Mapping";"Epi.Windows.Mapping.MapMainForm";"withMapServerBoundariesToolStripMenuItem.Text";"";"Com limites de servidor de mapas";"";"Revisado"
"Mapping";"Epi.Windows.Mapping.MapMainForm";"withMapServerBoundariesToolStripMenuItem1.Text";"";"Com limites de servidor de mapas";"";"Revisado"
"Mapping";"Epi.Windows.Mapping.MapMainForm";"withShapeFileBoundariesToolStripMenuItem.Text";"";"Com limites de shapefile";"";"Revisado"
"Mapping";"Epi.Windows.Mapping.MapMainForm";"withShapeFileBoundariesToolStripMenuItem1.Text";"";"Com limites de shapefile";"";"Revisado"
"Menu";"Epi.Windows.Menu.Dialogs.ButtonDialog";"$this.Text";"Button Dialog";"Diálogo de botões";"";"Revisado"
"Menu";"Epi.Windows.Menu.Dialogs.ButtonDialog";"btnButton1.Text";"button1";"Botão1";"";""
"Menu";"Epi.Windows.Menu.Dialogs.ButtonDialog";"btnCancel.Text";"Cancel";"Cancelar";"";""
"Menu";"Epi.Windows.Menu.Dialogs.ButtonDialog";"lblMessage.Text";"label1";"Rótulo1";"";"Revisado"
"Menu";"Epi.Windows.Menu.Dialogs.DatabaseFormat";"$this.Text";"Database Format Options";"Opções de formato do banco de dados";"";"Revisado"
"Menu";"Epi.Windows.Menu.Dialogs.DatabaseFormat";"btnCancel.Text";"Cancel";"Cancelar";"";""
"Menu";"Epi.Windows.Menu.Dialogs.DatabaseFormat";"button1.Text";"OK";"OK";"";"Revisado"
"Menu";"Epi.Windows.Menu.Dialogs.DatabaseFormat";"label1.Text";"Select the default format for creating new databases.";"Selecione o formato padrão para a criação de novos bancos de dados.";"";"Revisado"
"Menu";"Epi.Windows.Menu.Dialogs.ListDialog";"$this.Text";"List Dialog";"Diálogo de lista";"";"Revisado"
"Menu";"Epi.Windows.Menu.Dialogs.ListDialog";"btnCancel.Text";"Cancel";"Cancelar";"";""
"Menu";"Epi.Windows.Menu.Dialogs.ListDialog";"btnOK.Text";"OK";"OK";"";"Revisado"
"Menu";"Epi.Windows.Menu.Dialogs.ListDialog";"lblMessage.Text";"label1";"Rótulo1";"";"Revisado"
"Menu";"Epi.Windows.Menu.Dialogs.SelectLanguage";"$this.Text";"Select A Language";"Selecione um idioma";"";"Revisado"
"Menu";"Epi.Windows.Menu.Dialogs.SelectLanguage";"btnCancel.Text";"Cancel";"Cancelar";"";""
"Menu";"Epi.Windows.Menu.Dialogs.SelectLanguage";"btnHelp.Text";"Help";"Ajuda";"";""
"Menu";"Epi.Windows.Menu.Dialogs.SelectLanguage";"btnOK.Text";"OK";"OK";"";"Revisado"
"Menu";"Epi.Windows.Menu.Dialogs.SelectLanguage";"lblDescription.Text";"The list includes only languages that have been installed.";"A lista inclui apenas os idiomas instalados.";"";"Revisado"
"Menu";"Epi.Windows.Menu.Dialogs.SelectLanguage";"lblHelp.Text";"Use Regional and Language Options to set the Default language when using a non-Western/European language.";"Use as Opções Regionais e de Idioma para definir o idioma padrão ao usar um idioma não ocidental/europeu.";"";"Revisado"
"Menu";"Epi.Windows.Menu.Dialogs.SimpleDialog";"$this.Text";"Menu";"Menu";"";""
"Menu";"Epi.Windows.Menu.Dialogs.SimpleDialog";"btnOK.Text";"OK";"OK";"";"Revisado"
"Menu";"Epi.Windows.Menu.Dialogs.SimpleDialog";"lblMessage.Text";"label1";"Rótulo1";"";"Revisado"
"Menu";"Epi.Windows.Menu.Dialogs.SingleValueDialog";"$this.Text";"Single Value Dialog";"Diálogo de valor único";"";"Revisado"
"Menu";"Epi.Windows.Menu.Dialogs.SingleValueDialog";"btnCancel.Text";"Cancel";"Cancelar";"";""
"Menu";"Epi.Windows.Menu.Dialogs.SingleValueDialog";"btnOK.Text";"OK";"OK";"";"Revisado"
"Menu";"Epi.Windows.Menu.Dialogs.SingleValueDialog";"lblMessage.Text";"label1";"Rótulo1";"";"Revisado"
"Menu";"Epi.Windows.Menu.MenuMainForm";"aboutEpiInfoToolStripMenuItem.Text";"&About Epi Info™";"&Sobre o Epi Info™";"";"Revisado"
"Menu";"Epi.Windows.Menu.MenuMainForm";"activEpicomToolStripMenuItem.Text";"ActivEpi.com";"ActivEpi.com";"";""
"Menu";"Epi.Windows.Menu.MenuMainForm";"activEpicomToolStripMenuItem.ToolTipText";"ActivEpi explains concepts and methods.";"ActivEpi explica conceitos e métodos.";"";"Revisado"
"Menu";"Epi.Windows.Menu.MenuMainForm";"analyzeDataToolStripMenuItem.Text";"&Analyze Data";"&Analisar Dados";"";"Revisado"
"Menu";"Epi.Windows.Menu.MenuMainForm";"btnAnalyze.Text";"&Classic";"&Clássica";"";"Revisado"
"Menu";"Epi.Windows.Menu.MenuMainForm";"btnCreateMaps.Text";"Create &Maps";"Criar &Mapas";"";"Revisado"
"Menu";"Epi.Windows.Menu.MenuMainForm";"btnCreateReports.Text";"Create &Reports";"Criar &Relatórios";"";"Revisado"
"Menu";"Epi.Windows.Menu.MenuMainForm";"btnDashboard.Text";"&Visual Dashboard";"Painel &Visual";"";"Revisado"
"Menu";"Epi.Windows.Menu.MenuMainForm";"btnEnterData.Text";"E&nter Data";"&Inserir Dados";"";"Revisado"
"Menu";"Epi.Windows.Menu.MenuMainForm";"btnExit.Text";"E&xit";"&Sair";"";"Revisado"
"Menu";"Epi.Windows.Menu.MenuMainForm";"btnMakeView.Text";"Create &Forms";"Criar &Formulários";"";"Revisado"
"Menu";"Epi.Windows.Menu.MenuMainForm";"btnWebsite.Text";"Epi Info™ &Website";"Si&te do Epi Info™";"";"Revisado"
"Menu";"Epi.Windows.Menu.MenuMainForm";"chiSquareForTrendToolStripMenuItem1.Text";"Chi Square for Trend";"Qui-quadrado para tendência";"";"Revisado"
"Menu";"Epi.Windows.Menu.MenuMainForm";"classicToolStripMenuItem.Text";"Classic";"Clássica";"";""
"Menu";"Epi.Windows.Menu.MenuMainForm";"cohortOrCrossSectionalToolStripMenuItem.Text";"Cohort or cross-sectional";"Coorte ou transversal";"";"Revisado"
"Menu";"Epi.Windows.Menu.MenuMainForm";"communityMessageBoardToolStripMenuItem.Text";"Epi Info™ Q&&A";"Perguntas e respostas do Epi Info™";"LONGO";"Revisado"
"Menu";"Epi.Windows.Menu.MenuMainForm";"contactHelpdeskToolStripMenuItem.Text";"Contact Help Desk";"Falar com o suporte do Epi Info";"LONGO";"Revisado"
"Menu";"Epi.Windows.Menu.MenuMainForm";"contentsToolStripMenuItem.Text";"&Contents";"&Conteúdo";"";"Revisado"
"Menu";"Epi.Windows.Menu.MenuMainForm";"createMapsToolStripMenuItem.Text";"Create &Maps";"Criar &Mapas";"";"Revisado"
"Menu";"Epi.Windows.Menu.MenuMainForm";"dashboardToolStripMenuItem.Text";"Visual Dashboard";"Painel Visual";"";"Revisado"
"Menu";"Epi.Windows.Menu.MenuMainForm";"enterDataToolStripMenuItem.Text";"E&nter Data";"&Inserir Dados";"";"Revisado"
"Menu";"Epi.Windows.Menu.MenuMainForm";"epiInfoLogsToolStripMenuItem.Text";"Epi Info &Logs..";"&Logs do Epi Info…";"PONTUACAO";"Revisado"
"Menu";"Epi.Windows.Menu.MenuMainForm";"exitToolStripMenuItem.Text";"E&xit";"&Sair";"";"Revisado"
"Menu";"Epi.Windows.Menu.MenuMainForm";"fileToolStripMenuItem.Text";"&File";"&Arquivo";"";"Revisado"
"Menu";"Epi.Windows.Menu.MenuMainForm";"groupBox1.Text";"Analyze Data";"Analisar Dados";"";""
"Menu";"Epi.Windows.Menu.MenuMainForm";"helpToolStripMenuItem.Text";"&Help";"Aj&uda";"";"Revisado"
"Menu";"Epi.Windows.Menu.MenuMainForm";"makeViewToolStripMenuItem.Text";"Create &Forms";"Criar &Formulários";"";"Revisado"
"Menu";"Epi.Windows.Menu.MenuMainForm";"mnuBinomial.Text";"Binomial (proportion vs. std.)";"Binomial (proporção vs. padrão)";"";"Revisado"
"Menu";"Epi.Windows.Menu.MenuMainForm";"mnuMainMenu.Text";"menuStrip1";"menuStrip1";"";""
"Menu";"Epi.Windows.Menu.MenuMainForm";"mnuMatchedPairCaseControl.Text";"Matched pair case control study";"Estudo caso-controle pareado";"";"Revisado"
"Menu";"Epi.Windows.Menu.MenuMainForm";"mnuPoisson.Text";"Poisson (rare event vs. std.)";"Poisson (evento raro vs. padrão)";"";"Revisado"
"Menu";"Epi.Windows.Menu.MenuMainForm";"openEpicomToolStripMenuItem.Text";"OpenEpi.com";"OpenEpi.com";"";""
"Menu";"Epi.Windows.Menu.MenuMainForm";"openEpicomToolStripMenuItem.ToolTipText";"OpenEpi makes calculations.";"O OpenEpi faz cálculos.";"";"Revisado"
"Menu";"Epi.Windows.Menu.MenuMainForm";"optionsToolStripMenuItem.Text";"&Options";"&Opções";"";"Revisado"
"Menu";"Epi.Windows.Menu.MenuMainForm";"otherEpiResourcesToolStripMenuItem.Text";"Other Epi Resources";"Outros recursos epidemiológicos";"";"Revisado"
"Menu";"Epi.Windows.Menu.MenuMainForm";"populationSurveyToolStripMenuItem1.Text";"Population survey";"Inquérito populacional";"";"Revisado"
"Menu";"Epi.Windows.Menu.MenuMainForm";"sampleSizeAndPowerToolStripMenuItem1.Text";"Sample Size and Power";"Tamanho da amostra e poder";"";"Revisado"
"Menu";"Epi.Windows.Menu.MenuMainForm";"statCalcToolStripMenuItem.Text";"StatCalc";"StatCalc";"";"Revisado"
"Menu";"Epi.Windows.Menu.MenuMainForm";"tables2X22XNToolStripMenuItem.Text";"Tables (2 x 2 x n)";"Tabelas (2 x 2 x n)";"";"Revisado"
"Menu";"Epi.Windows.Menu.MenuMainForm";"toolsToolStripMenuItem.Text";"&Tools";"Ferra&mentas";"";"Revisado"
"Menu";"Epi.Windows.Menu.MenuMainForm";"toolStripMenuItemStatusBar.Text";"&Status Bar";"Barra de &status";"";"Revisado"
"Menu";"Epi.Windows.Menu.MenuMainForm";"unmatchedCasecontrolToolStripMenuItem1.Text";"Unmatched case-control";"Caso-controle não pareado";"";"Revisado"
"Menu";"Epi.Windows.Menu.MenuMainForm";"videosToolStripMenuItem.Text";"""How To"" Videos";"Vídeos ""Como fazer""";"";"Revisado"
"Menu";"Epi.Windows.Menu.MenuMainForm";"viewToolStripMenuItem.Text";"&View";"E&xibir";"";"Revisado"
"Menu";"Epi.Windows.Menu.MenuSharedStrings";"MENU_ANALYZE_DATA";"ANALYZE DATA";"ANALISAR DADOS";"";""
"Menu";"Epi.Windows.Menu.MenuSharedStrings";"MENU_CLASSIC_ANALYZE";"CLASSIC";"CLÁSSICA";"";""
"Menu";"Epi.Windows.Menu.MenuSharedStrings";"MENU_CLASSIC_ANALYZEDSCP";"Clean, transform, and analyze data with commands.";"Limpe, transforme e analise dados usando comandos.";"";"Revisado"
"Menu";"Epi.Windows.Menu.MenuSharedStrings";"MENU_CONTACT_HELP_DESK";"CONTACT HELP DESK";"FALAR COM O SUPORTE";"";"Revisado"
"Menu";"Epi.Windows.Menu.MenuSharedStrings";"MENU_CONTENT";"CONTENTS";"CONTEÚDO";"";""
"Menu";"Epi.Windows.Menu.MenuSharedStrings";"MENU_CREATE_FORMS";"CREATE FORMS";"CRIAR FORMULÁRIOS";"";""
"Menu";"Epi.Windows.Menu.MenuSharedStrings";"MENU_CREATE_FORMS_DESCP";"Create surveys or questionnaires with field validation and skip logic.";"Crie pesquisas ou questionários com validação de campos e regras de salto.";"";"Revisado"
"Menu";"Epi.Windows.Menu.MenuSharedStrings";"MENU_CREATE_MAPS";"CREATE MAPS";"CRIAR MAPAS";"";""
"Menu";"Epi.Windows.Menu.MenuSharedStrings";"MENU_CREATE_MAPS_DESCP";"Map data with coordinates, by choropleth, or dot density.";"Crie mapas por coordenadas, coropléticos ou de densidade de pontos.";"";"Revisado"
"Menu";"Epi.Windows.Menu.MenuSharedStrings";"MENU_ENTER_DATA";"ENTER DATA";"INSERIR DADOS";"";"Revisado"
"Menu";"Epi.Windows.Menu.MenuSharedStrings";"MENU_ENTER_DATA_DESCP";"Enter data, browse records, and search the database.";"Insira dados, navegue pelos registros e pesquise no banco de dados.";"";"Revisado"
"Menu";"Epi.Windows.Menu.MenuSharedStrings";"MENU_EPI_INFO_LOGS";"EPI INFO™ LOGS";"LOGS DO EPI INFO™";"";"Revisado"
"Menu";"Epi.Windows.Menu.MenuSharedStrings";"MENU_EPI_INFO_QA";"EPI INFO™ Q&A";"PERGUNTAS E RESPOSTAS";"ATALHO_PERDIDO";"Revisado"
"Menu";"Epi.Windows.Menu.MenuSharedStrings";"MENU_EXIT";"EXIT";"SAIR";"";""
"Menu";"Epi.Windows.Menu.MenuSharedStrings";"MENU_FOOTER_ABOUTEPIINFO";"VERSÃO MANTIDA POR MVML";"VERSÃO MANTIDA POR MVML";"";"Revisado"
"Menu";"Epi.Windows.Menu.MenuSharedStrings";"MENU_FOOTER_EPIINFOWEBSITE";"GITHUB";"GITHUB";"";"Revisado"
"Menu";"Epi.Windows.Menu.MenuSharedStrings";"MENU_HOW_TO_VIDEOS";"HOW TO' VIDEOS";"VÍDEOS ""COMO FAZER""";"";"Revisado"
"Menu";"Epi.Windows.Menu.MenuSharedStrings";"MENU_LANGUAGE";"LANGUAGE";"IDIOMA";"";"Revisado"
"Menu";"Epi.Windows.Menu.MenuSharedStrings";"MENU_OPTIONS";"OPTIONS";"OPÇÕES";"";""
"Menu";"Epi.Windows.Menu.MenuSharedStrings";"MENU_OTHER_RESOURCES";"OTHER EPI RESOURCES";"OUTROS RECURSOS EPI";"";""
"Menu";"Epi.Windows.Menu.MenuSharedStrings";"MENU_STATCALC";"STATCALC";"STATCALC";"";""
"Menu";"Epi.Windows.Menu.MenuSharedStrings";"MENU_STATCALC_DESCP";"Statistical calculators for sample size, power, and more.";"Calculadoras estatísticas para tamanho da amostra, poder estatístico e mais.";"";"Revisado"
"Menu";"Epi.Windows.Menu.MenuSharedStrings";"MENU_VERSION_TEXT";"VERSION:";"VERSÃO:";"";"Revisado"
"Menu";"Epi.Windows.Menu.MenuSharedStrings";"MENU_VISUALDASHBOARD";"VISUAL DASHBOARD";"PAINEL VISUAL";"";"Revisado"
"Menu";"Epi.Windows.Menu.MenuSharedStrings";"MENU_VISUALDASHBOARD_DESCP";"Visualize analytical results with gadgets, charts, and tables.";"Visualize resultados analíticos com gadgets, gráficos e tabelas.";"";"Revisado"
"StatCalc";"StatCalc.StatCalcSharedStrings";"STATCALC_CHI_SQUARE";"CHI SQUARE
FOR TREND";"QUI-QUADRADO
PARA TENDÊNCIA";"";"Revisado"
"StatCalc";"StatCalc.StatCalcSharedStrings";"STATCALC_COHORT_CROSS";"SAMPLE SIZE FOR
COHORT OR
CROSS-SECTIONAL";"TAMANHO DA AMOSTRA
PARA COORTE OU
TRANSVERSAL";"";"Revisado"
"StatCalc";"StatCalc.StatCalcSharedStrings";"STATCALC_LANGUAGE";"LANGUAGE:";"IDIOMA:";"";"Revisado"
"StatCalc";"StatCalc.StatCalcSharedStrings";"STATCALC_MATCHED_PAIR_CASE";"MATCHED PAIR
CASE CONTROL STUDY";"ESTUDO CASO-CONTROLE
DE PARES";"";"Revisado"
"StatCalc";"StatCalc.StatCalcSharedStrings";"STATCALC_POISSON_RARE";"POISSON
(RARE EVENT VS. STD)";"POISSON
(EVENTO RARO VS. PADRÃO)";"";"Revisado"
"StatCalc";"StatCalc.StatCalcSharedStrings";"STATCALC_POPULATION_BINOMIAL";"POPULATION BINOMIAL
(PROPORTION VS. STD.)";"BINOMIAL POPULACIONAL
(PROPORÇÃO VS. PADRÃO)";"";"Revisado"
"StatCalc";"StatCalc.StatCalcSharedStrings";"STATCALC_POPULATION_SURVEY";"SAMPLE SIZE FOR
POPULATION SURVEY";"TAMANHO DA AMOSTRA
PARA INQUÉRITO
POPULACIONAL";"";"Revisado"
"StatCalc";"StatCalc.StatCalcSharedStrings";"STATCALC_TABLES_22N";"TABLES (2 x 2 x N)";"TABELAS (2 x 2 x N)";"";"Revisado"
"StatCalc";"StatCalc.StatCalcSharedStrings";"STATCALC_UNMATCHED_CASE";"SAMPLE SIZE FOR
UNMATCHED
CASE-CONTROL";"TAMANHO DA AMOSTRA
PARA CASO-CONTROLE
NÃO PAREADO";"";"Revisado"
"StatCalc";"StatCalc.StatCalcSharedStrings";"STATCALC_VERSION";"VERSION:";"VERSÃO:";"";"Revisado"
"MakeView";"Epi.Windows.MakeView.Dialogs.ProjectFromExcelDialog";"$this.Text";"Create New Project from Data Dictionary";"Criar novo projeto a partir de dicionário de dados";"";"Revisado"
"MakeView";"Epi.Windows.MakeView.Dialogs.ProjectFromExcelDialog";"label1.Text";"Excel File";"Arquivo do Excel";"";"Revisado"
"MakeView";"Epi.Windows.MakeView.Dialogs.ProjectFromExcelDialog";"btnBrowseInput.Text";"Browse";"Procurar…";"PONTUACAO";"Revisado"
"MakeView";"Epi.Windows.MakeView.Dialogs.ProjectFromExcelDialog";"label2.Text";"Form Name";"Nome do formulário";"LONGO";"Revisado"
"MakeView";"Epi.Windows.MakeView.Dialogs.ProjectFromExcelDialog";"btnBrowseProjectLocation.Text";"Browse";"Procurar…";"PONTUACAO";"Revisado"
"MakeView";"Epi.Windows.MakeView.Dialogs.ProjectFromExcelDialog";"lblProjectName.Text";"Name";"Nome";"";"Revisado"
"MakeView";"Epi.Windows.MakeView.Dialogs.ProjectFromExcelDialog";"lblLocation.Text";"Location";"Local";"";"Revisado"
"MakeView";"Epi.Windows.MakeView.Dialogs.ProjectFromExcelDialog";"grpProject.Text";"New Project";"Novo projeto";"";"Revisado"
"MakeView";"Epi.Windows.MakeView.Dialogs.ProjectFromExcelDialog";"btnCancel.Text";"Cancel";"Cancelar";"";"Revisado"
"MakeView";"Epi.Windows.MakeView.Dialogs.ProjectFromExcelDialog";"btnHelp.Text";"Help";"Ajuda";"";"Revisado"
"MakeView";"Epi.Windows.MakeView.Dialogs.ProjectFromExcelDialog";"btnBuildCollectedDataConnectionString.Text";"Browse";"Procurar…";"PONTUACAO";"Revisado"
"MakeView";"Epi.Windows.MakeView.Dialogs.ProjectFromExcelDialog";"lblCollectedData.Text";"Data Repository";"Repositório de dados";"";"Revisado"
"MakeView";"Epi.Windows.MakeView.Dialogs.ProjectFromExcelDialog";"grpData.Text";"Data";"Dados";"";"Revisado"
"MakeView";"Epi.Windows.MakeView.Dialogs.ProjectFromExcelDialog";"linkLabel1.Text";"Click here to view an example.";"Clique aqui para ver um exemplo.";"";"Revisado"
"MakeView";"Epi.Windows.MakeView.Dialogs.CheckCodeCommandDialogs.IocodeDialog";"btnHelp.Text";"Help";"Ajuda";"";"Revisado"
"MakeView";"Epi.Windows.MakeView.Dialogs.CheckCodeCommandDialogs.IocodeDialog";"btnCancel.Text";"Cancel";"Cancelar";"";"Revisado"
"MakeView";"Epi.Windows.MakeView.Dialogs.CheckCodeCommandDialogs.IocodeDialog";"label1.Text";"Industry Field:";"Campo de ramo de atividade:";"";"Revisado"
"MakeView";"Epi.Windows.MakeView.Dialogs.CheckCodeCommandDialogs.IocodeDialog";"label2.Text";"Occupation Field:";"Campo de ocupação:";"";"Revisado"
"MakeView";"Epi.Windows.MakeView.Dialogs.CheckCodeCommandDialogs.IocodeDialog";"label3.Text";"Industry Code Field:";"Campo do código do ramo de atividade:";"LONGO";"Revisado"
"MakeView";"Epi.Windows.MakeView.Dialogs.CheckCodeCommandDialogs.IocodeDialog";"label4.Text";"Occupation Title Field:";"Campo do título da ocupação:";"";"Revisado"
"MakeView";"Epi.Windows.MakeView.Dialogs.CheckCodeCommandDialogs.IocodeDialog";"label5.Text";"Industry Title Field:";"Campo do título do ramo de atividade:";"";"Revisado"
"MakeView";"Epi.Windows.MakeView.Dialogs.CheckCodeCommandDialogs.IocodeDialog";"label6.Text";"Occupation Code Field:";"Campo do código da ocupação:";"";"Revisado"
"MakeView";"Epi.Windows.MakeView.Dialogs.CheckCodeCommandDialogs.IocodeDialog";"label7.Text";"Scheme Field:";"Campo do esquema:";"";"Revisado"
"MakeView";"Epi.Windows.MakeView.Dialogs.CheckCodeCommandDialogs.IocodeDialog";"$this.Text";"Iocode";"Iocode";"NAO_TRADUZIDO";"Revisado"
"MakeView";"Epi.Windows.MakeView.Dialogs.SupportedFieldTypeAndroidDialog";"btnCancel.Text";"Cancel";"Cancelar";"";"Revisado"
"MakeView";"Epi.Windows.MakeView.Dialogs.SupportedFieldTypeAndroidDialog";"buttonProceedAnyway.Text";"Proceed Anyway";"Continuar mesmo assim";"";"Revisado"
"MakeView";"Epi.Windows.MakeView.Dialogs.SupportedFieldTypeDialog";"btnCancel.Text";"Cancel";"Cancelar";"";"Revisado"
"MakeView";"Epi.Windows.MakeView.Dialogs.SupportedFieldTypeDialog";"buttonProceedAnyway.Text";"Proceed Anyway";"Continuar mesmo assim";"";"Revisado"
"MakeView";"Epi.Windows.MakeView.Dialogs.FieldDefinitionDialogs.TextFieldDefinition";"chkEncrypted.Text";"Encrypt";"Criptografar";"";"Revisado"
"MakeView";"Epi.Windows.MakeView.Forms.MakeViewMainForm";"NewProjectFromExcelMenuItem.Text";"New Project from Data Dictionary";"Novo projeto a partir de dicionário de dados";"";"Revisado"
"MakeView";"Epi.Windows.MakeView.Forms.MakeViewMainForm";"openProjectFromWebToolStripMenuItem.Text";"Open Project from Web ";"Abrir projeto da web ";"";"Revisado"
"MakeView";"Epi.Windows.MakeView.Forms.MakeViewMainForm";"makeSQLitePRJToolStripMenuItem.Text";"From Epi Info 7 project (SQLite)";"A partir de um projeto do Epi Info 7 (SQLite)";"";"Revisado"
"Enter";"Epi.Windows.Enter.Dialogs.WebEnterOptions";"$this.Text";"Cloud Data Capture Options";"Opções do Cloud Data Capture";"";"Revisado"
"Enter";"Epi.Windows.Enter.Dialogs.WebEnterOptions";"BasicRadioButton.Text";"basic";"basic";"";"Revisado"
"Enter";"Epi.Windows.Enter.Dialogs.WebEnterOptions";"groupBox1.Text";"Connect using Windows Authentication?";"Conectar usando a autenticação do Windows?";"";"Revisado"
"Enter";"Epi.Windows.Enter.Dialogs.WebEnterOptions";"groupBox2.Text";"Binding Protocol:";"Protocolo de binding:";"";"Revisado"
"Enter";"Epi.Windows.Enter.Dialogs.WebEnterOptions";"lblError.Text";"[Error Message Description]";"[Error Message Description]";"";"Revisado"
"Enter";"Epi.Windows.Enter.Dialogs.WebEnterOptions";"lblWebEnterEndPtAddr.Text";"Endpoint Address:";"Endereço do endpoint:";"";"Revisado"
"Enter";"Epi.Windows.Enter.Dialogs.WebEnterOptions";"lblWebEnterInstructions1.Text";"Contact the system administrator to provide the settings to publish forms to Cloud Data Capture.";"Entre em contato com o administrador do sistema para obter as configurações de publicação de formulários no Cloud Data Capture.";"";"Revisado"
"Enter";"Epi.Windows.Enter.Dialogs.WebEnterOptions";"lblWebEnterInstructions2.Text";"You can also update this information by clicking the ‘Cloud Data Capture’ tab under the Tools > Options.";"Você também pode atualizar essas informações clicando na guia ‘Cloud Data Capture’ em Ferramentas > Opções.";"";"Revisado"
"Enter";"Epi.Windows.Enter.Dialogs.WebEnterOptions";"NoRadioButton.Text";"No";"Não";"";"Revisado"
"Enter";"Epi.Windows.Enter.Dialogs.WebEnterOptions";"OkButton.Text";"Apply Settings";"Aplicar configurações";"";"Revisado"
"Enter";"Epi.Windows.Enter.Dialogs.WebEnterOptions";"CancelButton.Text";"Cancel";"Cancelar";"";"Revisado"
"Enter";"Epi.Windows.Enter.Dialogs.WebEnterOptions";"WsHTTpRadioButton.Text";"wsHTTP";"wsHTTP";"";"Revisado"
"Enter";"Epi.Windows.Enter.Dialogs.WebEnterOptions";"YesRadioButton.Text";"Yes (requires basic protocol)";"Sim (requer o protocolo basic)";"";"Revisado"
"Enter";"Epi.Enter.Forms.ImportPhoneDataForm";"checkboxBatchImport.Text";"Is batch import";"Importação em lote";"";"Revisado"
"Enter";"Epi.Enter.Forms.UserAuthentication";"$this.Text";"User Authentication";"Autenticação do usuário";"";"Revisado"
"Enter";"Epi.Enter.Forms.UserAuthentication";"lblEmailAddress.Text";"Email Address:";"Endereço de e-mail:";"";"Revisado"
"Enter";"Epi.Enter.Forms.UserAuthentication";"lblPassword.Text";"Password:";"Senha:";"";"Revisado"
"Enter";"Epi.Enter.Forms.UserAuthentication";"lblWebEnterLoginInstructions.Text";"Enter your email address and password to log in to Cloud Data Capture.";"Digite seu endereço de e-mail e sua senha para entrar no Cloud Data Capture.";"GLOSS:Enter (digitar)";"Revisado"
"Enter";"Epi.Enter.Forms.UserAuthentication";"lblWebEnterLoginTitle.Text";"Cloud Data Capture - Log In";"Cloud Data Capture - Entrar";"";"Revisado"
"Enter";"Epi.Enter.Forms.UserAuthentication";"LoginButton.Text";"OK";"OK";"";"Revisado"
"Analysis";"Epi.Windows.Analysis.Dialogs.AssignDialog";"gROUPROWINDEXToolStripMenuItem.Text";"GROUPROWINDEX";"GROUPROWINDEX";"";"Revisado"
"Analysis";"Epi.Windows.Analysis.Dialogs.AssignDialog";"gROUPROWINDEXToolStripMenuItem.ToolTipText";"GROUPROWINDEX( <variable> )";"GROUPROWINDEX( <variable> )";"";"Revisado"
"Analysis";"Epi.Windows.Analysis.Dialogs.AssignDialog";"sQRTtoolStripMenuItem.Text";"SQRT (square root)";"SQRT (raiz quadrada)";"";"Revisado"
"Analysis";"Epi.Windows.Analysis.Dialogs.AssignDialog";"sQRTtoolStripMenuItem.ToolTipText";"SQRT( <variable> )";"SQRT( <variable> )";"";"Revisado"
"Analysis";"Epi.Windows.Analysis.Dialogs.AssignDialog";"lAGVALUEToolStripMenuItem.Text";"LAGVALUE";"LAGVALUE";"";"Revisado"
"Analysis";"Epi.Windows.Analysis.Dialogs.AssignDialog";"lAGVALUEToolStripMenuItem.ToolTipText";"LAGVALUE( <variable> )";"LAGVALUE( <variable> )";"";"Revisado"
"Analysis";"Epi.Windows.Analysis.Dialogs.LogisticRegressionDialog";"lblLinkFunction.Text";"&Link:";"Função de &ligação:";"PT_PT;LONGO";"Revisado"
"Analysis";"Epi.Windows.Analysis.Dialogs.LogisticRegressionDialog";"checkboxLogistic.Text";"Logit (&Odds Ratios)";"Logit (razões de &chances)";"";"Revisado"
"Analysis";"Epi.Windows.Analysis.Dialogs.LogisticRegressionDialog";"checkboxLogBinomial.Text";"Log (&Risk Ratios)";"Log (razões de &risco)";"";"Revisado"
"Analysis";"Epi.Windows.Analysis.Dialogs.SetDialog";"cbxUseOptionsText.Text";"Use Options Text";"Usar texto das opções";"";"Revisado"
"Analysis";"Epi.Windows.Analysis.Dialogs.TablesDialog";"cbxOneisyes.Text";"1=Yes; 0=No";"1=Sim; 0=Não";"";"Revisado"
"Analysis";"Epi.Windows.Analysis.Dialogs.TablesDialog";"cbxShowFisher.Text";"MxN Fisher Test";"Teste de Fisher MxN";"";"Revisado"
"Analysis";"Epi.Windows.Analysis.Forms.CommandExplorer";"DELIMITER_HEADER_WARNING";"The file being read has the string ""{0}"" in it which is used by Excel to designate the delimiter. Remove this top line in the file being read or it will be used as the column names instead of the column names in the file.";"O arquivo lido contém a sequência ""{0}"", usada pelo Excel para indicar o delimitador. Remova essa primeira linha do arquivo lido; caso contrário, ela será usada como nomes de colunas no lugar dos nomes do arquivo.";"";"Revisado"
"Epi.ImportExport";"Epi.ImportExport.ProjectPackagers.PackagerStrings";"PACKAGE_CREATED";"Package Xml generated successfully.";"XML do pacote gerado com sucesso.";"";"Revisado"
"Epi.ImportExport";"Epi.ImportExport.ProjectPackagers.PackagerStrings";"ADDING_FIELD_METADATA";"Adding field metadata for form {0}...";"Adicionando metadados dos campos do formulário {0}…";"";"Revisado"
"Epi.ImportExport";"Epi.ImportExport.ProjectPackagers.PackagerStrings";"ADDING_GRID_METADATA";"Adding grid metadata for grid field {0} form {1}...";"Adicionando metadados do campo de grade {0} do formulário {1}…";"";"Revisado"
"Epi.ImportExport";"Epi.ImportExport.ProjectPackagers.PackagerStrings";"ADDING_FIELD_DATA";"Adding field data for form {0}...";"Adicionando dados dos campos do formulário {0}…";"";"Revisado"
"Epi.ImportExport";"Epi.ImportExport.ProjectPackagers.PackagerStrings";"ADDING_GRID_DATA";"Adding grid data for grid field {0} form {1}...";"Adicionando dados do campo de grade {0} do formulário {1}…";"";"Revisado"
"Epi.ImportExport";"Epi.ImportExport.ProjectPackagers.PackagerStrings";"GUID_LIST_SETUP";"Setting up GUID list for form {0}...";"Configurando a lista de GUIDs do formulário {0}…";"";"Revisado"
"Epi.ImportExport";"Epi.ImportExport.ProjectPackagers.UnpackagerStrings";"IMPORT_INITIATED";"Import initiated for data package {0} by user {1}.";"Importação iniciada para o pacote de dados {0} pelo usuário {1}.";"";"Revisado"
"Epi.ImportExport";"Epi.ImportExport.ProjectPackagers.UnpackagerStrings";"IMPORT_END";"Import completed for data package {0}.";"Importação concluída para o pacote de dados {0}.";"";"Revisado"
"Epi.ImportExport";"Epi.ImportExport.ProjectPackagers.UnpackagerStrings";"IMPORT_START_FORM";"Started importing records from package {0} into form {1}.";"Início da importação dos registros do pacote {0} para o formulário {1}.";"";"Revisado"
"Epi.ImportExport";"Epi.ImportExport.ProjectPackagers.UnpackagerStrings";"IMPORT_END_FORM";"Finished importing records from package {0} into form {1}. Records updated: {2}. Records appended: {3}.";"Fim da importação dos registros do pacote {0} para o formulário {1}. Registros atualizados: {2}. Registros acrescentados: {3}.";"";"Revisado"
"Epi.ImportExport";"Epi.ImportExport.ProjectPackagers.UnpackagerStrings";"IMPORT_FIELD_PROGRESS";"Importing field data from package ({0})...";"Importando dados de campos do pacote ({0})…";"";"Revisado"
"Epi.ImportExport";"Epi.ImportExport.ProjectPackagers.UnpackagerStrings";"IMPORT_GRID_PROGRESS";"Importing grid data from package ({0})...";"Importando dados de grade do pacote ({0})…";"";"Revisado"
"Epi.Windows";"Epi.Windows.Dialogs.OpenProjectFromWebDialog";"btnOk.Text";"OK";"OK";"";"Revisado"
"Epi.Windows";"Epi.Windows.Dialogs.OpenProjectFromWebDialog";"btnCancel.Text";"Cancel";"Cancelar";"";"Revisado"
"Epi.Windows";"Epi.Windows.Dialogs.OpenProjectFromWebDialog";"btnHelp.Text";"Help";"Ajuda";"";"Revisado"
"Epi.Windows";"Epi.Windows.Dialogs.OpenProjectFromWebDialog";"labelOrgID.Text";"Orgaization Id";"ID da organização";"";"Revisado"
"Epi.Windows";"Epi.Windows.Dialogs.OpenProjectFromWebDialog";"labelSelectSurveyId.Text";"Select Survey Id";"Selecione o ID da pesquisa";"";"Revisado"
"Epi.Windows";"Epi.Windows.Dialogs.OpenProjectFromWebDialog";"grpProject.Text";"New Project";"Novo projeto";"";"Revisado"
"Epi.Windows";"Epi.Windows.Dialogs.OpenProjectFromWebDialog";"btnBrowseProjectLocation.Text";"Browse";"Procurar…";"PONTUACAO";"Revisado"
"Epi.Windows";"Epi.Windows.Dialogs.OpenProjectFromWebDialog";"lblProjectName.Text";"Name";"Nome";"";"Revisado"
"Epi.Windows";"Epi.Windows.Dialogs.OpenProjectFromWebDialog";"lblLocation.Text";"Location";"Local";"";"Revisado"
"Epi.Windows";"Epi.Windows.Dialogs.OpenProjectFromWebDialog";"btnBuildCollectedDataConnectionString.Text";"Browse";"Procurar…";"PONTUACAO";"Revisado"
"Epi.Windows";"Epi.Windows.Dialogs.OpenProjectFromWebDialog";"lblCollectedData.Text";"Data Repository";"Repositório de dados";"";"Revisado"
"Epi.Windows";"Epi.Windows.Dialogs.OpenProjectFromWebDialog";"grpData.Text";"Data";"Dados";"";"Revisado"
"Epi.Windows";"Epi.Windows.Dialogs.OpenProjectFromWebDialog";"$this.Text";"Open Project from Web";"Abrir projeto da web";"";"Revisado"
"Epi.Windows";"Epi.Windows.Dialogs.OptionsDialog";"checkBoxSparseConnection.Text";"Offline Mode";"Modo offline";"";"Revisado"
"Epi.Windows";"Epi.Windows.Dialogs.OptionsDialog";"cbxUseOptionsText.Text";"Use Options Text";"Usar texto das opções";"";"Revisado"
"Epi.Windows";"Epi.Windows.Dialogs.OptionsDialog";"EWEgbBindingProtocol.Text";"Binding Protocol";"Protocolo de binding";"";"Revisado"
"Epi.Windows";"Epi.Windows.Dialogs.OptionsDialog";"linkIOCoding.Text";"https://www.cdc.gov/niosh/topics/coding/";"https://www.cdc.gov/niosh/topics/coding/";"NAO_TRADUZIDO";"Revisado"
"Epi.Windows";"Epi.Windows.Dialogs.OptionsDialog";"labelIOCodingInfo.Text";"For more information about industry and occupation coding, please visit the link below:";"Para mais informações sobre a codificação de ramo de atividade e ocupação, acesse o link abaixo:";"";"Revisado"
"Epi.Windows";"Epi.Windows.Dialogs.OptionsDialog";"label11.Text";"I&&O Coding Resource File:";"Arquivo de recursos de codificação I&&O:";"";"Revisado"
"Epi.Windows";"Epi.Windows.Dialogs.OptionsDialog";"groupBoxIOCoding.Text";"Industry and Occupation Coding";"Codificação de ramo de atividade e ocupação";"";"Revisado"
"Epi.Windows";"Epi.Windows.Dialogs.OptionsDialog";"tabIOCoding.Text";"I&O Coding";"Codificação I&&O";"ATALHO_PERDIDO";"Revisado"
"Epi.Core";"Epi.SharedStrings";"OUTPUT_WINDOW_PREVIOUS";"Previous";"Anterior";"";"Revisado"
"Epi.Core";"Epi.SharedStrings";"OUTPUT_WINDOW_NEXT";"Next";"Próximo";"";"Revisado"
"Epi.Core";"Epi.SharedStrings";"OUTPUT_WINDOW_LAST";"Last";"Último";"";"Revisado"
"Epi.Core";"Epi.SharedStrings";"OUTPUT_WINDOW_HISTORY";"History";"Histórico";"";"Revisado"
"Epi.Core";"Epi.SharedStrings";"OUTPUT_WINDOW_OPEN";"Open";"Abrir";"";"Revisado"
"Epi.Core";"Epi.SharedStrings";"OUTPUT_WINDOW_BOOKMARK";"Bookmark";"Marcador";"";"Revisado"
"Epi.Core";"Epi.SharedStrings";"OUTPUT_WINDOW_PRINT";"Print";"Imprimir";"";"Revisado"
"Epi.Core";"Epi.SharedStrings";"OUTPUT_WINDOW_MAXIMIZE";"Maximize";"Maximizar";"";"Revisado"
"Epi.Core";"Epi.SharedStrings";"OUTPUT_WINDOW_RESTORE";"Restore";"Restaurar";"";"Revisado"
"Epi.Core";"Epi.SharedStrings";"OUTPUT_WINDOW_CLEAR";"Clear Output";"Limpar saída";"";"Revisado"
"Epi.Core";"Epi.SharedStrings";"OUTPUT_WINDOW_TITLE";"Output";"Saída";"";"Revisado"
"Epi.Core";"Epi.SharedStrings";"OUTPUT_WINDOW_TITLE_WITH_DOCUMENT";"Analysis Output: {0}";"Saída da Análise: {0}";"";"Revisado"
"Epi.Core";"Epi.SharedStrings";"ANALYSIS_MAKE_INTERACTION";"Make Interaction";"Criar interação";"";"Revisado"
"Epi.Core";"Epi.SharedStrings";"ANALYSIS_MAKE_DUMMY";"Make Dummy";"Criar dummy";"";"Revisado"
"Epi.Core";"Epi.SharedStrings";"ANALYSIS_MAKE_CONTINUOUS";"Make Continuous";"Criar contínua";"";"Revisado"
"Epi.Core";"Epi.SharedStrings";"ANALYSIS_MATCH_VARIABLES";"Match Variables";"Variáveis de pareamento";"";"Revisado"
"Epi.Core";"Epi.SharedStrings";"ANALYSIS_STRATIFY_BY";"Stratify By";"Estratificar por";"";"Revisado"
"Epi.Core";"Epi.SharedStrings";"ANALYSIS_DISPLAY_FROM";"&From";"&De";"";"Revisado"
"Epi.Core";"Epi.SharedStrings";"ANALYSIS_DISPLAY_DATABASE_BLANK";"&Database (Blank for current)";"&Banco de dados (em branco para o atual)";"";"Revisado"
"Epi.Core";"Epi.SharedStrings";"ANALYSIS_DESTINATION_TABLE";"Destination Table";"Tabela de destino";"";"Revisado"
"Epi.Core";"Epi.SharedStrings";"ANALYSIS_DESTINATION_FILE";"Destination File";"Arquivo de destino";"";"Revisado"
"Epi.Core";"Epi.SharedStrings";"ANALYSIS_SAVE_PROGRAM";"Save Program";"Salvar programa";"";"Revisado"
"Epi.Core";"Epi.SharedStrings";"ANALYSIS_SAVE_PROGRAM_AS";"Save Program As";"Salvar programa como";"";"Revisado"
"Epi.Core";"Epi.SharedStrings";"ANALYSIS_OPEN_PROGRAM";"Open Program";"Abrir programa";"";"Revisado"
"Epi.Core";"Epi.SharedStrings";"ANALYSIS_FONT_COLOR_TOOLTIP";"Font Color {0}";"Cor da fonte {0}";"";"Revisado"
"Epi.Core";"Epi.SharedStrings";"ANALYSIS_OUTPUT_FILES_FILENAME";"Filename";"Nome do arquivo";"LONGO";"Revisado"
"Epi.Core";"Epi.SharedStrings";"ANALYSIS_OUTPUT_FILES_RESULTS";"Results";"Resultados";"";"Revisado"
"Epi.Core";"Epi.SharedStrings";"ANALYSIS_OUTPUT_FILES_SIZE_KB";"Size(KB)";"Tamanho (KB)";"";"Revisado"
"Epi.Core";"Epi.SharedStrings";"ANALYSIS_OUTPUT_FILES_LAST_MODIFIED";"Last Modified";"Última modificação";"";"Revisado"
"Epi.Core";"Epi.SharedStrings";"OPEN_WEB_PROJECT_MODE";"Mode";"Modo";"";"Revisado"
"Epi.Core";"Epi.SharedStrings";"OPEN_WEB_PROJECT_START_DATE";"Start Date";"Início";"";"Revisado"
"Epi.Core";"Epi.SharedStrings";"OPEN_WEB_PROJECT_CLOSE_DATE";"Close Date";"Término";"";"Revisado"
"Epi.Core";"Epi.SharedStrings";"OPEN_WEB_PROJECT_ID";"Id";"ID";"";"Revisado"
"Epi.Core";"Epi.SharedStrings";"OPEN_WEB_PROJECT_NAME";"Name";"Nome";"";"Revisado"
"Epi.Core";"Epi.SharedStrings";"TEMPLATE_TEMPLATE_NAME";"Template Name";"Nome do modelo";"";"Revisado"
"Epi.Core";"Epi.SharedStrings";"TEMPLATE_CREATION_DATE";"Creation Date";"Data de criação";"";"Revisado"
"Epi.Core";"Epi.SharedStrings";"TEMPLATE_DESCRIPTION";"Description";"Descrição";"";"Revisado"
"Epi.Core";"Epi.SharedStrings";"TEMPLATE_PATH";"Path";"Caminho";"";"Revisado"
"Epi.Core";"Epi.SharedStrings";"TABLE_TO_FORM_CANCELLING";"Cancelling...";"Cancelando…";"";"Revisado"
"Epi.Core";"Epi.SharedStrings";"IMPORT_PREFIX_PROJECT";"Project";"Projeto";"";"Revisado"
"Epi.Core";"Epi.SharedStrings";"TABLE_TO_FORM_TITLE";"Table-to-Form";"Tabela para Formulário";"";"Revisado"
"Epi.Core";"Epi.SharedStrings";"TABLE_TO_FORM_CONVERT";"&Convert";"&Converter";"";"Revisado"
"Epi.Core";"Epi.SharedStrings";"TABLE_TO_FORM_CANCEL";"&Cancel";"&Cancelar";"";"Revisado"
"Epi.Core";"Epi.SharedStrings";"TABLE_TO_FORM_FORM_NAME";"Form Name:";"Nome do formulário:";"LONGO";"Revisado"
"Epi.Core";"Epi.SharedStrings";"TABLE_TO_FORM_TABLE_NAME";"Table Name:";"Nome da tabela:";"";"Revisado"
"Epi.Core";"Epi.SharedStrings";"TABLE_TO_FORM_ADD_LIST_SOURCE_TABLE";"Add List Source Table";"Adicionar tabela de origem da lista";"";"Revisado"
"Epi.Core";"Epi.SharedStrings";"TABLE_TO_FORM_SET_FIELD_FONT";"Set Field Font";"Definir fonte do campo";"";"Revisado"
"Epi.Core";"Epi.SharedStrings";"TABLE_TO_FORM_SET_PROMPT_FONT";"Set Prompt Font";"Definir fonte do rótulo";"";"Revisado"
"Epi.Core";"Epi.SharedStrings";"TABLE_TO_FORM_COL_IMPORT";"Import";"Importar";"";"Revisado"
"Epi.Core";"Epi.SharedStrings";"TABLE_TO_FORM_COL_COLUMN_NAME";"Column Name";"Nome da coluna";"";"Revisado"
"Epi.Core";"Epi.SharedStrings";"TABLE_TO_FORM_COL_FIELD_NAME";"Field Name";"Nome do campo";"";"Revisado"
"Epi.Core";"Epi.SharedStrings";"TABLE_TO_FORM_COL_PROMPT";"Prompt";"Rótulo";"";"Revisado"
"Epi.Core";"Epi.SharedStrings";"TABLE_TO_FORM_COL_COLUMN_TYPE";"Column Type";"Tipo da coluna";"";"Revisado"
"Epi.Core";"Epi.SharedStrings";"TABLE_TO_FORM_COL_FIELD_TYPE";"Field Type";"Tipo do campo";"";"Revisado"
"Epi.Core";"Epi.SharedStrings";"TABLE_TO_FORM_COL_PAGE";"Page";"Página";"";"Revisado"
"Epi.Core";"Epi.SharedStrings";"TABLE_TO_FORM_COL_TAB";"Tab";"Tabulação";"";"Revisado"
"Epi.Core";"Epi.SharedStrings";"TABLE_TO_FORM_COL_TAB_STOP";"Tab Stop";"Parada de tabulação";"LONGO";"Revisado"
"Epi.Core";"Epi.SharedStrings";"TABLE_TO_FORM_COL_READ_ONLY";"Read Only";"Somente leitura";"";"Revisado"
"Epi.Core";"Epi.SharedStrings";"TABLE_TO_FORM_COL_REQUIRED";"Required";"Obrigatório";"";"Revisado"
"Epi.Core";"Epi.SharedStrings";"TABLE_TO_FORM_COL_REPEAT_LAST";"Repeat Last";"Repetir o último";"";"Revisado"
"Epi.Core";"Epi.SharedStrings";"TABLE_TO_FORM_COL_RANGE";"Range";"Intervalo";"";"Revisado"
"Epi.Core";"Epi.SharedStrings";"TABLE_TO_FORM_COL_LOWER";"Lower";"Mínimo";"";"Revisado"
"Epi.Core";"Epi.SharedStrings";"TABLE_TO_FORM_COL_UPPER";"Upper";"Máximo";"";"Revisado"
"Menu";"Epi.Windows.Menu.MenuSharedStrings";"MENU_SYNC_TO_FILE";"SYNC TO FILE";"SINCRONIZAR ARQUIVO";"";"Revisado"
"Menu";"Epi.Windows.Menu.MenuSharedStrings";"MENU_ADDITIONAL_OPTIONS";"Additional Menu Options";"Mais opções do menu";"";"Revisado"
"StatCalc";"StatCalc.StatCalcSharedStrings";"STATCALC_FOOTER_WEBSITE";"EPI INFO™ WEBSITE";"SITE DO EPI INFO™";"";"Revisado"
"StatCalc";"StatCalc.StatCalcSharedStrings";"STATCALC_FOOTER_ABOUT";"ABOUT EPI INFO™";"SOBRE O EPI INFO™";"";"Revisado"
"EpiDashboard";"EpiDashboard.DashboardSharedStrings";"GADGET_COMBINE_MODE_AUTOMATIC";"Automatic";"Automático";"";"Revisado"
"EpiDashboard";"EpiDashboard.DashboardSharedStrings";"GADGET_COMBINE_MODE_BOOLEAN";"Boolean";"Booleano";"";"Revisado"
"EpiDashboard";"EpiDashboard.DashboardSharedStrings";"GADGET_COMBINE_MODE_CATEGORICAL";"Categorical";"Categórico";"";"Revisado"
"Epi.Core";"Epi.SharedStrings";"ANALYSIS_TABLES_TITLE";"Tables";"Tabelas";"";"Revisado"
"Epi.Core";"Epi.SharedStrings";"ANALYSIS_MATCH_TITLE";"Match";"Pareamento";"";"Revisado"
"Epi.Core";"Epi.SharedStrings";"ANALYSIS_READ_GROUP_VIEWS";"Epi Info Views";"Formulários do Epi Info";"";"Revisado"
"Epi.Core";"Epi.SharedStrings";"ANALYSIS_READ_GROUP_FORMS";"Epi Info Forms";"Formulários do Epi Info";"";"Revisado"
"Epi.Core";"Epi.SharedStrings";"ANALYSIS_READ_GROUP_TABLES";"Tables";"Tabelas";"";"Revisado"
"Epi.Core";"Epi.SharedStrings";"ANALYSIS_READ_TYPE_VIEW";"View";"Formulário";"GLOSS:View (menu)";"Revisado"
"Epi.Core";"Epi.SharedStrings";"ANALYSIS_READ_TYPE_TABLE";"Table";"Tabela";"";"Revisado"
